Wall time,Step,Value
1687982816.3144171,0,0.81760573387146
1687982820.3119116,1,0.8821789622306824
1687982824.18125,2,0.8892467021942139
1687982828.065419,3,0.8922812938690186
1687982831.9469726,4,0.8940548896789551
1687982835.741271,5,0.8943725824356079
1687982839.667679,6,0.8944315910339355
1687982843.5421157,7,0.8952587246894836
1687982847.5145118,8,0.8950914144515991
1687982851.4610443,9,0.8949325084686279
1687982855.3715904,10,0.8951409459114075
1687982859.53146,11,0.8950496912002563
1687982863.5352297,12,0.894290566444397
1687982867.5454807,13,0.8939392566680908
1687982871.4741228,14,0.8939245939254761
1687982875.377362,15,0.8943403363227844
1687982879.3277295,16,0.8945476412773132
1687982883.1741676,17,0.894417405128479
1687982886.9886816,18,0.8929923176765442
1687982890.8744025,19,0.8939239382743835
1687982894.6190345,20,0.8935518264770508
1687982898.6647964,21,0.8940774202346802
1687982902.8533177,22,0.8930961489677429
1687982906.8612876,23,0.8940383195877075
1687982910.8703632,24,0.8929482102394104
1687982914.9233015,25,0.8936271071434021
1687982918.9034908,26,0.8940510153770447
1687982922.891775,27,0.8937386274337769
1687982926.8865921,28,0.8941253423690796
1687982930.7913537,29,0.893452525138855
1687982934.8455772,30,0.8941994905471802
