Wall time,Step,Value
1687988893.1062796,0,0.86018306016922
1687988964.807759,1,0.8708056211471558
1687989024.16628,2,0.8752493262290955
1687989083.7635522,3,0.8760577440261841
1687989146.622617,4,0.8757967948913574
1687989207.8556395,5,0.8777105212211609
1687989267.9289708,6,0.8753064870834351
1687989326.3334613,7,0.8774357438087463
1687989384.578022,8,0.8766401410102844
1687989447.0215816,9,0.876164436340332
1687989506.8782978,10,0.8758176565170288
1687989570.0438266,11,0.8755571842193604
1687989632.1450808,12,0.8758993148803711
1687989693.206202,13,0.8756541013717651
1687989752.5599906,14,0.8741865158081055
1687989815.8239832,15,0.8749877214431763
1687989877.2351518,16,0.8739273548126221
1687989935.911236,17,0.8747328519821167
1687989993.2148943,18,0.8732467889785767
1687990055.872189,19,0.873287558555603
1687990114.885336,20,0.8741928339004517
1687990178.7095208,21,0.874721109867096
1687990239.2208767,22,0.8741768598556519
1687990298.6269557,23,0.8742282390594482
1687990358.7000377,24,0.8737656474113464
1687990415.581863,25,0.873467743396759
1687990457.5210037,26,0.8739801645278931
1687990500.3469477,27,0.8738440275192261
1687990541.5330732,28,0.873446524143219
1687990574.2292879,29,0.8735215067863464
1687990607.2662666,30,0.8737744688987732
