Wall time,Step,Value
1688030955.1049783,0,0.8027480840682983
1688030960.0948348,1,0.8876522779464722
1688030964.6640215,2,0.8888549208641052
1688030969.4028647,3,0.8950960636138916
1688030974.046806,4,0.8941166400909424
1688030978.3517191,5,0.8962001204490662
1688030983.392512,6,0.895200788974762
1688030988.0887172,7,0.8957637548446655
1688030992.6420698,8,0.8952153921127319
1688030997.4116657,9,0.895132839679718
1688031002.4388175,10,0.8946658372879028
1688031007.0918727,11,0.8950480818748474
1688031011.3045576,12,0.8944581747055054
1688031016.3132584,13,0.8942241668701172
1688031021.1711142,14,0.8948307633399963
1688031026.0870502,15,0.8945998549461365
1688031033.8523273,16,0.8939854502677917
1688031041.5020337,17,0.8942373991012573
1688031047.8467615,18,0.8938701748847961
1688031054.701904,19,0.8936541676521301
1688031063.2268026,20,0.8943875432014465
1688031075.3323715,21,0.893837034702301
1688031085.6633885,22,0.8943738341331482
1688031099.4626157,23,0.894619345664978
1688031116.2939925,24,0.8942217230796814
1688031127.8880963,25,0.8943427801132202
1688031144.4012349,26,0.8946322798728943
1688031161.9095006,27,0.8938241600990295
1688031177.3023884,28,0.8937131762504578
1688031197.0893111,29,0.8944756388664246
1688031218.8958404,30,0.8928058743476868
