Wall time,Step,Value
1688031251.939693,0,0.8504310846328735
1688031319.2254503,1,0.8614928722381592
1688031383.6787539,2,0.8739603757858276
1688031443.580993,3,0.8751593232154846
1688031506.20031,4,0.8751471638679504
1688031574.9288332,5,0.8751662969589233
1688031641.6708493,6,0.8758955597877502
1688031703.350439,7,0.8756199479103088
1688031764.126845,8,0.8752226233482361
1688031829.821737,9,0.8747557401657104
1688031892.9647996,10,0.8746066093444824
1688031956.6941593,11,0.8743318319320679
1688032019.3770945,12,0.8744783997535706
1688032081.4498656,13,0.8740918040275574
1688032151.1289258,14,0.8744136691093445
1688032217.7309248,15,0.8734546899795532
1688032278.7731466,16,0.873747706413269
1688032341.3387423,17,0.8731454014778137
1688032404.8349903,18,0.8733494281768799
1688032469.6292279,19,0.8732105493545532
1688032534.6180186,20,0.873710572719574
1688032600.3533902,21,0.8741995096206665
1688032668.752064,22,0.8737637400627136
1688032734.5551653,23,0.8736664652824402
1688032798.9326837,24,0.8735143542289734
1688032866.196991,25,0.873124897480011
1688032928.8536353,26,0.8727494478225708
1688032997.9350655,27,0.8729841709136963
1688033062.2801473,28,0.8729638457298279
1688033113.9959137,29,0.8727805018424988
1688033150.7390456,30,0.8728550672531128
