Wall time,Step,Value
1688030794.888267,0,0.8027480840682983
1688030799.691062,1,0.8823646903038025
1688030804.1882706,2,0.8911833167076111
1688030808.9435093,3,0.8947780728340149
1688030813.626723,4,0.893897294998169
1688030818.090471,5,0.8956542611122131
1688030822.9335945,6,0.8956043720245361
1688030827.7220397,7,0.8948888778686523
1688030832.538093,8,0.8948412537574768
1688030837.3591437,9,0.8949419856071472
1688030841.9396567,10,0.8943530917167664
1688030846.540587,11,0.8945342302322388
1688030851.0570714,12,0.8940800428390503
1688030855.7993953,13,0.8941290974617004
1688030860.5453053,14,0.8936136364936829
1688030865.4202874,15,0.8938549160957336
1688030869.8762753,16,0.8934763669967651
1688030874.848772,17,0.8939396739006042
1688030879.530684,18,0.8936671614646912
1688030883.7857935,19,0.8925936818122864
1688030888.565959,20,0.8939325213432312
1688030893.0294707,21,0.8931953310966492
1688030897.7954328,22,0.892996072769165
1688030902.2887008,23,0.8932759761810303
1688030907.1130633,24,0.8934779763221741
1688030912.0050383,25,0.8928477168083191
1688030916.1271348,26,0.8934339284896851
1688030920.917846,27,0.8932722806930542
1688030925.7910662,28,0.8924622535705566
1688030930.649214,29,0.8932967185974121
1688030935.2620842,30,0.8929414749145508
