Wall time,Step,Value
1690381202.8068085,0,0.9085522890090942
1690381214.4582207,1,0.910283625125885
1690381226.9954567,2,0.9141435027122498
1690381239.7338803,3,0.9141429662704468
1690381251.1419675,4,0.9149671196937561
1690381268.6827133,5,0.9153701663017273
1690381282.2080872,6,0.913600504398346
1690381297.6099234,7,0.9165822267532349
1690381317.9857094,8,0.9141107797622681
1690381338.7724752,9,0.9155747294425964
1690381355.0943344,10,0.9137856364250183
1690381373.9800174,11,0.9157026410102844
1690381391.1237245,12,0.9139346480369568
1690381408.722293,13,0.9158876538276672
1690381423.199149,14,0.9141779541969299
1690381440.0229368,15,0.9158223271369934
1690381459.0909681,16,0.9144895076751709
1690381479.6163166,17,0.9154155850410461
1690381495.9620805,18,0.9146525859832764
1690381510.404583,19,0.9151610136032104
1690381524.7185495,20,0.9147631525993347
1690381540.6958125,21,0.9148922562599182
1690381555.412987,22,0.9148886203765869
1690381570.7294297,23,0.9146644473075867
1690381587.5078027,24,0.9147180914878845
1690381603.7084532,25,0.9145544171333313
1690381618.4622493,26,0.9145650863647461
1690381636.501802,27,0.9146202802658081
1690381652.4853227,28,0.9145044684410095
1690381665.987404,29,0.914487898349762
1690381679.3179257,30,0.9144680500030518
