Wall time,Step,Value
1690381311.2902353,0,0.9085522890090942
1690381325.8639338,1,0.9019542336463928
1690381338.6420903,2,0.9058887362480164
1690381354.7645347,3,0.9104229807853699
1690381368.0751262,4,0.910085916519165
1690381382.38223,5,0.9112326502799988
1690381399.1180472,6,0.9122410416603088
1690381413.9845202,7,0.9128816723823547
1690381432.6257787,8,0.9128657579421997
1690381452.2523582,9,0.9138610363006592
1690381465.9307468,10,0.9141766428947449
1690381483.7336738,11,0.9137852787971497
1690381499.7478192,12,0.9137948751449585
1690381519.4270864,13,0.9137877821922302
1690381534.4898992,14,0.913956344127655
1690381551.006521,15,0.9139490723609924
1690381566.9052465,16,0.9138151407241821
1690381579.4665043,17,0.9136504530906677
1690381595.1177924,18,0.9135552644729614
1690381610.1496737,19,0.9137557744979858
1690381628.2071702,20,0.913435697555542
1690381641.5904384,21,0.9135550856590271
1690381657.9493093,22,0.9134606719017029
1690381676.957577,23,0.9133763909339905
1690381690.0457766,24,0.9134055376052856
1690381702.132093,25,0.9133474230766296
1690381714.4820898,26,0.9133221507072449
1690381726.0981796,27,0.9133135676383972
1690381736.84882,28,0.913241446018219
1690381746.551611,29,0.9132398366928101
1690381754.5726972,30,0.9132351875305176
