Wall time,Step,Value
1690378589.5461671,0,0.8985151052474976
1690378646.7084775,1,0.9064471125602722
1690378726.6440213,2,0.9166339635848999
1690378827.4281898,3,0.9187765121459961
1690378929.2591932,4,0.9155093431472778
1690378974.1688123,5,0.917275071144104
1690379024.5478091,6,0.9187470078468323
1690379111.716444,7,0.9175072908401489
1690379231.9022925,8,0.9171417355537415
1690379330.7588444,9,0.9188459515571594
1690379435.5581217,10,0.9176921844482422
1690379565.411891,11,0.9175435900688171
1690379712.0073688,12,0.9174618721008301
1690379821.7262537,13,0.9184417724609375
1690379887.783388,14,0.9179543256759644
1690379970.0855634,15,0.9178617000579834
1690380030.3548265,16,0.9172142148017883
1690380122.6957798,17,0.9177311062812805
1690380204.0029843,18,0.9180582761764526
1690380294.3243663,19,0.9175279140472412
1690380405.6612866,20,0.9172714352607727
1690380488.5404253,21,0.917450487613678
1690380548.3740606,22,0.9176022410392761
1690380587.0925126,23,0.9173818230628967
1690380619.970678,24,0.9172379970550537
1690380653.4137287,25,0.917114794254303
1690380683.322967,26,0.917145848274231
1690380715.666777,27,0.9170887470245361
1690380746.785343,28,0.9171638488769531
1690380778.8344796,29,0.9170981645584106
1690380810.535329,30,0.9170801043510437
