Wall time,Step,Value
1690378563.1389456,0,0.8985151052474976
1690378604.4708118,1,0.9101848006248474
1690378645.5312312,2,0.9146999716758728
1690378701.6184788,3,0.9165785312652588
1690378772.1767967,4,0.9145221710205078
1690378894.7385616,5,0.9170653820037842
1690379013.8907392,6,0.9168378710746765
1690379062.0491197,7,0.9160575270652771
1690379146.0835738,8,0.9164915680885315
1690379183.90276,9,0.9163861274719238
1690379272.8324537,10,0.915550708770752
1690379328.500883,11,0.915869951248169
1690379370.4618752,12,0.9160788059234619
1690379488.992291,13,0.9155348539352417
1690379653.8856192,14,0.9155225157737732
1690379692.0621252,15,0.9157524108886719
1690379737.8056922,16,0.9151023030281067
1690379777.1354017,17,0.9152114987373352
1690379869.6118035,18,0.9153191447257996
1690379958.1886935,19,0.9151306748390198
1690380017.0292897,20,0.915090799331665
1690380061.3974535,21,0.9150781035423279
1690380154.3632898,22,0.915101945400238
1690380222.6004844,23,0.9149918556213379
1690380267.8383641,24,0.914917528629303
1690380315.2793677,25,0.9148767590522766
1690380435.0321636,26,0.914900004863739
1690380465.2106788,27,0.9149169325828552
1690380495.5997708,28,0.9148842096328735
1690380568.032914,29,0.9148546457290649
1690380604.0888395,30,0.9148181080818176
