Wall time,Step,Value
1690378646.7078197,0,0.8985151052474976
1690378725.0188577,1,0.9087476134300232
1690378812.064892,2,0.9150035381317139
1690378851.6760323,3,0.9172027111053467
1690378990.909033,4,0.9187251329421997
1690379115.4671261,5,0.9193000793457031
1690379161.1759992,6,0.91746586561203
1690379306.5918915,7,0.9196087718009949
1690379433.9197571,8,0.919651210308075
1690379504.5752475,9,0.9194064140319824
1690379546.4851418,10,0.9198993444442749
1690379603.0767634,11,0.9197620749473572
1690379725.5345747,12,0.9196804165840149
1690379839.4643874,13,0.9196539521217346
1690379881.2788157,14,0.9195432662963867
1690379985.2748234,15,0.9195994138717651
1690380081.627486,16,0.9195453524589539
1690380123.436379,17,0.919461190700531
1690380214.291253,18,0.9193984866142273
1690380333.9375682,19,0.9193589687347412
1690380422.2668426,20,0.9193417429924011
1690380544.83275,21,0.9193152785301208
1690380583.367388,22,0.9193138480186462
1690380614.3314521,23,0.9192726016044617
1690380645.2994695,24,0.9192219972610474
1690380677.873396,25,0.9192106127738953
1690380710.2693355,26,0.9191853404045105
1690380740.737473,27,0.9191930890083313
1690380769.9904902,28,0.919180691242218
1690380797.067787,29,0.9191696643829346
1690380825.055246,30,0.9191583395004272
