Wall time,Step,Value
1690025556.398908,0,0.8504575490951538
1690025595.7936015,1,0.8743497133255005
1690025636.1065714,2,0.8773247003555298
1690025675.441953,3,0.8806967735290527
1690025714.361829,4,0.8782926797866821
1690025752.8345523,5,0.8798245787620544
1690025794.7300823,6,0.8803341388702393
1690025832.5052063,7,0.8802071809768677
1690025872.5826972,8,0.880450963973999
1690025913.8828619,9,0.8799759149551392
1690025955.1581428,10,0.8799164295196533
1690025992.3153324,11,0.8799965381622314
1690026030.1286306,12,0.8797357082366943
1690026067.3665063,13,0.8795392513275146
1690026105.2153454,14,0.8795074820518494
1690026140.1297174,15,0.8794460296630859
1690026175.8972428,16,0.8791799545288086
1690026214.504354,17,0.87928307056427
1690026252.829153,18,0.8789876699447632
1690026292.386986,19,0.8788381218910217
1690026329.3404472,20,0.8787436485290527
1690026369.2156317,21,0.8786801695823669
1690026406.1540926,22,0.8786159157752991
1690026438.792347,23,0.8784934282302856
1690026471.2668505,24,0.878432035446167
1690026505.11072,25,0.8784044981002808
1690026533.0915177,26,0.8783349990844727
1690026559.339131,27,0.8783060908317566
1690026586.5329056,28,0.8782408833503723
1690026613.0837355,29,0.8782206177711487
1690026636.61367,30,0.8782011270523071
