Wall time,Step,Value
1690025595.2565768,0,0.8504575490951538
1690025635.4141655,1,0.8764644861221313
1690025675.9532375,2,0.8782942891120911
1690025713.3804371,3,0.8801247477531433
1690025751.7968814,4,0.8784075975418091
1690025788.5716918,5,0.8823516368865967
1690025825.9281723,6,0.883033275604248
1690025866.3017313,7,0.8812508583068848
1690025905.8393717,8,0.8828389644622803
1690025946.0058308,9,0.8822404742240906
1690025986.7140768,10,0.8817717432975769
1690026025.8890252,11,0.88215571641922
1690026063.835493,12,0.8824144005775452
1690026101.619995,13,0.88170325756073
1690026138.4466345,14,0.88202303647995
1690026174.705454,15,0.8815938234329224
1690026214.726924,16,0.8819539546966553
1690026254.0353014,17,0.8812617063522339
1690026294.976169,18,0.8815304636955261
1690026332.6755815,19,0.8810669779777527
1690026371.2381911,20,0.8812140226364136
1690026406.9136634,21,0.8811060190200806
1690026439.271335,22,0.881044328212738
1690026472.608445,23,0.8809492588043213
1690026506.4075687,24,0.8807137608528137
1690026535.7378109,25,0.8808683753013611
1690026563.217626,26,0.8808892369270325
1690026592.3381927,27,0.8807026743888855
1690026619.9839125,28,0.8806815147399902
1690026641.5166438,29,0.8806878924369812
1690026657.9910645,30,0.8806489109992981
