Wall time,Step,Value
1690378614.7526212,0,0.8985151052474976
1690378667.6922896,1,0.9156705737113953
1690378728.0729208,2,0.9160083532333374
1690378762.1474495,3,0.9171808362007141
1690378799.7489843,4,0.9174783825874329
1690378887.328354,5,0.9179676175117493
1690378998.5032074,6,0.9171885848045349
1690379037.0430737,7,0.9178338050842285
1690379082.1165595,8,0.9177988171577454
1690379126.995032,9,0.9171139001846313
1690379265.5574248,10,0.9175726175308228
1690379302.9652348,11,0.9175682067871094
1690379347.0710337,12,0.9171483516693115
1690379391.1493742,13,0.917187511920929
1690379522.9069607,14,0.9174416065216064
1690379574.0292354,15,0.9169722199440002
1690379621.0980058,16,0.9169566035270691
1690379678.4024615,17,0.9171948432922363
1690379743.4091678,18,0.9169816374778748
1690379796.7475765,19,0.9168029427528381
1690379837.151196,20,0.9169431924819946
1690379874.4877145,21,0.916813313961029
1690379952.9007273,22,0.9167784452438354
1690379997.5746512,23,0.9168358445167542
1690380036.338788,24,0.9167851209640503
1690380116.9287064,25,0.9166998863220215
1690380152.6325524,26,0.9167066216468811
1690380236.282656,27,0.9167011380195618
1690380281.6022937,28,0.9166646003723145
1690380322.7751093,29,0.9166259765625
1690380375.7240045,30,0.9166587591171265
