Wall time,Step,Value
1690375273.49031,0,0.8872364163398743
1690375319.7319574,1,0.9140705466270447
1690375427.7973645,2,0.9039791822433472
1690375487.5425642,3,0.9048295617103577
1690375532.1716213,4,0.9104591012001038
1690375573.1826544,5,0.9106526970863342
1690375667.2114902,6,0.9124703407287598
1690375775.8981688,7,0.9111897945404053
1690375828.5924375,8,0.9117584824562073
1690375884.758977,9,0.9124628901481628
1690375924.925839,10,0.9128226041793823
1690376043.0745792,11,0.9112311601638794
1690376095.7146978,12,0.9117912650108337
1690376143.8207693,13,0.9119251370429993
1690376183.1079707,14,0.9130524396896362
1690376221.3394828,15,0.9119510054588318
1690376265.5963821,16,0.9122746586799622
1690376337.5392115,17,0.9130841493606567
1690376434.1530447,18,0.9120245575904846
1690376477.0784807,19,0.9117070436477661
1690376524.3010924,20,0.9123755097389221
1690376567.1785495,21,0.9120866656303406
1690376604.9534254,22,0.9121004939079285
1690376673.042773,23,0.9120084643363953
1690376779.1172535,24,0.9120137691497803
1690376877.1794405,25,0.9118751883506775
1690376924.4135644,26,0.9120262265205383
1690376966.4484873,27,0.9119272828102112
1690377008.559636,28,0.9119272828102112
1690377049.9028168,29,0.9119151830673218
1690377091.8909605,30,0.9118506908416748
