Wall time,Step,Value
1690456703.2580514,0,0.9084563851356506
1690456710.6566536,1,0.910785436630249
1690456734.167744,2,0.9128229022026062
1690456743.3561528,3,0.9113531112670898
1690456752.337823,4,0.9132307171821594
1690456771.0024772,5,0.9137821793556213
1690456778.4699104,6,0.9140456318855286
1690456786.1975236,7,0.9127890467643738
1690456793.1978369,8,0.914178729057312
1690456810.328267,9,0.9137715697288513
1690456827.0222092,10,0.9128458499908447
1690456836.9520133,11,0.9137591123580933
1690456855.247517,12,0.9127206802368164
1690456861.8562052,13,0.9127655029296875
1690456869.5033898,14,0.9137285947799683
1690456888.2251112,15,0.9124864339828491
1690456901.5768933,16,0.9130646586418152
1690456912.3802662,17,0.9132170081138611
1690456923.2487314,18,0.9129276871681213
1690456934.9648077,19,0.9129325151443481
1690456940.983496,20,0.9130812287330627
1690456961.188778,21,0.9127671122550964
1690456968.9213936,22,0.9128105044364929
1690456976.593241,23,0.9125208258628845
1690456983.1962137,24,0.9126647114753723
1690456997.3313715,25,0.9127004146575928
1690457006.5623903,26,0.9128066301345825
1690457011.8907163,27,0.9126794934272766
1690457021.9151092,28,0.9125826358795166
1690457032.946928,29,0.9125342965126038
1690457045.2357886,30,0.9125862717628479
