Wall time,Step,Value
1690375213.822392,0,0.8872364163398743
1690375278.855754,1,0.9093664884567261
1690375340.704709,2,0.9117727875709534
1690375436.2047942,3,0.9098334908485413
1690375487.273297,4,0.913299560546875
1690375532.5427172,5,0.9131302833557129
1690375582.7439358,6,0.9123372435569763
1690375622.3395917,7,0.9141045212745667
1690375709.1560197,8,0.9131591320037842
1690375821.178265,9,0.9131327271461487
1690375870.0263972,10,0.9134426116943359
1690375996.842298,11,0.9134265184402466
1690376031.5912786,12,0.9134507179260254
1690376085.3971918,13,0.9135231971740723
1690376131.815935,14,0.9131602048873901
1690376217.9694204,15,0.91312575340271
1690376264.1522381,16,0.9130471348762512
1690376294.5230603,17,0.9129372239112854
1690376372.7754703,18,0.9128522276878357
1690376410.6267025,19,0.9129269123077393
1690376458.533034,20,0.9129474759101868
1690376506.2528856,21,0.9128355383872986
1690376555.963722,22,0.9126996397972107
1690376596.4120576,23,0.9127820134162903
1690376675.965101,24,0.9126554727554321
1690376730.8178945,25,0.9125970005989075
1690376769.5273757,26,0.9126553535461426
1690376809.8771725,27,0.9125798344612122
1690376879.3070614,28,0.9125595688819885
1690376935.6908536,29,0.9125338196754456
1690376982.2022738,30,0.9125486016273499
