Wall time,Step,Value
1690025520.2215421,0,0.8504575490951538
1690025553.0967789,1,0.8738053441047668
1690025596.4893079,2,0.8794276714324951
1690025636.3646598,3,0.881091296672821
1690025677.2868762,4,0.8817600011825562
1690025713.3960607,5,0.8825920224189758
1690025753.0429723,6,0.8826882839202881
1690025790.6694741,7,0.8830264210700989
1690025826.798383,8,0.8827955722808838
1690025866.7297726,9,0.8823736906051636
1690025906.2236009,10,0.8826688528060913
1690025949.558387,11,0.8826091289520264
1690025990.95995,12,0.8823344111442566
1690026030.2053251,13,0.8824130892753601
1690026068.6346948,14,0.882253885269165
1690026108.1013353,15,0.8821907639503479
1690026148.3946857,16,0.8817525506019592
1690026189.133285,17,0.881822943687439
1690026225.223562,18,0.8815746903419495
1690026263.4754362,19,0.8815779685974121
1690026299.3079076,20,0.8814504146575928
1690026338.5729077,21,0.8812847137451172
1690026379.8664932,22,0.8812420964241028
1690026410.2487736,23,0.881203830242157
1690026446.012443,24,0.881084144115448
1690026477.830561,25,0.8810431957244873
1690026512.312336,26,0.8809947371482849
1690026538.6855454,27,0.8809769153594971
1690026566.816006,28,0.8809414505958557
1690026594.149175,29,0.8808944225311279
1690026620.0346255,30,0.8808448910713196
