Wall time,Step,Value
1690375218.1307325,0,0.8872364163398743
1690375325.6337607,1,0.9142240285873413
1690375418.2796767,2,0.9150930047035217
1690375476.5604658,3,0.9148973822593689
1690375548.1585424,4,0.9147008061408997
1690375661.8654633,5,0.9152640104293823
1690375771.8870702,6,0.9163805842399597
1690375872.9120705,7,0.916942298412323
1690376012.182642,8,0.9159959554672241
1690376055.9540179,9,0.9182239770889282
1690376145.5514047,10,0.9162828326225281
1690376196.4939837,11,0.9176482558250427
1690376272.4299622,12,0.917631208896637
1690376364.9138217,13,0.9174333810806274
1690376422.895717,14,0.9175558686256409
1690376503.338968,15,0.917620062828064
1690376576.1977098,16,0.9171368479728699
1690376656.802546,17,0.9175146818161011
1690376753.8635225,18,0.9174168705940247
1690376846.1586344,19,0.9169090986251831
1690376899.859456,20,0.9172001481056213
1690376949.0343883,21,0.9171744585037231
1690377001.785932,22,0.9170520305633545
1690377051.2060075,23,0.9169558882713318
1690377098.0358374,24,0.9170183539390564
1690377134.1707077,25,0.9169234037399292
1690377165.8109562,26,0.9168552756309509
1690377198.4593472,27,0.9167969822883606
1690377230.9897819,28,0.9168747663497925
1690377262.2699075,29,0.9168356657028198
1690377292.6822543,30,0.9168301820755005
