Wall time,Step,Value
1690025447.177843,0,0.8504575490951538
1690025468.4164498,1,0.8715736269950867
1690025487.4081075,2,0.8783393502235413
1690025514.0234056,3,0.8765015602111816
1690025548.416151,4,0.8787357807159424
1690025587.932844,5,0.8814185857772827
1690025631.3293912,6,0.8784391283988953
1690025670.9863284,7,0.8781503438949585
1690025710.0185757,8,0.879960834980011
1690025745.3260734,9,0.8807337284088135
1690025780.3830936,10,0.8799060583114624
1690025816.9110134,11,0.8797712922096252
1690025857.5692134,12,0.8789836764335632
1690025895.8080826,13,0.878750205039978
1690025937.4275644,14,0.8800573348999023
1690025975.476219,15,0.8789541125297546
1690026011.496937,16,0.8776495456695557
1690026047.7525046,17,0.8790721297264099
1690026081.7140648,18,0.878823459148407
1690026117.925091,19,0.8783844113349915
1690026156.2629795,20,0.8785206079483032
1690026192.6990333,21,0.8784758448600769
1690026227.9845235,22,0.8781523704528809
1690026263.048884,23,0.8780550360679626
1690026298.6108787,24,0.8781679272651672
1690026336.4608145,25,0.8780447244644165
1690026372.676172,26,0.8779661059379578
1690026406.1234982,27,0.877885639667511
1690026437.7099886,28,0.8778495192527771
1690026472.9942908,29,0.8778339624404907
1690026506.2088833,30,0.8778136372566223
