Wall time,Step,Value
1688904541.8203082,0,0.8186880350112915
1688904552.046275,1,0.8805514574050903
1688904563.1223507,2,0.8861928582191467
1688904576.5785553,3,0.8925759196281433
1688904591.2149034,4,0.8939782381057739
1688904605.9461527,5,0.894086480140686
1688904620.0628004,6,0.8956174254417419
1688904634.1543448,7,0.8960935473442078
1688904648.260015,8,0.8961093425750732
1688904662.6994572,9,0.896645724773407
1688904676.552014,10,0.896802544593811
1688904691.2051768,11,0.8966155052185059
1688904705.0598044,12,0.8970878720283508
1688904718.2526312,13,0.8967909216880798
1688904732.9519296,14,0.8968481421470642
1688904746.4703038,15,0.8968690037727356
1688904760.0818949,16,0.8968433737754822
1688904774.72842,17,0.8963937759399414
1688904788.4754274,18,0.8966779708862305
1688904800.8983896,19,0.8965398669242859
1688904814.683092,20,0.8961398601531982
1688904828.4594283,21,0.8963854312896729
1688904841.1062994,22,0.8960803747177124
1688904852.6087918,23,0.8958197236061096
1688904863.8290696,24,0.8959065675735474
1688904873.6217854,25,0.8955768346786499
1688904883.3329992,26,0.8956584930419922
1688904893.0275924,27,0.8952415585517883
1688904902.8990011,28,0.8951526880264282
1688904912.6051812,29,0.8952116370201111
1688904920.8056026,30,0.8945284485816956
