Wall time,Step,Value
1688904531.8682191,0,0.8186880350112915
1688904541.985386,1,0.8793707489967346
1688904552.2790794,2,0.8880080580711365
1688904563.4659607,3,0.8913418054580688
1688904577.146486,4,0.8932868242263794
1688904591.1633515,5,0.8944287896156311
1688904605.7714667,6,0.8950007557868958
1688904620.370043,7,0.8953832387924194
1688904634.8499844,8,0.8957715630531311
1688904649.1928067,9,0.8959124684333801
1688904663.8274558,10,0.8959770202636719
1688904678.4876432,11,0.8960906267166138
1688904693.0832007,12,0.8963509202003479
1688904707.2770486,13,0.8962305784225464
1688904722.2538223,14,0.8962022662162781
1688904736.932631,15,0.8962068557739258
1688904751.4416647,16,0.8962547779083252
1688904766.2874742,17,0.8958961963653564
1688904780.7813652,18,0.8960548043251038
1688904795.341569,19,0.8960462212562561
1688904809.937449,20,0.8958135843276978
1688904824.148357,21,0.895757794380188
1688904837.746343,22,0.8956800103187561
1688904849.3872573,23,0.8956260681152344
1688904861.036706,24,0.8955036401748657
1688904870.931148,25,0.8955323100090027
1688904881.1657262,26,0.8952182531356812
1688904891.1236882,27,0.8951902389526367
1688904901.0124872,28,0.8950314521789551
1688904910.9080908,29,0.8948471546173096
1688904919.2757294,30,0.8949205279350281
