Wall time,Step,Value
1688906929.7987688,0,0.8179606199264526
1688906939.1485977,1,0.8854261040687561
1688906948.7633648,2,0.8947086334228516
1688906958.8661675,3,0.8962540626525879
1688906968.914195,4,0.8975786566734314
1688906979.864508,5,0.8991550207138062
1688906990.976725,6,0.8982797861099243
1688907003.4300132,7,0.8986809253692627
1688907017.0232036,8,0.898139476776123
1688907031.5428936,9,0.8964579701423645
1688907046.7044528,10,0.8986870646476746
1688907061.0194023,11,0.8998410105705261
1688907076.5640032,12,0.8973105549812317
1688907091.0784564,13,0.900078535079956
1688907105.4688737,14,0.8996549248695374
1688907120.5055795,15,0.8989006280899048
1688907135.9391348,16,0.8993383049964905
1688907150.6367233,17,0.8975824117660522
1688907165.3466213,18,0.898747444152832
1688907180.2876577,19,0.8985802531242371
1688907194.8684113,20,0.8993601202964783
1688907208.4443755,21,0.8983475565910339
1688907221.890565,22,0.8994840979576111
1688907234.2585697,23,0.8981505036354065
1688907245.63138,24,0.89887934923172
1688907257.566621,25,0.8981502056121826
1688907267.473849,26,0.8984497785568237
1688907277.9565778,27,0.8971267342567444
1688907288.1925132,28,0.8993523120880127
1688907297.8867276,29,0.8989467620849609
1688907306.2050228,30,0.8993182182312012
