Wall time,Step,Value
1688980894.3808866,0,0.8266242146492004
1688980930.5375113,1,0.8332719206809998
1688980975.0394018,2,0.8333002924919128
1688981028.8259814,3,0.837547242641449
1688981093.7619767,4,0.8361151814460754
1688981154.0109603,5,0.838280439376831
1688981213.550377,6,0.8373186588287354
1688981279.0492718,7,0.8367030620574951
1688981347.10162,8,0.8378518223762512
1688981406.7595382,9,0.835432767868042
1688981475.3461692,10,0.8370513319969177
1688981534.9145217,11,0.8371332287788391
1688981600.0857441,12,0.8374112844467163
1688981656.7509599,13,0.8364756107330322
1688981705.974626,14,0.8361953496932983
1688981750.8321388,15,0.8363357186317444
1688981811.3149893,16,0.8358351588249207
1688981872.5353584,17,0.8355921506881714
1688981936.0732486,18,0.8355308771133423
1688981998.175494,19,0.8353010416030884
1688982059.2377336,20,0.8347931504249573
1688982127.6193886,21,0.8348881006240845
1688982197.3041308,22,0.834592342376709
1688982260.8228946,23,0.834435760974884
1688982319.9345207,24,0.8343378305435181
1688982379.974118,25,0.8341187238693237
1688982429.6441805,26,0.8340336680412292
1688982484.4706485,27,0.8340266942977905
1688982530.2903624,28,0.8338550925254822
1688982577.3327332,29,0.8337612152099609
1688982623.7676153,30,0.8337418437004089
