Wall time,Step,Value
1688981848.7182133,0,0.8309105634689331
1688981911.470179,1,0.8261329531669617
1688981972.2095714,2,0.8352306485176086
1688982032.223634,3,0.8335718512535095
1688982097.0971174,4,0.8354743719100952
1688982163.688915,5,0.836598813533783
1688982230.5185418,6,0.8369097113609314
1688982293.239017,7,0.8371801376342773
1688982345.996119,8,0.8369243144989014
1688982399.9714146,9,0.8366915583610535
1688982445.927456,10,0.8367919921875
1688982492.0278046,11,0.8366562724113464
1688982541.4059055,12,0.8363569378852844
1688982593.2689474,13,0.8358974456787109
1688982634.1197968,14,0.8358303308486938
1688982665.7433774,15,0.8357745409011841
1688982699.1528504,16,0.8353643417358398
1688982724.3180556,17,0.8351435661315918
1688982743.4006248,18,0.8351885080337524
1688982762.1737728,19,0.8350785374641418
1688982774.7095273,20,0.8347523212432861
1688982786.9775245,21,0.8345653414726257
1688982801.317201,22,0.8345550298690796
1688982814.7573774,23,0.8345358967781067
1688982829.4421084,24,0.8344091773033142
1688982843.1326396,25,0.8342497944831848
1688982856.8244522,26,0.8341877460479736
1688982870.2431302,27,0.8341654539108276
1688982883.9930625,28,0.8341087698936462
1688982897.992483,29,0.8340590000152588
1688982912.1364582,30,0.8340028524398804
