Wall time,Step,Value
1688979628.5973222,0,0.8179606199264526
1688979643.590962,1,0.8778243064880371
1688979659.4242105,2,0.8852270841598511
1688979674.740217,3,0.890656054019928
1688979690.4723513,4,0.8924553990364075
1688979705.8042164,5,0.893713653087616
1688979721.732278,6,0.8940255045890808
1688979737.8191829,7,0.8943455815315247
1688979753.202485,8,0.894626796245575
1688979769.6062806,9,0.8950104713439941
1688979785.5533674,10,0.8947910070419312
1688979801.150031,11,0.894509494304657
1688979816.3148234,12,0.894952118396759
1688979831.051566,13,0.8950122594833374
1688979844.4570463,14,0.8946866393089294
1688979858.445322,15,0.894574761390686
1688979871.5692475,16,0.8943935036659241
1688979884.2890418,17,0.8945558071136475
1688979897.0190914,18,0.8944736123085022
1688979907.6055112,19,0.8943610191345215
1688979918.05118,20,0.8943720459938049
1688979927.4857173,21,0.8942878246307373
1688979936.5605679,22,0.894227921962738
1688979945.794459,23,0.8941547274589539
1688979954.0353239,24,0.8940576314926147
1688979962.5926068,25,0.8941106796264648
1688979969.781116,26,0.8940553665161133
1688979976.1541486,27,0.894029974937439
1688979982.1437476,28,0.8939573168754578
1688979986.876096,29,0.8939721584320068
1688979991.8838768,30,0.8939984440803528
