Wall time,Step,Value
1688983509.9877157,0,0.867307722568512
1688983568.2258384,1,0.8748533725738525
1688983628.4489312,2,0.8775597810745239
1688983688.8373935,3,0.8768323063850403
1688983750.7101495,4,0.8787899017333984
1688983812.21079,5,0.8789989948272705
1688983876.3026426,6,0.879180908203125
1688983941.0706298,7,0.8785013556480408
1688984000.5899603,8,0.8787032961845398
1688984060.0238962,9,0.8793488144874573
1688984124.0004997,10,0.8787859082221985
1688984186.183021,11,0.8783261775970459
1688984252.6472707,12,0.8788183331489563
1688984311.2991319,13,0.8783187866210938
1688984371.7741492,14,0.8782134652137756
1688984434.370118,15,0.8782603144645691
1688984496.1699197,16,0.8781374096870422
1688984559.7680378,17,0.8780103325843811
1688984627.46265,18,0.8777663707733154
1688984689.1369095,19,0.8777742385864258
1688984745.7310822,20,0.8777738809585571
1688984808.0068984,21,0.877674400806427
1688984872.4304955,22,0.8775041103363037
1688984933.0415223,23,0.8774583339691162
1688984994.401815,24,0.877425491809845
1688985050.5029757,25,0.8774312138557434
1688985097.602808,26,0.8773362636566162
1688985133.4823387,27,0.8773086071014404
1688985164.2758927,28,0.8772769570350647
1688985181.6304526,29,0.8772692680358887
1688985196.530063,30,0.8772333264350891
