Wall time,Step,Value
1688983570.3246982,0,0.867307722568512
1688983633.0366018,1,0.8754937648773193
1688983691.8918946,2,0.8779752254486084
1688983750.1128724,3,0.8784018754959106
1688983804.5904572,4,0.8767332434654236
1688983856.4216437,5,0.8785902857780457
1688983909.6250718,6,0.8794212341308594
1688983968.4062366,7,0.8792423605918884
1688984028.678169,8,0.87773197889328
1688984087.2884967,9,0.878951907157898
1688984143.10883,10,0.8788459300994873
1688984196.643335,11,0.8774851560592651
1688984252.6642942,12,0.8784224390983582
1688984311.1543183,13,0.8780734539031982
1688984369.2303877,14,0.8778075575828552
1688984427.027129,15,0.8778303265571594
1688984479.8745396,16,0.8780173659324646
1688984534.2047784,17,0.8776249289512634
1688984591.2627952,18,0.8776107430458069
1688984641.6289606,19,0.8775196075439453
1688984697.7182665,20,0.8773545622825623
1688984756.2929986,21,0.8774324059486389
1688984815.5597546,22,0.8774396181106567
1688984873.7525163,23,0.8773277401924133
1688984932.7289565,24,0.8771315813064575
1688984987.478922,25,0.8771982192993164
1688985038.8391182,26,0.8772785663604736
1688985081.470545,27,0.8771485686302185
1688985120.2788928,28,0.8771771788597107
1688985147.4342265,29,0.8771375417709351
1688985173.9811375,30,0.87712162733078
