Wall time,Step,Value
1688983385.032174,0,0.8643192052841187
1688983423.9729552,1,0.8701776266098022
1688983468.3310213,2,0.8767353892326355
1688983515.8095286,3,0.8770090937614441
1688983576.219334,4,0.8747358322143555
1688983637.0363195,5,0.8790738582611084
1688983700.4058814,6,0.8804329633712769
1688983757.873975,7,0.8788300156593323
1688983812.274574,8,0.8798007965087891
1688983870.8156636,9,0.8800620436668396
1688983931.6867304,10,0.8804169297218323
1688983992.298127,11,0.8795690536499023
1688984055.3730767,12,0.8801387548446655
1688984122.657185,13,0.8800281286239624
1688984189.420571,14,0.8790738582611084
1688984243.4425328,15,0.8802088499069214
1688984305.8779466,16,0.8792073726654053
1688984358.4436886,17,0.8795366287231445
1688984418.9112244,18,0.8790647983551025
1688984479.3156347,19,0.8797836303710938
1688984541.157511,20,0.8790814280509949
1688984598.165725,21,0.8788721561431885
1688984654.6359468,22,0.8793664574623108
1688984711.084017,23,0.879065752029419
1688984765.9011793,24,0.8788262009620667
1688984832.1851838,25,0.8788449764251709
1688984887.087898,26,0.8788377642631531
1688984951.4000006,27,0.8788063526153564
1688985010.1902244,28,0.8787968754768372
1688985066.724714,29,0.8787602782249451
1688985113.9119146,30,0.8787080645561218
