Wall time,Step,Value
1688979645.6741333,0,0.8179606199264526
1688979661.3759646,1,0.8437075018882751
1688979677.2067087,2,0.8699007034301758
1688979692.4722726,3,0.8850296139717102
1688979708.190192,4,0.8910512924194336
1688979723.7808506,5,0.8912482261657715
1688979739.3431687,6,0.8926378488540649
1688979754.6263924,7,0.892310619354248
1688979770.8561773,8,0.8951159119606018
1688979786.6290967,9,0.8945415019989014
1688979802.3789372,10,0.8950275182723999
1688979817.555504,11,0.8952920436859131
1688979831.79051,12,0.8954291939735413
1688979846.1224203,13,0.8950948119163513
1688979859.7954288,14,0.8955226540565491
1688979871.9818544,15,0.8951635360717773
1688979884.4057248,16,0.8952441811561584
1688979897.2476788,17,0.8952218294143677
1688979908.1611652,18,0.8951308727264404
1688979919.0359516,19,0.8948257565498352
1688979928.3014233,20,0.8949267268180847
1688979937.5311677,21,0.8950266242027283
1688979946.9491932,22,0.8949502110481262
1688979955.23626,23,0.8947688937187195
1688979963.2293656,24,0.894692599773407
1688979970.1912978,25,0.8947864174842834
1688979976.4060013,26,0.894843578338623
1688979982.3686316,27,0.8947339653968811
1688979987.073202,28,0.8946976661682129
1688979991.7245953,29,0.8946636915206909
1688979995.4071035,30,0.8946749567985535
