Wall time,Step,Value
1688979569.27923,0,0.8179606199264526
1688979579.7306144,1,0.8560447096824646
1688979590.4935179,2,0.8816669583320618
1688979602.5318506,3,0.8904163837432861
1688979615.2771256,4,0.8929719924926758
1688979629.2788358,5,0.8949231505393982
1688979644.7201695,6,0.8920303583145142
1688979660.5548131,7,0.8949648141860962
1688979676.110174,8,0.8959903120994568
1688979691.7277746,9,0.8944039940834045
1688979707.1707432,10,0.8962584733963013
1688979722.7325542,11,0.8963269591331482
1688979737.9054272,12,0.8953195810317993
1688979753.5055518,13,0.8961961269378662
1688979769.5698366,14,0.8952525854110718
1688979785.4277601,15,0.8960003852844238
1688979801.00201,16,0.8959840536117554
1688979817.1289089,17,0.8957109451293945
1688979832.438805,18,0.8957387804985046
1688979846.4527245,19,0.8957265615463257
1688979861.0062752,20,0.8955816626548767
1688979873.3459456,21,0.8955602049827576
1688979885.8427205,22,0.8954898715019226
1688979898.5011897,23,0.8954406976699829
1688979909.2735884,24,0.8953502774238586
1688979920.0123556,25,0.8953538537025452
1688979929.4102795,26,0.8953689336776733
1688979938.7085874,27,0.8952916264533997
1688979947.8425493,28,0.895287036895752
1688979955.6574762,29,0.8952546715736389
1688979963.693718,30,0.8952394723892212
