Wall time,Step,Value
1688981825.7933588,0,0.8266242146492004
1688981894.499723,1,0.828557550907135
1688981952.5479379,2,0.8329430818557739
1688982015.0521138,3,0.832916796207428
1688982073.860159,4,0.8374810814857483
1688982136.2608814,5,0.8362122178077698
1688982206.5038264,6,0.8361794948577881
1688982269.2856102,7,0.8381697535514832
1688982327.058371,8,0.838627278804779
1688982378.710591,9,0.8370540142059326
1688982429.3080473,10,0.838330864906311
1688982473.9163954,11,0.8375663757324219
1688982526.73096,12,0.837069571018219
1688982572.0953805,13,0.8369783759117126
1688982615.539183,14,0.8371238112449646
1688982650.2070453,15,0.8362684845924377
1688982682.085868,16,0.8360077738761902
1688982708.6781187,17,0.8361265659332275
1688982732.7624094,18,0.8358856439590454
1688982752.8240707,19,0.8356072902679443
1688982768.7214403,20,0.8353084921836853
1688982784.451417,21,0.835076630115509
1688982798.3268485,22,0.8350825905799866
1688982813.1475217,23,0.8349567651748657
1688982826.2726479,24,0.8347185850143433
1688982840.3606296,25,0.8346050977706909
1688982854.147659,26,0.8345135450363159
1688982867.5901804,27,0.8344171047210693
1688982882.5184917,28,0.8343179821968079
1688982896.6712313,29,0.8342446684837341
1688982911.1829975,30,0.8341382741928101
