Wall time,Step,Value
1687344427.5689132,1,0.870623767375946
1687344443.4132116,2,0.8743268847465515
1687344465.7230456,3,0.8767507672309875
1687344488.0068028,4,0.8772876262664795
1687344511.7775073,5,0.8779470920562744
1687344537.6964915,6,0.8783315420150757
1687344564.0194502,7,0.8778477311134338
1687344588.2116022,8,0.8777706027030945
1687344613.9304838,9,0.877538800239563
1687344638.0602942,10,0.8774523138999939
1687344664.4981399,11,0.8770202398300171
1687344689.6371343,12,0.8764055371284485
1687344714.786365,13,0.8777563571929932
1687344741.1076615,14,0.8762388825416565
1687344763.6008701,15,0.8773747086524963
1687344788.1107602,16,0.8761155605316162
1687344810.2349234,17,0.8762114644050598
1687344833.4505372,18,0.876397967338562
1687344854.1346002,19,0.8763560056686401
1687344875.6584444,20,0.8764210343360901
1687344896.9641416,21,0.875602662563324
1687344919.550104,22,0.8754367232322693
1687344942.528882,23,0.8753484487533569
1687344965.6237977,24,0.8760976791381836
1687344989.3179574,25,0.8754007816314697
1687345011.6449938,26,0.8757152557373047
1687345033.4178865,27,0.8743413686752319
1687345056.276267,28,0.876022219657898
1687345077.1291425,29,0.8756623268127441
1687345097.7870603,30,0.8750952482223511
