Wall time,Step,Value
1687249329.5423357,1,0.8781239986419678
1687249339.1642282,2,0.8836452960968018
1687249347.0148904,3,0.8863371014595032
1687249355.0230064,4,0.8903521299362183
1687249363.002447,5,0.8921539783477783
1687249374.6182854,6,0.8931854963302612
1687249383.451823,7,0.8937492370605469
1687249392.8047082,8,0.8940946459770203
1687249400.360684,9,0.8947515487670898
1687249412.1317053,10,0.8951860070228577
1687249423.6584537,11,0.8952442407608032
1687249437.3290365,12,0.895492672920227
1687249448.2796686,13,0.8954834938049316
1687249460.2933297,14,0.8954660296440125
1687249473.4169936,15,0.895837128162384
1687249486.4779336,16,0.8954779505729675
1687249499.066298,17,0.8956725597381592
1687249512.809005,18,0.8955094814300537
1687249527.8423088,19,0.8958082795143127
1687249539.70678,20,0.8953981399536133
1687249554.7364256,21,0.8956013917922974
1687249568.19502,22,0.8953952193260193
1687249578.2065113,23,0.895513117313385
1687249592.0139074,24,0.8950654864311218
1687249606.884714,25,0.8954162001609802
1687249620.866606,26,0.8951317071914673
1687249632.0571742,27,0.8949199318885803
1687249642.8663561,28,0.8950426578521729
1687249653.9741166,29,0.8948819637298584
1687249668.0821505,30,0.8947492837905884
