Wall time,Step,Value
1687242943.796727,1,0.8688619136810303
1687243098.4497447,2,0.874276340007782
1687243128.8907676,3,0.8759508728981018
1687243160.1344817,4,0.876665472984314
1687243189.990232,5,0.8767222166061401
1687243227.774872,6,0.8769890069961548
1687243281.9187105,7,0.8771314024925232
1687243318.3271437,8,0.8757164478302002
1687243370.625728,9,0.8769527673721313
1687243435.8608243,10,0.8762323260307312
1687243472.1584268,11,0.8757379055023193
1687243524.2104747,12,0.8749891519546509
1687243594.4788568,13,0.8754234313964844
1687243634.7070558,14,0.8751660585403442
1687243671.82017,15,0.8757518529891968
1687243719.2096353,16,0.8748365044593811
1687243775.177379,17,0.8746066093444824
1687243807.139402,18,0.8745839595794678
1687243844.2790847,19,0.8751612901687622
1687243882.2433167,20,0.8746296167373657
1687243919.317578,21,0.8748260140419006
1687243953.087177,22,0.8750281929969788
1687243988.1499074,23,0.8746836185455322
1687244021.5057492,24,0.8743913769721985
1687244054.7100468,25,0.8744868040084839
1687244088.1728475,26,0.874040424823761
1687244123.3356006,27,0.873906135559082
1687244155.8059878,28,0.87396639585495
1687244190.1461697,29,0.8750280141830444
1687244219.667597,30,0.8744571208953857
