Wall time,Step,Value
1687344506.8659904,1,0.882133960723877
1687344513.993858,2,0.8894553780555725
1687344522.1428533,3,0.8906061053276062
1687344530.5177522,4,0.8941689729690552
1687344538.4004045,5,0.8942986130714417
1687344545.3492908,6,0.8947926163673401
1687344553.9392684,7,0.8949722647666931
1687344562.50781,8,0.8931702971458435
1687344569.8228643,9,0.8959574699401855
1687344579.1678414,10,0.8954461216926575
1687344587.919368,11,0.8960900902748108
1687344595.1270554,12,0.8910611867904663
1687344603.5109398,13,0.8954631090164185
1687344612.4558425,14,0.8950045704841614
1687344620.0737545,15,0.893488347530365
1687344628.6836646,16,0.8939600586891174
1687344637.558006,17,0.8919887542724609
1687344645.2403648,18,0.8951968550682068
1687344653.211206,19,0.8948333263397217
1687344661.9083824,20,0.8936585187911987
1687344669.7806487,21,0.8950817584991455
1687344677.65212,22,0.8942416310310364
1687344686.1684399,23,0.8937785625457764
1687344694.104589,24,0.8944168090820312
1687344702.0510216,25,0.8940391540527344
1687344710.8705058,26,0.8930509090423584
1687344718.9067683,27,0.8946143984794617
1687344727.116536,28,0.894842803478241
1687344735.2221982,29,0.8935461640357971
1687344743.2475984,30,0.8951164484024048
