Wall time,Step,Value
1687262099.1300025,1,0.8712835907936096
1687262117.1256256,2,0.8743782639503479
1687262132.436812,3,0.8767241835594177
1687262147.9355593,4,0.8776031136512756
1687262164.3707047,5,0.8779947757720947
1687262181.1398723,6,0.8783403635025024
1687262196.56568,7,0.8787539601325989
1687262212.859171,8,0.878603994846344
1687262228.7157166,9,0.878803551197052
1687262243.9643688,10,0.8786680102348328
1687262258.7767842,11,0.8787678480148315
1687262273.765471,12,0.8786131143569946
1687262289.0117967,13,0.8785784840583801
1687262303.6067748,14,0.8784562945365906
1687262318.221962,15,0.8783392906188965
1687262333.081762,16,0.8783297538757324
1687262349.0526264,17,0.8779985904693604
1687262365.8068395,18,0.8779164552688599
1687262381.4846098,19,0.877943754196167
1687262396.5637696,20,0.8776413202285767
1687262411.5365958,21,0.8776492476463318
1687262426.154888,22,0.8774674534797668
1687262441.6361573,23,0.8772768974304199
1687262456.4492528,24,0.8770385384559631
1687262471.2290857,25,0.8770679831504822
1687262486.8588598,26,0.8768755793571472
1687262501.8751922,27,0.8767238259315491
1687262518.065497,28,0.8767476081848145
1687262534.6998377,29,0.8765115737915039
1687262549.535785,30,0.8763766884803772
