Wall time,Step,Value
1687249441.560475,1,0.8357527852058411
1687249503.5209663,2,0.8357973098754883
1687249565.4322808,3,0.838457465171814
1687249642.1853132,4,0.8393989205360413
1687249685.9419248,5,0.8397253155708313
1687249728.4430375,6,0.8398269414901733
1687249768.809497,7,0.8403778672218323
1687249804.946204,8,0.840418815612793
1687249842.7028048,9,0.840618371963501
1687249890.5764933,10,0.8404220342636108
1687249937.1272547,11,0.8405570387840271
1687249983.0975513,12,0.8402518630027771
1687250069.5289536,13,0.8404762744903564
1687250157.7646985,14,0.8403521776199341
1687250193.6001267,15,0.8398818969726562
1687250310.641586,16,0.8401002287864685
1687250423.67894,17,0.8398935198783875
1687250522.6325727,18,0.8398899435997009
1687250590.5936656,19,0.8396704792976379
1687250642.6093292,20,0.8393375873565674
1687250686.2586534,21,0.8390859961509705
1687250724.399521,22,0.8393396735191345
1687250789.5365856,23,0.839008092880249
1687250870.4823825,24,0.8391207456588745
1687250913.8881552,25,0.8387921452522278
1687250944.3137364,26,0.8387447595596313
1687250980.8542147,27,0.8387107253074646
1687251012.5519795,28,0.8383840322494507
1687251046.9029303,29,0.8384141325950623
1687251076.9308221,30,0.8382718563079834
