Wall time,Step,Value
1687242628.826887,1,0.8840304017066956
1687242633.6700504,2,0.8771611452102661
1687242639.288537,3,0.8911432027816772
1687242645.9418986,4,0.8926910161972046
1687242653.170006,5,0.8934178948402405
1687242659.163186,6,0.8926507830619812
1687242665.2900858,7,0.8917335271835327
1687242671.6795685,8,0.8937987089157104
1687242678.7349725,9,0.8926578164100647
1687242685.7006474,10,0.8947538137435913
1687242691.7917988,11,0.8929908275604248
1687242698.4205482,12,0.8920806646347046
1687242705.592567,13,0.892052412033081
1687242714.0089169,14,0.893602192401886
1687242720.6207163,15,0.8936547636985779
1687242727.7912307,16,0.8933210372924805
1687242735.5986953,17,0.8930249810218811
1687242743.0915174,18,0.8943495750427246
1687242750.5751574,19,0.8895494341850281
1687242758.4050102,20,0.8924046158790588
1687242765.301887,21,0.8927257657051086
1687242770.278023,22,0.8926951289176941
1687242774.6659524,23,0.8934775590896606
1687242779.2638714,24,0.8929322957992554
1687242784.4419374,25,0.8932965397834778
1687242789.325464,26,0.8915919661521912
1687242794.3381763,27,0.8912800550460815
1687242798.9986196,28,0.8934939503669739
1687242803.9527886,29,0.8902456760406494
1687242808.593029,30,0.8910233378410339
