Wall time,Step,Value
1687242850.8793433,1,0.8303627371788025
1687243056.7738588,2,0.8364917635917664
1687243083.7941506,3,0.8382710218429565
1687243104.3903055,4,0.8385764956474304
1687243138.7180822,5,0.8386950492858887
1687243175.2867935,6,0.8383961915969849
1687243208.1392348,7,0.8387234210968018
1687243242.9470959,8,0.837630033493042
1687243300.9356127,9,0.8380694389343262
1687243361.900848,10,0.8373697996139526
1687243402.0629184,11,0.8371068239212036
1687243440.4619818,12,0.8362632989883423
1687243477.5835216,13,0.8368107676506042
1687243516.8841422,14,0.8364937901496887
1687243563.195827,15,0.8360974788665771
1687243623.008252,16,0.8360002040863037
1687243661.7649732,17,0.8350701332092285
1687243702.2932138,18,0.8362703919410706
1687243748.1499405,19,0.8361274003982544
1687243784.1573267,20,0.834979772567749
1687243832.4302602,21,0.83550626039505
1687243876.2989588,22,0.8345794677734375
1687243918.8765585,23,0.8342866897583008
1687243954.4332614,24,0.8351337313652039
1687243995.2368708,25,0.8337128758430481
1687244033.026033,26,0.8334510922431946
1687244072.6196017,27,0.8334489464759827
1687244111.4782078,28,0.8339646458625793
1687244147.474925,29,0.8338326215744019
1687244191.4261942,30,0.8334213495254517
