Wall time,Step,Value
1688914960.6686344,0,0.8643192052841187
1688915039.2882643,1,0.8753799796104431
1688915116.342699,2,0.8743849992752075
1688915199.3688648,3,0.8804813027381897
1688915278.750633,4,0.8816699981689453
1688915363.7447286,5,0.883431613445282
1688915442.4854748,6,0.8837059736251831
1688915520.940281,7,0.8834229707717896
1688915602.0249062,8,0.883276641368866
1688915683.3032115,9,0.8832695484161377
1688915758.5468805,10,0.8833126425743103
1688915841.6254864,11,0.8831182718276978
1688915919.7179606,12,0.8833999037742615
1688916002.2967775,13,0.8837084174156189
1688916086.3022838,14,0.8830028772354126
1688916160.3130846,15,0.883043646812439
1688916238.3236103,16,0.8825932145118713
1688916313.4746075,17,0.8823962211608887
1688916386.536996,18,0.8823716044425964
1688916464.6233158,19,0.8824450969696045
1688916539.2554836,20,0.8822144269943237
1688916619.4069972,21,0.8821090459823608
1688916697.6380644,22,0.8820606470108032
1688916769.0598197,23,0.881812572479248
1688916837.2406075,24,0.881749153137207
1688916898.483541,25,0.8817314505577087
1688916944.7564836,26,0.8816186189651489
1688916981.9028575,27,0.8815642595291138
1688917003.8434193,28,0.8814294934272766
1688917018.4350882,29,0.8814353346824646
1688917029.2015471,30,0.8813856244087219
