Wall time,Step,Value
1688906865.542862,0,0.8179606199264526
1688906869.7433507,1,0.8740930557250977
1688906873.9743068,2,0.8885823488235474
1688906878.8337076,3,0.8935509324073792
1688906883.9473274,4,0.8966860175132751
1688906889.4827302,5,0.8958882689476013
1688906895.6811306,6,0.8989007472991943
1688906901.7486875,7,0.8968096971511841
1688906908.1349118,8,0.8984543085098267
1688906915.5220294,9,0.898828387260437
1688906923.3038113,10,0.8981698155403137
1688906932.364663,11,0.8978407382965088
1688906942.4136114,12,0.8990063071250916
1688906952.3275163,13,0.897674024105072
1688906962.8875613,14,0.8989172577857971
1688906973.3960812,15,0.8979765176773071
1688906985.0087664,16,0.898045003414154
1688906996.839874,17,0.898208737373352
1688907010.4356844,18,0.8980258107185364
1688907024.5021033,19,0.8983860611915588
1688907038.7830918,20,0.897940456867218
1688907053.4999745,21,0.8980712890625
1688907068.8503494,22,0.8977175951004028
1688907084.1235652,23,0.8979649543762207
1688907099.4435716,24,0.8978504538536072
1688907115.0100548,25,0.897553563117981
1688907130.8142986,26,0.8975918889045715
1688907144.9316907,27,0.8977832794189453
1688907159.914985,28,0.8975211381912231
1688907174.9921887,29,0.8976587057113647
1688907190.481998,30,0.8974330425262451
