Wall time,Step,Value
1688915044.4947338,0,0.8643192052841187
1688915117.80217,1,0.8733351826667786
1688915195.690007,2,0.8787233233451843
1688915275.9898288,3,0.8818417191505432
1688915353.3772085,4,0.8820263743400574
1688915431.6671739,5,0.8821479678153992
1688915499.3780258,6,0.8830508589744568
1688915566.1419106,7,0.8821037411689758
1688915636.3453045,8,0.8805165886878967
1688915707.2371202,9,0.882366418838501
1688915788.2204099,10,0.8830310702323914
1688915863.1651642,11,0.8823524117469788
1688915936.0907583,12,0.882844865322113
1688916009.1917787,13,0.88091641664505
1688916084.0937233,14,0.8813455104827881
1688916153.202,15,0.8820257782936096
1688916224.1934087,16,0.8815653920173645
1688916303.326443,17,0.8820057511329651
1688916375.7345397,18,0.8813974857330322
1688916452.60308,19,0.8819214105606079
1688916525.0289652,20,0.882115364074707
1688916595.431765,21,0.8813124299049377
1688916662.3256848,22,0.8819599151611328
1688916732.2940304,23,0.8813395500183105
1688916801.9864254,24,0.8815755248069763
1688916864.6792846,25,0.8812472820281982
1688916917.2022872,26,0.8812745809555054
1688916959.4250286,27,0.8812741041183472
1688916985.1128857,28,0.8810750246047974
1688917003.8838024,29,0.881122887134552
1688917017.8592813,30,0.8811272382736206
