Wall time,Step,Value
1688914689.7340615,0,0.8309105634689331
1688914716.2546542,1,0.8350135087966919
1688914740.1274414,2,0.8391017317771912
1688914777.5366974,3,0.8403311967849731
1688914830.562845,4,0.8404744863510132
1688914898.820978,5,0.840308666229248
1688914974.710964,6,0.8407158851623535
1688915051.3628082,7,0.8397603034973145
1688915127.3511696,8,0.840238094329834
1688915207.331824,9,0.8389378190040588
1688915285.3187826,10,0.8393591046333313
1688915362.9949675,11,0.8387190699577332
1688915441.5000958,12,0.8384482264518738
1688915526.4017816,13,0.8377819061279297
1688915606.7485013,14,0.837957501411438
1688915688.767642,15,0.8373818397521973
1688915769.724784,16,0.837493896484375
1688915847.374568,17,0.8370723128318787
1688915931.084484,18,0.836999237537384
1688916011.2003436,19,0.8364967107772827
1688916094.3063242,20,0.8363633751869202
1688916170.6548038,21,0.8362886905670166
1688916252.74745,22,0.8361158967018127
1688916331.713957,23,0.8358107209205627
1688916412.5600336,24,0.8358032703399658
1688916487.8382626,25,0.8355640172958374
1688916566.8301094,26,0.8355994820594788
1688916645.7854557,27,0.8353485465049744
1688916727.0025313,28,0.8354377746582031
1688916803.0400748,29,0.8353286385536194
1688916872.6698942,30,0.8352291584014893
