Wall time,Step,Value
1688927338.1620073,0,0.8186880350112915
1688927364.4971976,1,0.8762272596359253
1688927386.8899522,2,0.889896810054779
1688927407.971696,3,0.8967660069465637
1688927429.8488855,4,0.8993602991104126
1688927456.407406,5,0.89979088306427
1688927478.7043803,6,0.9015924334526062
1688927501.636795,7,0.8994686603546143
1688927525.1079118,8,0.8997283577919006
1688927541.6529067,9,0.9002208709716797
1688927560.50782,10,0.899980902671814
1688927577.6059403,11,0.9012538194656372
1688927599.0550244,12,0.9003563523292542
1688927617.0796978,13,0.9009061455726624
1688927637.974199,14,0.9008626341819763
1688927665.2867227,15,0.9008585810661316
1688927686.343455,16,0.9010228514671326
1688927713.2147763,17,0.9002237319946289
1688927732.8369725,18,0.9005153179168701
1688927760.7301917,19,0.9010838270187378
1688927781.1188235,20,0.9003393054008484
1688927806.5454247,21,0.9002686142921448
1688927828.3617392,22,0.9005306363105774
1688927854.370643,23,0.9002039432525635
1688927878.7141674,24,0.9000720977783203
1688927902.9932973,25,0.899998664855957
1688927927.7255316,26,0.9000892639160156
1688927951.9163735,27,0.8998273611068726
1688927975.9702597,28,0.8999797105789185
1688927996.5310357,29,0.8997846245765686
1688928023.058275,30,0.8999089598655701
