Wall time,Step,Value
1688914775.1420126,0,0.867307722568512
1688914837.8260236,1,0.8779138922691345
1688914895.9819672,2,0.8814586400985718
1688914966.8244684,3,0.8817911744117737
1688915047.2537553,4,0.8825302124023438
1688915122.5124888,5,0.8819714188575745
1688915198.860985,6,0.8822318911552429
1688915276.9223526,7,0.8810867071151733
1688915349.3793695,8,0.8822386860847473
1688915424.1161587,9,0.8810847997665405
1688915503.159737,10,0.8810172080993652
1688915579.8041377,11,0.8811869621276855
1688915655.8920286,12,0.8810219168663025
1688915730.2691617,13,0.880329966545105
1688915801.8146377,14,0.8808193206787109
1688915877.5460093,15,0.8800931572914124
1688915954.44786,16,0.880258321762085
1688916030.345499,17,0.8800559043884277
1688916102.2271945,18,0.8800231218338013
1688916180.0962574,19,0.8799695372581482
1688916259.3680851,20,0.879812479019165
1688916335.815556,21,0.879725456237793
1688916414.9693222,22,0.879737377166748
1688916490.790243,23,0.8795175552368164
1688916570.497885,24,0.8793851137161255
1688916645.5941947,25,0.8794758319854736
1688916722.009878,26,0.8794122934341431
1688916798.9761539,27,0.879340648651123
1688916863.197781,28,0.8793174624443054
1688916917.0242486,29,0.879294216632843
1688916960.8840919,30,0.8793094754219055
