Wall time,Step,Value
1688927416.735614,0,0.8179606199264526
1688927440.0721672,1,0.880288302898407
1688927462.8379483,2,0.8924219012260437
1688927483.1484196,3,0.8937898278236389
1688927508.0952644,4,0.8967247605323792
1688927529.3216424,5,0.8955122828483582
1688927545.407857,6,0.8922860622406006
1688927564.2633395,7,0.8977017998695374
1688927581.114414,8,0.8979930281639099
1688927602.3381872,9,0.8971043229103088
1688927619.5518138,10,0.8948252201080322
1688927641.5164628,11,0.8975670337677002
1688927667.0778987,12,0.8977107405662537
1688927687.0170345,13,0.8948832154273987
1688927713.5258787,14,0.8964924812316895
1688927733.4254386,15,0.8969086408615112
1688927761.2352142,16,0.8956758975982666
1688927782.4748344,17,0.8963977694511414
1688927809.0556622,18,0.895952582359314
1688927830.0210266,19,0.896015465259552
1688927858.4075625,20,0.8959110379219055
1688927879.7071524,21,0.8958936929702759
1688927906.203667,22,0.8955185413360596
1688927929.5827582,23,0.8958382606506348
1688927953.218713,24,0.8954463601112366
1688927976.214832,25,0.8955867886543274
1688927997.6810677,26,0.8955287933349609
1688928024.749501,27,0.8955227732658386
1688928043.2946913,28,0.8955230116844177
1688928066.9224734,29,0.895349383354187
1688928082.9299011,30,0.8954595923423767
