Wall time,Step,Value
1688928254.391662,0,0.8643192052841187
1688928305.2667465,1,0.8761919736862183
1688928358.7493024,2,0.8805751800537109
1688928408.795194,3,0.8809729814529419
1688928460.1927922,4,0.8827708959579468
1688928510.7055275,5,0.8834758400917053
1688928560.2782214,6,0.8831498622894287
1688928611.0089765,7,0.8834080100059509
1688928664.853471,8,0.8822023272514343
1688928709.6928978,9,0.882097065448761
1688928750.5175571,10,0.8830046057701111
1688928775.2250264,11,0.8830863833427429
1688928797.886794,12,0.8814963698387146
1688928823.3175175,13,0.8835703134536743
1688928848.475462,14,0.8831683397293091
1688928873.0486157,15,0.8826531767845154
1688928897.429271,16,0.8820962309837341
1688928923.4602478,17,0.8817281723022461
1688928940.9934802,18,0.8826841115951538
1688928955.5911207,19,0.8820748925209045
1688928969.7574077,20,0.8820345997810364
1688928984.166417,21,0.8820569515228271
1688928998.7009935,22,0.8819947242736816
1688929013.1197271,23,0.8818257451057434
1688929027.548915,24,0.8816885948181152
1688929041.8562546,25,0.8818172812461853
1688929056.8532572,26,0.8815466165542603
1688929070.53685,27,0.8816065788269043
1688929085.0097296,28,0.8815001845359802
1688929099.5250971,29,0.8815110325813293
1688929114.2202754,30,0.881446361541748
