Wall time,Step,Value
1691877735.2944953,0,30.51791763305664
1691877772.692131,1,30.939130783081055
1691877807.7345784,2,31.073820114135742
1691877840.7252262,3,31.156036376953125
1691877869.258293,4,31.16606330871582
1691877903.9679441,5,31.125242233276367
1691877937.9573889,6,31.13573455810547
1691877969.247067,7,31.130023956298828
1691878006.843283,8,31.102741241455078
1691878041.2940304,9,31.140310287475586
1691878075.4726195,10,31.068965911865234
1691878108.8131423,11,31.092315673828125
1691878142.0702832,12,31.041133880615234
1691878172.9379692,13,31.038965225219727
1691878209.100714,14,31.026832580566406
1691878242.6555407,15,30.99224090576172
1691878277.7128406,16,30.977970123291016
1691878307.150709,17,30.972999572753906
1691878341.0272968,18,30.940832138061523
1691878374.0986598,19,30.937509536743164
1691878407.4718847,20,30.91316795349121
1691878442.9309986,21,30.91973114013672
1691878474.0814779,22,30.901588439941406
1691878506.1715333,23,30.884986877441406
1691878540.3185918,24,30.891321182250977
1691878573.562432,25,30.88164710998535
1691878607.1944604,26,30.87398338317871
1691878639.0649128,27,30.86824607849121
1691878671.3941803,28,30.864763259887695
1691878703.6446297,29,30.858013153076172
1691878724.8391845,30,30.854843139648438
