Wall time,Step,Value
1692000916.3564065,0,0.8656177520751953
1692000957.0030112,1,0.8729676008224487
1692000997.7062914,2,0.8771171569824219
1692001036.7395675,3,0.8784011602401733
1692001075.617544,4,0.8787779211997986
1692001114.1697972,5,0.8781706690788269
1692001156.3584583,6,0.8787686824798584
1692001197.922371,7,0.8789919018745422
1692001234.151621,8,0.8781314492225647
1692001273.457424,9,0.8785102367401123
1692001311.6602626,10,0.8786829113960266
1692001349.54432,11,0.877822995185852
1692001389.6392655,12,0.8781672120094299
1692001428.5092447,13,0.877841591835022
1692001469.6876664,14,0.8779468536376953
1692001506.3208427,15,0.8777474761009216
1692001545.261079,16,0.8776392340660095
1692001583.8954713,17,0.8775804042816162
1692001624.0719507,18,0.8776000738143921
1692001662.324615,19,0.877312183380127
1692001704.5703907,20,0.8771041631698608
1692001743.639807,21,0.8772300481796265
1692001784.1174684,22,0.8772539496421814
1692001822.8611479,23,0.8771024942398071
1692001862.46275,24,0.8769161105155945
1692001904.9441466,25,0.876954972743988
1692001938.8255296,26,0.8770433664321899
1692001977.4862456,27,0.8769463896751404
1692002018.924874,28,0.8769149780273438
1692002060.375764,29,0.8768765330314636
1692002093.2692537,30,0.876858115196228
