Wall time,Step,Value
1692002184.253407,0,0.8966231942176819
1692002227.2344325,1,0.9027871489524841
1692002271.2743437,2,0.9099727869033813
1692002311.3439507,3,0.9106625914573669
1692002351.1383345,4,0.9136928915977478
1692002389.893596,5,0.9127542972564697
1692002433.072846,6,0.9134019613265991
1692002475.257258,7,0.9135583639144897
1692002515.4780133,8,0.9131629467010498
1692002557.74751,9,0.9137588143348694
1692002600.8464003,10,0.9135843515396118
1692002641.8685527,11,0.9130626320838928
1692002680.9361556,12,0.9135770797729492
1692002722.3988373,13,0.9131098389625549
1692002760.7414746,14,0.9132868051528931
1692002803.2178018,15,0.9132042527198792
1692002843.7542758,16,0.9133462309837341
1692002886.22968,17,0.9131469130516052
1692002926.1759353,18,0.9129893779754639
1692002967.770883,19,0.9132914543151855
1692003008.6004503,20,0.9127523899078369
1692003049.8630173,21,0.9130160212516785
1692003088.626969,22,0.9130461812019348
1692003131.5581741,23,0.9128993153572083
1692003169.4449158,24,0.9129510521888733
1692003207.0992653,25,0.9128795862197876
1692003244.7523448,26,0.9127933382987976
1692003286.5083764,27,0.9127835035324097
1692003325.5698855,28,0.9128044247627258
1692003369.0619507,29,0.9128146767616272
1692003403.5497878,30,0.9127767086029053
