Wall time,Step,Value
1692002186.3474844,0,33.52204132080078
1692002226.3358717,1,34.576377868652344
1692002267.686838,2,34.81084060668945
1692002306.5267735,3,34.94522476196289
1692002349.057947,4,34.917388916015625
1692002394.4505708,5,34.93844223022461
1692002434.9235694,6,35.01118469238281
1692002476.1334424,7,35.049171447753906
1692002518.1300013,8,35.03281784057617
1692002557.7424755,9,35.03887176513672
1692002598.06649,10,35.01298522949219
1692002639.8997262,11,35.005897521972656
1692002679.7559044,12,35.02305221557617
1692002720.9290059,13,35.01203536987305
1692002760.9140372,14,35.002830505371094
1692002801.8055046,15,34.96925735473633
1692002843.9421675,16,34.9707145690918
1692002888.016152,17,34.97520065307617
1692002926.5008347,18,34.96642303466797
1692002969.3182924,19,34.94923400878906
1692003012.3660784,20,34.935237884521484
1692003052.424536,21,34.93464660644531
1692003092.6053631,22,34.93655776977539
1692003132.0157425,23,34.924842834472656
1692003173.3358402,24,34.91341018676758
1692003213.1757019,25,34.9116325378418
1692003253.6885583,26,34.90953063964844
1692003293.4249988,27,34.90950012207031
1692003334.8842976,28,34.90782928466797
1692003376.245876,29,34.90385818481445
1692003406.0170393,30,34.899383544921875
