Wall time,Step,Value
1691879317.228574,0,0.867307722568512
1691879348.6122382,1,0.8733475804328918
1691879382.6957521,2,0.8747169375419617
1691879415.923004,3,0.8783387541770935
1691879452.398298,4,0.8782352209091187
1691879485.8351054,5,0.8794294595718384
1691879519.9626756,6,0.8800256848335266
1691879556.3941195,7,0.8797391057014465
1691879591.7310526,8,0.8799095749855042
1691879627.8789868,9,0.8793942928314209
1691879666.180257,10,0.8796006441116333
1691879700.9683,11,0.8797655701637268
1691879737.9753113,12,0.8791050314903259
1691879772.241813,13,0.8797539472579956
1691879809.9647765,14,0.879585862159729
1691879845.942858,15,0.8787440061569214
1691879881.7566643,16,0.8797752857208252
1691879917.9901855,17,0.8786691427230835
1691879952.171786,18,0.8794193863868713
1691879986.8682287,19,0.8791841864585876
1691880021.8161705,20,0.8787643313407898
1691880058.6709802,21,0.8791473507881165
1691880094.3243217,22,0.8788637518882751
1691880129.7167635,23,0.8787775635719299
1691880169.359489,24,0.8787752389907837
1691880203.074317,25,0.8788414597511292
1691880238.5062478,26,0.8787156343460083
1691880271.2366638,27,0.8785955905914307
1691880305.1480014,28,0.878631055355072
1691880324.5503826,29,0.8786057233810425
1691880335.9404578,30,0.8786196112632751
