Wall time,Step,Value
1692002226.2813098,0,33.52204132080078
1692002271.8353274,1,34.50783157348633
1692002311.8015344,2,34.501312255859375
1692002352.134694,3,34.51921463012695
1692002391.3070009,4,34.75572204589844
1692002434.11831,5,34.908199310302734
1692002476.4462569,6,34.91434097290039
1692002517.941801,7,34.98494338989258
1692002560.9114459,8,35.039188385009766
1692002598.8611872,9,35.046043395996094
1692002639.1423056,10,35.0255126953125
1692002681.6268253,11,35.02085494995117
1692002724.2088234,12,35.02534866333008
1692002763.5616589,13,35.02698516845703
1692002805.6045113,14,35.047080993652344
1692002845.6348753,15,35.04090881347656
1692002888.5889406,16,35.040340423583984
1692002927.78673,17,35.03034210205078
1692002966.7745357,18,35.01970672607422
1692003002.8341389,19,35.013423919677734
1692003044.381024,20,35.007144927978516
1692003089.2126071,21,35.00595474243164
1692003127.6210196,22,35.0072021484375
1692003167.5427456,23,35.00326919555664
1692003210.6105843,24,34.996971130371094
1692003251.029405,25,34.994380950927734
1692003290.7499042,26,34.993507385253906
1692003332.6402438,27,34.99049758911133
1692003372.4403238,28,34.989349365234375
1692003403.4846554,29,34.98743438720703
1692003419.5563228,30,34.98629379272461
