Wall time,Step,Value
1692002184.2533832,0,33.52204132080078
1692002227.2344112,1,34.24226760864258
1692002271.2743154,2,34.365020751953125
1692002311.3439326,3,34.59444046020508
1692002351.1383052,4,34.719581604003906
1692002389.8935611,5,34.63003158569336
1692002433.0728242,6,34.64142608642578
1692002475.257234,7,34.71577072143555
1692002515.4779916,8,34.62770080566406
1692002557.7474883,9,34.66961669921875
1692002600.8463695,10,34.7073860168457
1692002641.868529,11,34.636634826660156
1692002680.9361339,12,34.64691162109375
1692002722.3988152,13,34.656307220458984
1692002760.7414367,14,34.655426025390625
1692002803.217764,15,34.62751388549805
1692002843.754226,16,34.651031494140625
1692002886.2296588,17,34.642662048339844
1692002926.1758904,18,34.61595153808594
1692002967.7708514,19,34.622257232666016
1692003008.6004193,20,34.604373931884766
1692003049.862983,21,34.6151237487793
1692003088.6269479,22,34.61619567871094
1692003131.5581508,23,34.60832977294922
1692003169.444882,24,34.60941696166992
1692003207.0992298,25,34.59872055053711
1692003244.752315,26,34.590030670166016
1692003286.508334,27,34.58967971801758
1692003325.5698538,28,34.5921516418457
1692003369.0618885,29,34.59278869628906
1692003403.5497544,30,34.589378356933594
