Wall time,Step,Value
1692002188.4407086,0,0.8966231942176819
1692002226.368126,1,0.9042031764984131
1692002271.112011,2,0.9100816249847412
1692002311.3238342,3,0.9118528366088867
1692002350.9292657,4,0.9138490557670593
1692002396.7559109,5,0.9137349128723145
1692002437.3809853,6,0.914441704750061
1692002476.7694874,7,0.91455078125
1692002518.4288766,8,0.9145610928535461
1692002557.7922611,9,0.9147917628288269
1692002597.0176053,10,0.91521155834198
1692002636.0562363,11,0.9151196479797363
1692002675.010926,12,0.9147784113883972
1692002712.4600842,13,0.914782702922821
1692002752.6793554,14,0.9148328900337219
1692002794.1601927,15,0.915021538734436
1692002835.3246107,16,0.9148714542388916
1692002875.7867172,17,0.9148276448249817
1692002912.2847064,18,0.9147002696990967
1692002950.7369127,19,0.9146844148635864
1692002987.4484065,20,0.9146279692649841
1692003025.2214966,21,0.9146352410316467
1692003063.4415615,22,0.9145580530166626
1692003102.6690905,23,0.914483368396759
1692003136.7488678,24,0.9145188331604004
1692003174.0819747,25,0.9145182371139526
1692003212.7907023,26,0.9144551157951355
1692003250.5422075,27,0.9144440293312073
1692003290.0310328,28,0.9144659042358398
1692003330.6940408,29,0.9144672155380249
1692003372.3377304,30,0.9144189357757568
