Wall time,Step,Value
1691998918.1178188,0,30.36070442199707
1691998958.2503743,1,30.931293487548828
1691999000.7290187,2,31.0698184967041
1691999034.961401,3,31.11627769470215
1691999068.967349,4,31.111997604370117
1691999108.61361,5,31.11911964416504
1691999147.2208061,6,31.09293556213379
1691999185.3414083,7,31.095672607421875
1691999224.0724516,8,31.06597137451172
1691999266.4069808,9,31.06804656982422
1691999310.505199,10,31.064565658569336
1691999348.900829,11,31.040054321289062
1691999391.6471462,12,31.000335693359375
1691999435.0720136,13,31.002113342285156
1691999475.312233,14,30.9714298248291
1691999521.0233579,15,30.948843002319336
1691999559.7153394,16,30.93925666809082
1691999603.8639097,17,30.916311264038086
1691999644.6556485,18,30.907384872436523
1691999683.6865077,19,30.906143188476562
1691999722.5016263,20,30.88145637512207
1691999761.5074115,21,30.87073516845703
1691999801.7403982,22,30.86390495300293
1691999845.016849,23,30.85837745666504
1691999884.1093256,24,30.854360580444336
1691999922.664167,25,30.84375762939453
1691999964.0911977,26,30.83535385131836
1692000005.7848518,27,30.8365421295166
1692000048.8207567,28,30.8304443359375
1692000089.502615,29,30.825286865234375
1692000111.4132223,30,30.822168350219727
