Wall time,Step,Value
1691953187.127814,0,33.61547088623047
1691953227.2745688,1,34.32761001586914
1691953260.6909213,2,34.43162536621094
1691953300.205017,3,34.63776397705078
1691953336.9396698,4,34.791259765625
1691953371.9029512,5,34.81358337402344
1691953412.0929785,6,34.884822845458984
1691953451.1136737,7,34.885501861572266
1691953489.0558705,8,34.8809928894043
1691953527.2065582,9,34.90011978149414
1691953563.1175425,10,34.92141342163086
1691953600.9215834,11,34.932857513427734
1691953638.0597396,12,34.88471221923828
1691953675.2247572,13,34.91990661621094
1691953712.7173436,14,34.89942932128906
1691953748.2797475,15,34.89140701293945
1691953783.5408556,16,34.899532318115234
1691953819.2588022,17,34.888607025146484
1691953855.7778895,18,34.88262176513672
1691953894.260397,19,34.87431716918945
1691953930.045644,20,34.87046432495117
1691953966.9173026,21,34.86832809448242
1691954001.771451,22,34.86610412597656
1691954039.235577,23,34.862892150878906
1691954076.2917829,24,34.85811996459961
1691954115.241196,25,34.8548583984375
1691954152.7584884,26,34.85253143310547
1691954188.4875627,27,34.85298156738281
1691954224.6738818,28,34.85300064086914
1691954256.9315333,29,34.85190963745117
1691954284.087816,30,34.84929275512695
