Wall time,Step,Value
1691877735.2945304,0,0.8309105634689331
1691877772.6921542,1,0.8326700329780579
1691877807.7346163,2,0.8374233841896057
1691877840.72526,3,0.8383944630622864
1691877869.25833,4,0.8378677368164062
1691877903.9679735,5,0.8382082581520081
1691877937.9574237,6,0.8388800024986267
1691877969.2470915,7,0.8387710452079773
1691878006.8433037,8,0.8383930325508118
1691878041.294057,9,0.8384195566177368
1691878075.47264,10,0.8383188843727112
1691878108.8131766,11,0.8378744721412659
1691878142.070304,12,0.8373172879219055
1691878172.9379897,13,0.8374124765396118
1691878209.100735,14,0.8370805978775024
1691878242.6555822,15,0.836646556854248
1691878277.7128925,16,0.8364800810813904
1691878307.1507359,17,0.8362837433815002
1691878341.0273187,18,0.835813581943512
1691878374.0986867,19,0.8358044624328613
1691878407.4719083,20,0.8356425762176514
1691878442.9310265,21,0.8354520201683044
1691878474.0815358,22,0.8351866602897644
1691878506.1715603,23,0.8350752592086792
1691878540.318623,24,0.8350501656532288
1691878573.5624528,25,0.8348745107650757
1691878607.1944883,26,0.8347812294960022
1691878639.0649428,27,0.834703803062439
1691878671.3942134,28,0.8346104025840759
1691878703.6446497,29,0.8345030546188354
1691878724.8392076,30,0.8344727754592896
