Wall time,Step,Value
1691878740.3813627,0,0.8179606199264526
1691878745.4837048,1,0.8560411930084229
1691878750.173206,2,0.8816642761230469
1691878755.1568358,3,0.8904160857200623
1691878760.8130388,4,0.8929677605628967
1691878767.4944234,5,0.8949189186096191
1691878774.3810856,6,0.8920285105705261
1691878782.2619593,7,0.8949550986289978
1691878790.719179,8,0.8959859609603882
1691878799.7179935,9,0.8944005370140076
1691878809.7208352,10,0.8962528705596924
1691878818.8736298,11,0.8963247537612915
1691878828.277566,12,0.8953157067298889
1691878837.4875216,13,0.8961961269378662
1691878846.7282672,14,0.8952602744102478
1691878856.2731016,15,0.8960046768188477
1691878866.1717029,16,0.8959836363792419
1691878876.458942,17,0.8957045078277588
1691878885.5409412,18,0.8957331776618958
1691878894.7902436,19,0.8957323431968689
1691878903.7197022,20,0.8955714702606201
1691878913.4832025,21,0.8955544829368591
1691878922.8870053,22,0.8954830169677734
1691878932.0170848,23,0.8954271674156189
1691878941.3131034,24,0.8953396081924438
1691878950.5812173,25,0.8953456282615662
1691878960.0254152,26,0.8953610062599182
1691878969.0304344,27,0.895280122756958
1691878978.4452019,28,0.8952739834785461
1691878987.4640996,29,0.8952410817146301
1691878997.2183547,30,0.8952279686927795
