Wall time,Step,Value
1691878767.766888,0,0.8179606199264526
1691878775.038695,1,0.8756267428398132
1691878783.1726677,2,0.8875004053115845
1691878791.124915,3,0.8911647796630859
1691878799.9179413,4,0.893531084060669
1691878809.9680083,5,0.8950531482696533
1691878819.4677377,6,0.893735408782959
1691878828.465613,7,0.8958606123924255
1691878838.2006783,8,0.8960568308830261
1691878847.117755,9,0.896743893623352
1691878857.0967693,10,0.8961225152015686
1691878866.3177202,11,0.8962716460227966
1691878875.5794237,12,0.8965905904769897
1691878885.0678847,13,0.8958797454833984
1691878893.7464602,14,0.8963963985443115
1691878903.2811155,15,0.8964293599128723
1691878912.764098,16,0.895822286605835
1691878922.295115,17,0.8962062001228333
1691878931.4822686,18,0.8962492346763611
1691878940.9856474,19,0.8959119915962219
1691878950.5494378,20,0.895826518535614
1691878959.4088109,21,0.8959988355636597
1691878968.3034105,22,0.8959444165229797
1691878977.476267,23,0.8957611918449402
1691878986.5769682,24,0.8957518935203552
1691878996.5715764,25,0.8958236575126648
1691879004.2629607,26,0.8957182765007019
1691879012.2131653,27,0.8956636190414429
1691879019.9129436,28,0.8956605792045593
1691879027.1113608,29,0.8956759572029114
1691879033.7877877,30,0.8956343531608582
