Wall time,Step,Value
1692002188.4222434,0,0.8966231942176819
1692002227.8815908,1,0.9072496891021729
1692002269.0190825,2,0.9110223650932312
1692002311.3321404,3,0.9139049053192139
1692002350.3587267,4,0.9145088791847229
1692002395.9978013,5,0.9137827157974243
1692002437.167367,6,0.914742112159729
1692002476.0568757,7,0.9150854349136353
1692002512.9747186,8,0.9143310785293579
1692002552.370247,9,0.9153801798820496
1692002592.451824,10,0.9152399897575378
1692002631.183146,11,0.9150412678718567
1692002670.0730813,12,0.9152939915657043
1692002710.7499108,13,0.9153897166252136
1692002749.401026,14,0.9152467846870422
1692002784.8811896,15,0.9151407480239868
1692002821.9345682,16,0.9152600765228271
1692002857.898569,17,0.9152693152427673
1692002903.5386562,18,0.9151608943939209
1692002945.4575007,19,0.9151479005813599
1692002986.729811,20,0.9151716232299805
1692003025.2208843,21,0.9151646494865417
1692003063.1060379,22,0.9151171445846558
1692003104.3196821,23,0.9151054620742798
1692003149.444169,24,0.9150639772415161
1692003187.7616735,25,0.9150761961936951
1692003230.0060222,26,0.9150524139404297
1692003272.4520507,27,0.9150656461715698
1692003311.9216783,28,0.9150292277336121
1692003349.5253043,29,0.9150111079216003
1692003385.2920492,30,0.9150112867355347
