Wall time,Step,Value
1693858516.1351926,0,0.8661839962005615
1693858539.280275,1,0.8792106509208679
1693858569.4965303,2,0.8816832304000854
1693858604.276894,3,0.8823023438453674
1693858638.8909924,4,0.8828591704368591
1693858671.2230184,5,0.8823659420013428
1693858707.4618368,6,0.8832354545593262
1693858740.20978,7,0.8833789825439453
1693858773.3586164,8,0.8834707736968994
1693858812.1213787,9,0.8832513689994812
1693858845.5494585,10,0.8830310702323914
1693858881.217889,11,0.8828029036521912
1693858916.557944,12,0.8826885223388672
1693858951.3923392,13,0.8826169967651367
1693858986.4502604,14,0.8826197385787964
1693859020.5894828,15,0.8824061751365662
1693859059.2632654,16,0.8823065757751465
1693859090.857173,17,0.8821495771408081
1693859123.6876462,18,0.8819661140441895
1693859156.8325045,19,0.8819901347160339
1693859190.6883583,20,0.881919264793396
1693859227.757882,21,0.8818069100379944
1693859263.104771,22,0.8817593455314636
1693859301.5184758,23,0.881670355796814
1693859337.259862,24,0.881598174571991
1693859370.175027,25,0.8815516829490662
1693859407.5308444,26,0.8815188407897949
1693859442.038039,27,0.8814592957496643
1693859478.0464675,28,0.88144451379776
1693859513.1546104,29,0.8814160227775574
1693859548.8188958,30,0.8813880085945129
