Wall time,Step,Value
1693853699.072773,0,0.9013347029685974
1693853705.2488358,1,0.9066131114959717
1693853711.5058851,2,0.9105159044265747
1693853717.3153284,3,0.9106523394584656
1693853723.4697075,4,0.9110409021377563
1693853729.9965887,5,0.9114179611206055
1693853736.8822687,6,0.9114071130752563
1693853744.7114918,7,0.9114224910736084
1693853751.5225935,8,0.9115020036697388
1693853759.1431253,9,0.9113242626190186
1693853766.699009,10,0.9113042950630188
1693853775.9530022,11,0.9113290905952454
1693853785.7191374,12,0.9110947847366333
1693853795.2219958,13,0.9111670255661011
1693853805.8521075,14,0.9110417366027832
1693853816.1381218,15,0.9108337163925171
1693853826.3580935,16,0.9107773303985596
1693853836.54996,17,0.9107668399810791
1693853846.9727185,18,0.9106696844100952
1693853857.4721222,19,0.9105709195137024
1693853867.6262867,20,0.9104841947555542
1693853877.8438554,21,0.910466730594635
1693853888.581102,22,0.910449743270874
1693853898.4281454,23,0.9103748202323914
1693853908.6677465,24,0.9102988243103027
1693853918.889915,25,0.9102697968482971
1693853929.3542285,26,0.9102697968482971
1693853939.7695775,27,0.9102069735527039
1693853950.0674145,28,0.9102209806442261
1693853958.2864084,29,0.9101905226707458
1693853967.392301,30,0.9101550579071045
