Wall time,Step,Value
1693866155.2796814,0,29.717266082763672
1693866186.58443,1,31.127811431884766
1693866222.4021096,2,31.141965866088867
1693866253.603696,3,31.237903594970703
1693866283.3966131,4,31.25942039489746
1693866316.897224,5,31.24123764038086
1693866348.6300569,6,31.25922393798828
1693866374.9135795,7,31.273054122924805
1693866397.6483748,8,31.288785934448242
1693866419.5972416,9,31.231111526489258
1693866450.2652376,10,31.236797332763672
1693866476.054687,11,31.226837158203125
1693866498.4653716,12,31.207483291625977
1693866524.0314803,13,31.19263458251953
1693866556.6174178,14,31.163061141967773
1693866586.3131473,15,31.15300750732422
1693866617.5413318,16,31.143747329711914
1693866649.663363,17,31.120685577392578
1693866683.4604216,18,31.107791900634766
1693866721.3482053,19,31.099199295043945
1693866752.3933835,20,31.088926315307617
1693866786.0316453,21,31.072509765625
1693866816.3617797,22,31.067243576049805
1693866847.2562518,23,31.055450439453125
1693866880.9158955,24,31.04576301574707
1693866915.8025067,25,31.04191017150879
1693866950.2150657,26,31.036758422851562
1693866983.3632927,27,31.031726837158203
1693867020.668047,28,31.02601432800293
1693867055.9239082,29,31.023170471191406
1693867091.9424322,30,31.02081298828125
