Wall time,Step,Value
1693864711.1671731,0,30.80486297607422
1693864743.1982732,1,31.503698348999023
1693864776.4419003,2,31.717287063598633
1693864802.501738,3,31.79833984375
1693864827.9748917,4,31.795438766479492
1693864853.6552477,5,31.764698028564453
1693864881.6498413,6,31.77655792236328
1693864908.1155639,7,31.79855728149414
1693864932.0461826,8,31.7910213470459
1693864958.5564206,9,31.81276512145996
1693864987.1580935,10,31.78976821899414
1693865013.0217688,11,31.756942749023438
1693865038.1010048,12,31.7703800201416
1693865060.8682835,13,31.7603702545166
1693865084.6590023,14,31.744909286499023
1693865107.9152539,15,31.74258804321289
1693865131.4150958,16,31.72343635559082
1693865156.0808527,17,31.71073341369629
1693865180.5943644,18,31.705184936523438
1693865204.893746,19,31.69548988342285
1693865227.9256587,20,31.686357498168945
1693865252.643348,21,31.68150520324707
1693865278.2599351,22,31.674753189086914
1693865304.3135524,23,31.666980743408203
1693865331.7315946,24,31.662731170654297
1693865359.2503211,25,31.660287857055664
1693865385.3669693,26,31.657014846801758
1693865410.485706,27,31.653799057006836
1693865436.7035153,28,31.651405334472656
1693865464.125716,29,31.64942741394043
1693865484.910585,30,31.646961212158203
