Wall time,Step,Value
1693857345.7881935,0,30.80486297607422
1693857381.852128,1,31.517133712768555
1693857410.1076112,2,31.71175193786621
1693857444.6710992,3,31.795085906982422
1693857479.5022347,4,31.800636291503906
1693857513.1416655,5,31.775592803955078
1693857545.8276777,6,31.777355194091797
1693857581.112635,7,31.82009506225586
1693857615.0815787,8,31.797985076904297
1693857649.6939504,9,31.779390335083008
1693857683.2024045,10,31.77379035949707
1693857714.4633632,11,31.76431655883789
1693857747.9237373,12,31.77911949157715
1693857781.9412422,13,31.76011848449707
1693857816.436987,14,31.741283416748047
1693857849.6561468,15,31.739635467529297
1693857881.9821086,16,31.72771453857422
1693857912.462431,17,31.7159481048584
1693857943.8819091,18,31.72142791748047
1693857978.4026856,19,31.708709716796875
1693858013.0541143,20,31.69586753845215
1693858050.2826014,21,31.69797134399414
1693858086.4380727,22,31.695560455322266
1693858120.403354,23,31.688655853271484
1693858149.1489065,24,31.679243087768555
1693858183.409026,25,31.677440643310547
1693858213.4262996,26,31.67754364013672
1693858244.9331336,27,31.674463272094727
1693858279.5516996,28,31.67271614074707
1693858313.4897265,29,31.67056655883789
1693858345.4990237,30,31.668275833129883
