Wall time,Step,Value
1693865873.7474298,0,0.9013347029685974
1693865888.8204024,1,0.9069622755050659
1693865901.4528735,2,0.9099010229110718
1693865915.1831753,3,0.9104645252227783
1693865927.6621225,4,0.9098363518714905
1693865941.6841497,5,0.9105978608131409
1693865954.6662357,6,0.908942461013794
1693865967.9847667,7,0.9104868769645691
1693865981.4427133,8,0.9094299077987671
1693865994.7004902,9,0.9106820821762085
1693866009.2491095,10,0.9100381731987
1693866022.1652527,11,0.9100959300994873
1693866034.896053,12,0.9096165895462036
1693866048.921467,13,0.9100590348243713
1693866062.2586126,14,0.9095491766929626
1693866075.4847543,15,0.9095138907432556
1693866086.6345088,16,0.9093402624130249
1693866098.5519872,17,0.9094265103340149
1693866111.6789873,18,0.9091157913208008
1693866123.465238,19,0.9092817902565002
1693866141.5167274,20,0.9089639186859131
1693866158.4468265,21,0.9089910984039307
1693866177.169587,22,0.9090384840965271
1693866191.4181695,23,0.9088444113731384
1693866211.7843816,24,0.9087794423103333
1693866225.2226043,25,0.9087945818901062
1693866245.341789,26,0.908753514289856
1693866260.817268,27,0.9086655378341675
1693866281.8253107,28,0.9086763262748718
1693866298.6443565,29,0.9086600542068481
1693866316.2545161,30,0.9086358547210693
