Wall time,Step,Value
1693858597.5455399,0,0.8661839962005615
1693858636.295979,1,0.8795062899589539
1693858671.4314885,2,0.8817931413650513
1693858706.8876452,3,0.8824787139892578
1693858740.5431073,4,0.8831733465194702
1693858774.8173742,5,0.8835119009017944
1693858810.0298452,6,0.883814811706543
1693858843.4439821,7,0.8842542767524719
1693858875.065234,8,0.8838133215904236
1693858911.2273777,9,0.8837335109710693
1693858940.3402464,10,0.8838554620742798
1693858975.4954927,11,0.8835063576698303
1693859009.8005261,12,0.8836148381233215
1693859042.7910776,13,0.8833812475204468
1693859079.7124734,14,0.883240818977356
1693859116.5643017,15,0.8832553029060364
1693859154.0980282,16,0.8831059336662292
1693859189.4376137,17,0.8831083178520203
1693859222.464175,18,0.8829548358917236
1693859258.3577847,19,0.8828015923500061
1693859292.2796843,20,0.8828115463256836
1693859322.2720563,21,0.8827636241912842
1693859362.613809,22,0.8827638030052185
1693859397.6097372,23,0.8826643228530884
1693859431.4828448,24,0.8825656175613403
1693859471.3431098,25,0.882554829120636
1693859506.780324,26,0.8825819492340088
1693859537.8109083,27,0.8825312256813049
1693859568.799826,28,0.8825045824050903
1693859589.7364688,29,0.8824818730354309
1693859605.631096,30,0.8824552893638611
