Wall time,Step,Value
1693853292.8669221,0,0.8917769193649292
1693853300.5491357,1,0.9072394967079163
1693853308.862095,2,0.9060752391815186
1693853317.3494325,3,0.9087505340576172
1693853326.2453055,4,0.9084820747375488
1693853334.9264889,5,0.9104196429252625
1693853343.3935046,6,0.9103053212165833
1693853352.2046037,7,0.9098522663116455
1693853361.4475513,8,0.9102195501327515
1693853370.8235643,9,0.9096462726593018
1693853379.85316,10,0.9098661541938782
1693853388.6768684,11,0.9097743630409241
1693853397.7858458,12,0.9095057249069214
1693853406.589172,13,0.909164547920227
1693853415.2766578,14,0.9092202186584473
1693853424.705084,15,0.9089783430099487
1693853434.0877788,16,0.9088702201843262
1693853442.778398,17,0.9088180065155029
1693853451.69549,18,0.9085215330123901
1693853460.8988552,19,0.9084985852241516
1693853469.1945221,20,0.9084908366203308
1693853478.1001065,21,0.9083130359649658
1693853486.2847645,22,0.9082562327384949
1693853495.6654453,23,0.9082577228546143
1693853504.9023004,24,0.9081763029098511
1693853513.4402804,25,0.9081231355667114
1693853521.8330567,26,0.9080688953399658
1693853530.7104294,27,0.9080685973167419
1693853539.7569213,28,0.9080485105514526
1693853547.3088672,29,0.9080202579498291
1693853553.2161794,30,0.9079928398132324
