Wall time,Step,Value
1693908126.2747064,0,30.02817726135254
1693908139.6081047,1,31.142099380493164
1693908152.4454443,2,31.223344802856445
1693908166.001582,3,31.204837799072266
1693908179.6811166,4,31.319236755371094
1693908193.2067087,5,31.301931381225586
1693908206.3251238,6,31.227815628051758
1693908219.9907825,7,31.2830810546875
1693908233.8448405,8,31.296266555786133
1693908246.9113088,9,31.1806697845459
1693908260.4846478,10,31.231563568115234
1693908274.784732,11,31.226274490356445
1693908287.2997077,12,31.178071975708008
1693908300.8798912,13,31.176326751708984
1693908312.9489741,14,31.17098045349121
1693908325.8524344,15,31.145524978637695
1693908338.6518097,16,31.125808715820312
1693908352.5057096,17,31.125253677368164
1693908364.6882272,18,31.113922119140625
1693908377.8355193,19,31.10114860534668
1693908389.8303964,20,31.09239959716797
1693908402.3336854,21,31.08332061767578
1693908415.0212352,22,31.074214935302734
1693908429.0636551,23,31.07030487060547
1693908441.6032047,24,31.065752029418945
1693908453.6623235,25,31.058748245239258
1693908466.142984,26,31.052812576293945
1693908478.1316938,27,31.050029754638672
1693908491.8878586,28,31.04668426513672
1693908505.1467757,29,31.04401206970215
1693908517.1658468,30,31.041234970092773
