Wall time,Step,Value
1693857345.7882197,0,0.8689829707145691
1693857381.8521621,1,0.8806952834129333
1693857410.1076455,2,0.883095920085907
1693857444.6711495,3,0.8843995928764343
1693857479.5022712,4,0.8851260542869568
1693857513.1416907,5,0.8845464587211609
1693857545.8277047,6,0.8847342133522034
1693857581.1126711,7,0.8850714564323425
1693857615.0816152,8,0.8849382996559143
1693857649.6939857,9,0.8847658038139343
1693857683.2024264,10,0.8846802711486816
1693857714.4633858,11,0.8845958113670349
1693857747.923779,12,0.8846315145492554
1693857781.9412625,13,0.8845522403717041
1693857816.4370158,14,0.884422779083252
1693857849.6561825,15,0.8842014670372009
1693857881.9821389,16,0.8842064738273621
1693857912.4624512,17,0.8842191100120544
1693857943.8819325,18,0.8840423226356506
1693857978.4027085,19,0.8839268088340759
1693858013.054141,20,0.8839341998100281
1693858050.282622,21,0.8838538527488708
1693858086.4380941,22,0.8838297128677368
1693858120.4033816,23,0.883763313293457
1693858149.1489303,24,0.8836755752563477
1693858183.409047,25,0.883637011051178
1693858213.4263234,26,0.883644700050354
1693858244.933157,27,0.8835925459861755
1693858279.5517244,28,0.8835808634757996
1693858313.4897518,29,0.8835622072219849
1693858345.499045,30,0.8835319876670837
