Wall time,Step,Value
1693857338.296316,0,0.8689829707145691
1693857369.0989404,1,0.8799702525138855
1693857403.6475382,2,0.8830662965774536
1693857441.9115577,3,0.8823754787445068
1693857478.6081371,4,0.8844773769378662
1693857515.010466,5,0.8842898011207581
1693857550.2461374,6,0.8844566345214844
1693857587.8299096,7,0.8849984407424927
1693857626.2256954,8,0.8839633464813232
1693857662.6264374,9,0.8848732709884644
1693857699.7528136,10,0.8846777081489563
1693857739.6346195,11,0.8842553496360779
1693857776.5176494,12,0.88443922996521
1693857813.683506,13,0.8841646313667297
1693857849.670538,14,0.8842124342918396
1693857887.832223,15,0.8841213583946228
1693857925.1795094,16,0.8839084506034851
1693857959.314832,17,0.8839406371116638
1693857998.0010436,18,0.8837735056877136
1693858035.1645331,19,0.8837520480155945
1693858070.100574,20,0.8836649060249329
1693858107.072912,21,0.8835535049438477
1693858141.6965106,22,0.8834965229034424
1693858180.3963196,23,0.8834836483001709
1693858216.4465098,24,0.8834509253501892
1693858250.0916557,25,0.8833968043327332
1693858284.7670155,26,0.8833506107330322
1693858318.3576353,27,0.8833098411560059
1693858353.8891387,28,0.8832905888557434
1693858384.2388368,29,0.8832510709762573
1693858406.6097164,30,0.8832232356071472
