Wall time,Step,Value
1693854550.3770452,0,0.8217977285385132
1693854585.6765368,1,0.8384659290313721
1693854619.1401982,2,0.8391678929328918
1693854657.5362856,3,0.8398042917251587
1693854689.2066772,4,0.8407938480377197
1693854729.689937,5,0.8399267196655273
1693854763.7789576,6,0.8405053019523621
1693854803.540293,7,0.8395943641662598
1693854839.2749493,8,0.8404549360275269
1693854872.4502234,9,0.840178370475769
1693854910.5231361,10,0.8398798108100891
1693854947.859643,11,0.8400781750679016
1693854983.9965494,12,0.8396323323249817
1693855017.7967904,13,0.8392584919929504
1693855056.1265137,14,0.8390963077545166
1693855092.894317,15,0.8389377593994141
1693855131.710737,16,0.8386725783348083
1693855165.798567,17,0.8384219408035278
1693855202.3012137,18,0.8383520245552063
1693855238.2398937,19,0.8381690979003906
1693855273.9757006,20,0.8380245566368103
1693855308.8318992,21,0.8378133773803711
1693855346.4111724,22,0.8376859426498413
1693855378.6596994,23,0.8375785946846008
1693855412.742566,24,0.837504506111145
1693855445.2584805,25,0.8374173045158386
1693855483.1217709,26,0.8373530507087708
1693855520.2047017,27,0.8372597694396973
1693855555.1155748,28,0.837212860584259
1693855595.4274895,29,0.8371444344520569
1693855633.2952209,30,0.8371039032936096
