Wall time,Step,Value
1693864711.1671956,0,0.8689829707145691
1693864743.1982946,1,0.8788960576057434
1693864776.441926,2,0.8826339244842529
1693864802.5017617,3,0.8847736716270447
1693864827.9749177,4,0.884552001953125
1693864853.655269,5,0.884944498538971
1693864881.649864,6,0.884395182132721
1693864908.115585,7,0.8849798440933228
1693864932.0462062,8,0.885310173034668
1693864958.5564497,9,0.884892463684082
1693864987.158122,10,0.8850745558738708
1693865013.0217922,11,0.8846696019172668
1693865038.1010249,12,0.884661853313446
1693865060.8683188,13,0.8846418857574463
1693865084.6590261,14,0.8844400644302368
1693865107.9152877,15,0.8843854665756226
1693865131.4151187,16,0.8842630386352539
1693865156.0808792,17,0.8840553164482117
1693865180.5943813,18,0.883953332901001
1693865204.8937693,19,0.8839244246482849
1693865227.9256852,20,0.883860170841217
1693865252.6433692,21,0.883729100227356
1693865278.2599566,22,0.8836638331413269
1693865304.3135858,23,0.8836103677749634
1693865331.7316244,24,0.8835384249687195
1693865359.2503445,25,0.8835034966468811
1693865385.3670053,26,0.8834639191627502
1693865410.485741,27,0.8834396004676819
1693865436.7035403,28,0.8834050297737122
1693865464.1257384,29,0.8833770155906677
1693865484.9106376,30,0.8833538889884949
