Wall time,Step,Value
1693864722.661795,0,0.8689829707145691
1693864754.6164875,1,0.8793394565582275
1693864783.162978,2,0.8827577829360962
1693864809.8406675,3,0.8832873106002808
1693864837.1395166,4,0.8838822245597839
1693864862.758103,5,0.8835785984992981
1693864887.2653248,6,0.8828398585319519
1693864913.664956,7,0.8829577565193176
1693864939.2907724,8,0.883641242980957
1693864965.7703836,9,0.8830072283744812
1693864990.401307,10,0.8828185796737671
1693865014.8111374,11,0.8825408816337585
1693865040.530448,12,0.8822958469390869
1693865064.689845,13,0.8824160695075989
1693865087.0918953,14,0.8820903301239014
1693865109.3867047,15,0.8818594813346863
1693865133.4977617,16,0.8816585540771484
1693865155.4438417,17,0.8817347288131714
1693865179.7786038,18,0.8816291093826294
1693865201.5625973,19,0.8814007043838501
1693865225.0367024,20,0.8812699913978577
1693865248.7923172,21,0.8811458349227905
1693865271.8088102,22,0.881101131439209
1693865297.3451736,23,0.8809975385665894
1693865320.8197134,24,0.8809161186218262
1693865346.0182638,25,0.8808574080467224
1693865370.4347286,26,0.8807997703552246
1693865398.3804107,27,0.8807698488235474
1693865425.2804692,28,0.8807092905044556
1693865449.3093073,29,0.8806870579719543
1693865475.050553,30,0.8806527256965637
