Wall time,Step,Value
1690983455.755651,0,0.8645279407501221
1690983603.2693918,1,0.8797828555107117
1690983640.9968998,2,0.8812117576599121
1690983678.3442194,3,0.8824108839035034
1690983714.44385,4,0.8823002576828003
1690983752.7734723,5,0.8824019432067871
1690983785.9676924,6,0.883392870426178
1690983820.7033787,7,0.8834529519081116
1690983858.588954,8,0.8827690482139587
1690983894.9592261,9,0.8831896185874939
1690983934.539077,10,0.8834394216537476
1690983976.8882813,11,0.8827273845672607
1690984017.2045708,12,0.8827739953994751
1690984053.673357,13,0.8827881217002869
1690984089.0507736,14,0.8825671672821045
1690984125.451789,15,0.8824097514152527
1690984160.079687,16,0.8825017809867859
1690984196.7874372,17,0.8823245167732239
1690984241.6520898,18,0.8822515606880188
1690984280.6870077,19,0.8821051120758057
1690984317.0647724,20,0.8820521235466003
1690984355.468748,21,0.8820358514785767
1690984397.0784569,22,0.8820409178733826
1690984435.1745143,23,0.8819191455841064
1690984475.9596484,24,0.8817768096923828
1690984515.374401,25,0.8818107843399048
1690984552.4676917,26,0.8818449974060059
1690984589.5423846,27,0.8817611932754517
1690984624.4088213,28,0.8817489147186279
1690984656.5594366,29,0.8817071914672852
1690984674.315266,30,0.881687581539154
