Wall time,Step,Value
1690983416.420699,0,0.8645279407501221
1690983472.1698098,1,0.8762158155441284
1690983557.1887293,2,0.8759511113166809
1690983606.3408115,3,0.8794065117835999
1690983640.5095372,4,0.8802828192710876
1690983675.1293058,5,0.8819537162780762
1690983711.060141,6,0.881025493144989
1690983746.8205223,7,0.8822183012962341
1690983784.9393208,8,0.882208526134491
1690983821.347236,9,0.8825294375419617
1690983855.6757867,10,0.882386326789856
1690983891.2276511,11,0.882138729095459
1690983927.1987212,12,0.8823575377464294
1690983961.9469051,13,0.8818129301071167
1690984001.5371947,14,0.8816670179367065
1690984036.8153133,15,0.8818126320838928
1690984072.914891,16,0.8816718459129333
1690984108.5143518,17,0.881542980670929
1690984146.0034823,18,0.8812976479530334
1690984183.9240887,19,0.8812478184700012
1690984216.5495126,20,0.8811750411987305
1690984252.7122562,21,0.8811125159263611
1690984290.5321014,22,0.8810285925865173
1690984327.5013492,23,0.8809411525726318
1690984365.091953,24,0.880884051322937
1690984400.839178,25,0.880896806716919
1690984439.0846972,26,0.880811870098114
1690984476.4173188,27,0.8807762265205383
1690984515.9064956,28,0.8807544112205505
1690984549.5847805,29,0.8807546496391296
1690984587.5573394,30,0.8807315230369568
