Wall time,Step,Value
1690986740.7449396,0,0.90803062915802
1690986753.2569528,1,0.9088201522827148
1690986766.4821167,2,0.9107162356376648
1690986780.5946002,3,0.9128212332725525
1690986793.2507796,4,0.9123363494873047
1690986805.0178099,5,0.914671778678894
1690986817.221458,6,0.913221001625061
1690986828.9423695,7,0.915131688117981
1690986839.5409956,8,0.9144448041915894
1690986851.84977,9,0.9144298434257507
1690986862.99629,10,0.9152665138244629
1690986875.0677838,11,0.9151748418807983
1690986886.2317493,12,0.9148805737495422
1690986896.979608,13,0.9149051308631897
1690986908.0809426,14,0.914723813533783
1690986919.154305,15,0.9148348569869995
1690986931.1248827,16,0.9144483804702759
1690986942.4267688,17,0.9145833849906921
1690986954.5697608,18,0.9145127534866333
1690986965.9611914,19,0.9147476553916931
1690986977.5833883,20,0.9145712852478027
1690986988.73145,21,0.9141433835029602
1690987000.7495012,22,0.9142824411392212
1690987012.1031792,23,0.914373517036438
1690987024.6850588,24,0.9143772125244141
1690987036.8415792,25,0.9142206311225891
1690987047.9789352,26,0.9141435027122498
1690987058.071561,27,0.9142213463783264
1690987065.5847874,28,0.9141697883605957
1690987071.5781631,29,0.9141414165496826
1690987077.337647,30,0.9141049385070801
