Wall time,Step,Value
1684949452.405709,0,0.907933235168457
1684949471.5644207,1,0.9221189022064209
1684949482.906284,2,0.925804615020752
1684949493.9235382,3,0.9273757934570312
1684949504.9528055,4,0.9287616610527039
1684949516.4772935,5,0.9291465282440186
1684949528.3711271,6,0.9304426312446594
1684949539.4421718,7,0.9307385683059692
1684949550.6411006,8,0.931688129901886
1684949562.3466263,9,0.9323342442512512
1684949574.4199486,10,0.9327514171600342
1684949586.6103637,11,0.9329794049263
1684949598.3211675,12,0.9337842464447021
1684949611.4876552,13,0.9343910217285156
1684949623.932247,14,0.9345648288726807
1684949636.2901154,15,0.9348117113113403
1684949648.7428882,16,0.9351133704185486
1684949660.7332535,17,0.9355743527412415
1684949673.151801,18,0.9361379742622375
1684949685.4383833,19,0.9355114698410034
1684949697.8092606,20,0.9353960156440735
1684949710.4066286,21,0.9358797073364258
1684949722.411527,22,0.9359588027000427
1684949734.5163605,23,0.9369416236877441
1684949746.8545318,24,0.9369021058082581
1684949759.3116457,25,0.9366989135742188
1684949772.4688032,26,0.9376497268676758
1684949785.4080796,27,0.9372144937515259
1684949797.9800708,28,0.9380609393119812
1684949809.7316003,29,0.9381502270698547
