Wall time,Step,Value
1684949470.0705583,0,0.8279814124107361
1684949481.4173064,1,0.8275536298751831
1684949492.3243635,2,0.8258723020553589
1684949503.3251579,3,0.8243916630744934
1684949514.8814487,4,0.8242869973182678
1684949526.7988982,5,0.8240095376968384
1684949537.8375714,6,0.8237027525901794
1684949548.9963174,7,0.823762834072113
1684949560.2756836,8,0.823855996131897
1684949572.3234973,9,0.8232957720756531
1684949584.745619,10,0.8226850032806396
1684949596.3020236,11,0.8230323791503906
1684949609.1865828,12,0.8229495882987976
1684949621.8793616,13,0.8228111267089844
1684949634.3458068,14,0.8225104212760925
1684949646.5130615,15,0.8225257992744446
1684949658.8333268,16,0.8220576047897339
1684949671.2520132,17,0.8221222758293152
1684949683.5890176,18,0.8220469355583191
1684949695.7715182,19,0.8212012648582458
1684949708.3010623,20,0.8212379217147827
1684949720.345079,21,0.8216682076454163
1684949732.407609,22,0.8216370344161987
1684949744.8207436,23,0.8211051821708679
1684949757.4855216,24,0.821232795715332
1684949770.3556695,25,0.8208416104316711
1684949783.2159166,26,0.8207144141197205
1684949795.770216,27,0.8203760385513306
1684949807.8759506,28,0.8200830817222595
1684949819.6305923,29,0.8201534152030945
