Wall time,Step,Value
1684754133.6509962,1,0.06395580619573593
1684755578.0972233,2,0.05871306732296944
1684757047.5477514,3,0.05323104187846184
1684758516.7308042,4,0.04913429915904999
1684759943.1692944,5,0.04487312585115433
1684761443.2474108,6,0.05066019296646118
1684762968.8481352,7,0.04471227899193764
1684764482.030514,8,0.04161914438009262
1684766127.7918942,9,0.039734721183776855
