Wall time,Step,Value
1686593798.5338988,1,0.8877425789833069
1686593808.0529568,2,0.8919532895088196
1686593817.9819224,3,0.8938228487968445
1686593825.740913,4,0.8930666446685791
1686593833.2554858,5,0.8992612361907959
1686593840.5414844,6,0.8991432189941406
1686593847.127467,7,0.8996788263320923
1686593854.6799006,8,0.9002577066421509
1686593861.605292,9,0.9010830521583557
1686593868.5079553,10,0.9014203548431396
1686593875.7283032,11,0.9013606905937195
1686593882.8585968,12,0.9017306566238403
1686593889.6933668,13,0.9009312391281128
1686593900.4048636,14,0.9016181826591492
1686593911.0655587,15,0.901220977306366
1686593918.7393115,16,0.9014328718185425
1686593925.7967486,17,0.9010316729545593
1686593933.1172905,18,0.9008358716964722
1686593940.3737192,19,0.9009404182434082
1686593947.4682863,20,0.900768518447876
1686593954.8441513,21,0.900175929069519
1686593962.1638472,22,0.899852454662323
1686593968.5244212,23,0.9005275964736938
1686593978.984244,24,0.9003314971923828
1686593989.0402577,25,0.8996492624282837
1686593997.4386675,26,0.89988774061203
1686594005.3554463,27,0.898996114730835
1686594012.5218372,28,0.8993150591850281
1686594019.856818,29,0.8972005844116211
1686594026.764067,30,0.8990308046340942
