Wall time,Step,Value
1686593092.1869388,1,0.8836920261383057
1686593100.2906258,2,0.8917492628097534
1686593107.9454799,3,0.8948904871940613
1686593116.2840278,4,0.8975597023963928
1686593125.538194,5,0.8988943099975586
1686593134.7437627,6,0.8995372653007507
1686593144.3058684,7,0.9003487229347229
1686593152.288551,8,0.9009236693382263
1686593160.1051948,9,0.9012494087219238
1686593167.1635349,10,0.9016016721725464
1686593174.4701486,11,0.9015721678733826
1686593181.3006496,12,0.9016969203948975
1686593188.530985,13,0.9012146592140198
1686593195.856383,14,0.9020769596099854
1686593202.478768,15,0.9014862179756165
1686593209.5979803,16,0.9019680023193359
1686593218.401309,17,0.9020392894744873
1686593228.756303,18,0.9018630385398865
1686593238.3282757,19,0.9017202258110046
1686593246.0725932,20,0.9020390510559082
1686593253.622799,21,0.9017212986946106
1686593260.7615283,22,0.9017934203147888
1686593268.110012,23,0.9014845490455627
1686593276.4956317,24,0.9017903804779053
1686593284.2436619,25,0.9009253978729248
1686593292.990237,26,0.9016621112823486
1686593302.1167374,27,0.9017114043235779
1686593311.16092,28,0.9012197852134705
1686593320.8772273,29,0.9013996124267578
1686593329.6301746,30,0.9013604521751404
