Wall time,Step,Value
1686594243.7862527,1,0.887597918510437
1686594252.495683,2,0.893979549407959
1686594260.5818949,3,0.8965010046958923
1686594271.2138836,4,0.8962218165397644
1686594280.9078758,5,0.9017046093940735
1686594290.5993059,6,0.9017464518547058
1686594298.4420886,7,0.9020349979400635
1686594306.0845857,8,0.9029226303100586
1686594313.6238286,9,0.9029115438461304
1686594320.5081859,10,0.9033784866333008
1686594328.5692818,11,0.9028434753417969
1686594338.7127378,12,0.9035520553588867
1686594349.0078335,13,0.9023920893669128
1686594357.2123997,14,0.9027325510978699
1686594364.665079,15,0.9027719497680664
1686594371.8521276,16,0.9026336669921875
1686594378.4510498,17,0.902557373046875
1686594386.0598009,18,0.9022005796432495
1686594393.6981773,19,0.9013558030128479
1686594400.575473,20,0.902326226234436
1686594407.8961275,21,0.9016369581222534
1686594415.2620354,22,0.9011322855949402
1686594422.4815662,23,0.901580274105072
1686594430.3198652,24,0.9001734256744385
1686594438.0149117,25,0.9014663100242615
1686594446.3529854,26,0.9001425504684448
1686594455.8168511,27,0.9004867076873779
1686594465.4920995,28,0.9006823897361755
1686594474.506718,29,0.8994430303573608
1686594483.090164,30,0.9001971483230591
