Wall time,Step,Value
1695395996.757107,0,0.8179606199264526
1695396012.110323,1,0.8840786814689636
1695396025.9494145,2,0.8908969759941101
1695396041.2064452,3,0.8962989449501038
1695396058.219281,4,0.8918570280075073
1695396075.351553,5,0.8970219492912292
1695396092.119334,6,0.8988408446311951
1695396109.6662931,7,0.8986631035804749
1695396126.5360703,8,0.8944270610809326
1695396142.63787,9,0.8993064165115356
1695396160.1772475,10,0.8984591960906982
1695396175.8035743,11,0.8963003754615784
1695396193.1735497,12,0.8974971771240234
1695396208.23717,13,0.8990781307220459
1695396226.6781342,14,0.8984374403953552
1695396243.013723,15,0.8974444270133972
1695396259.1866024,16,0.898685097694397
1695396273.9720259,17,0.8986188769340515
1695396287.7353346,18,0.8982948660850525
1695396301.558982,19,0.8983672857284546
1695396316.3676198,20,0.8979125618934631
1695396331.0903301,21,0.8978285193443298
1695396348.0379515,22,0.8980576395988464
1695396363.8038182,23,0.897738516330719
1695396378.134371,24,0.8976984620094299
1695396391.496366,25,0.8978087306022644
1695396406.2532928,26,0.8975846171379089
1695396420.5923476,27,0.8975273370742798
1695396437.7465656,28,0.8977540731430054
1695396452.3801258,29,0.8975350856781006
1695396464.1050034,30,0.8975917100906372
