Wall time,Step,Value
1695395187.587003,0,0.822234034538269
1695395201.7065384,1,0.8865868449211121
1695395216.3883765,2,0.889464259147644
1695395229.5868897,3,0.8929638266563416
1695395248.8212166,4,0.8936668634414673
1695395263.1892097,5,0.897230863571167
1695395278.6850731,6,0.8972795605659485
1695395293.3768415,7,0.8972786664962769
1695395309.284203,8,0.8938952684402466
1695395323.8969736,9,0.8975568413734436
1695395341.7488694,10,0.8972488045692444
1695395356.366661,11,0.8949350714683533
1695395374.4329355,12,0.8956665992736816
1695395391.1436265,13,0.8969811797142029
1695395408.9862354,14,0.896125853061676
1695395425.0221443,15,0.8949605226516724
1695395443.7070267,16,0.8967024087905884
1695395459.1525977,17,0.8961780667304993
1695395476.4965904,18,0.8959690928459167
1695395493.7969556,19,0.8962604999542236
1695395510.9861963,20,0.8952816724777222
1695395527.9447114,21,0.8955732583999634
1695395545.4821453,22,0.8955473303794861
1695395563.450134,23,0.8955867886543274
1695395577.9489493,24,0.8951729536056519
1695395592.3439984,25,0.8953914046287537
1695395607.4115224,26,0.8952317237854004
1695395621.3129668,27,0.8949787020683289
1695395636.3629289,28,0.895365834236145
1695395649.9486742,29,0.8949491381645203
