Wall time,Step,Value
1695418168.6405175,0,0.8179606199264526
1695418182.6727633,1,0.8895305395126343
1695418195.6654365,2,0.8926079273223877
1695418212.2737424,3,0.8964571356773376
1695418227.1788912,4,0.8998025059700012
1695418243.9431193,5,0.9005814790725708
1695418257.4811342,6,0.9008687138557434
1695418272.1350324,7,0.9020971059799194
1695418289.1732347,8,0.9024232625961304
1695418304.7136865,9,0.9018959403038025
1695418320.1183598,10,0.9013107419013977
1695418333.6040328,11,0.9018462896347046
1695418350.0373564,12,0.9016151428222656
1695418365.0457869,13,0.9019029140472412
1695418380.9289556,14,0.9014783501625061
1695418394.9242864,15,0.902001142501831
1695418410.1195025,16,0.9015514850616455
1695418426.852824,17,0.9022199511528015
1695418440.961379,18,0.9022648334503174
1695418454.5864437,19,0.9016205072402954
1695418467.8796244,20,0.9022406339645386
1695418481.5185733,21,0.9016543626785278
1695418494.8695037,22,0.9016470909118652
1695418511.4061635,23,0.9017126560211182
1695418526.5694137,24,0.901725172996521
1695418541.8534646,25,0.9016305804252625
1695418556.7991712,26,0.9014915227890015
1695418570.4779458,27,0.9015254378318787
1695418583.6639924,28,0.901479184627533
1695418597.515928,29,0.9014593958854675
