Wall time,Step,Value
1695416044.3528984,0,0.822234034538269
1695416054.686776,1,0.8935263156890869
1695416065.5478117,2,0.8948801159858704
1695416076.9129004,3,0.8984823822975159
1695416090.9995904,4,0.9010632634162903
1695416103.5911136,5,0.901262104511261
1695416117.427902,6,0.9006657600402832
1695416130.0000474,7,0.8999843001365662
1695416143.178547,8,0.8994752764701843
1695416156.590267,9,0.8982828259468079
1695416170.4710147,10,0.900748610496521
1695416186.4634225,11,0.8996163606643677
1695416203.1779487,12,0.8964036703109741
1695416217.8683627,13,0.9003986120223999
1695416232.128868,14,0.8989748954772949
1695416247.2970035,15,0.8986696600914001
1695416264.7459748,16,0.8994482755661011
1695416279.7138011,17,0.8992244601249695
1695416294.350485,18,0.8993098735809326
1695416310.3053548,19,0.8991590142250061
1695416327.6797876,20,0.8987014293670654
1695416343.4540355,21,0.899031400680542
1695416358.5471168,22,0.8986298441886902
1695416374.5418527,23,0.8983452320098877
1695416390.0043955,24,0.8985515236854553
1695416403.2832074,25,0.898525595664978
1695416417.066409,26,0.8983563780784607
1695416431.087304,27,0.8983875513076782
1695416446.4627697,28,0.898486316204071
1695416459.1838543,29,0.8983344435691833
