Wall time,Step,Value
1695395950.5654552,0,0.8179606199264526
1695395964.5600562,1,0.8740938305854797
1695395975.9382565,2,0.8885840177536011
1695395989.36959,3,0.8935551047325134
1695396002.807487,4,0.8966709971427917
1695396018.9477873,5,0.8958990573883057
1695396034.2704978,6,0.8988997936248779
1695396053.5934062,7,0.89681077003479
1695396071.034688,8,0.8984465599060059
1695396089.1849716,9,0.8988195061683655
1695396107.0156627,10,0.898177981376648
1695396123.8140519,11,0.8977989554405212
1695396141.1531994,12,0.8990216851234436
1695396160.4085333,13,0.8976735472679138
1695396177.269492,14,0.8989071846008301
1695396195.7481449,15,0.8979759216308594
1695396213.6381276,16,0.8980414271354675
1695396231.882874,17,0.8982158303260803
1695396248.7457619,18,0.8979920148849487
1695396267.560842,19,0.8983750343322754
1695396282.7409143,20,0.8979483842849731
1695396298.6360707,21,0.8980603218078613
1695396313.5701172,22,0.8977081775665283
1695396330.0945795,23,0.8979601263999939
1695396348.3933985,24,0.8978490233421326
1695396365.306555,25,0.8975537419319153
1695396381.0889912,26,0.897589385509491
1695396396.0403843,27,0.8977828621864319
1695396411.844322,28,0.8975202441215515
1695396427.4592261,29,0.8976631760597229
1695396445.0078313,30,0.8974260091781616
