Wall time,Step,Value
1695395201.4556198,0,0.822234034538269
1695395216.694849,1,0.8835776448249817
1695395229.7283041,2,0.8907619714736938
1695395246.7722237,3,0.8950737118721008
1695395260.3282547,4,0.8958917260169983
1695395273.5880637,5,0.8947133421897888
1695395287.6171424,6,0.8930593132972717
1695395302.216689,7,0.8962441086769104
1695395315.599264,8,0.8962070941925049
1695395331.4434652,9,0.8955512642860413
1695395348.6500857,10,0.8933110237121582
1695395363.5083842,11,0.8954316973686218
1695395381.6253834,12,0.8958067297935486
1695395396.0004306,13,0.8938369750976562
1695395413.9826782,14,0.8945768475532532
1695395430.0617764,15,0.8950665593147278
1695395449.157207,16,0.8940724730491638
1695395463.031375,17,0.894561231136322
1695395482.6942902,18,0.8939681053161621
1695395498.7791123,19,0.8942768573760986
1695395516.7343643,20,0.8940545916557312
1695395532.28,21,0.8938853740692139
1695395551.1372547,22,0.8938183188438416
1695395566.4196918,23,0.8937153220176697
1695395581.028131,24,0.8937029242515564
1695395594.8864226,25,0.8934674263000488
1695395610.0393677,26,0.8936886787414551
1695395623.4700344,27,0.8934884071350098
1695395637.1955767,28,0.8935112357139587
1695395650.1400537,29,0.893442690372467
