Wall time,Step,Value
1695418182.7380815,0,0.8179606199264526
1695418195.696855,1,0.8911826014518738
1695418212.6672335,2,0.8928754925727844
1695418227.7435908,3,0.8967581987380981
1695418243.9547563,4,0.9010035395622253
1695418258.0753045,5,0.8998557329177856
1695418274.1886587,6,0.9003078937530518
1695418289.9571457,7,0.9009115695953369
1695418305.1815276,8,0.9015378952026367
1695418321.0466325,9,0.8972182869911194
1695418336.3064008,10,0.9023292660713196
1695418353.8810174,11,0.899713397026062
1695418370.226521,12,0.8991906046867371
1695418385.602548,13,0.9024900794029236
1695418400.3296034,14,0.9010267853736877
1695418417.5162811,15,0.899368166923523
1695418432.7452629,16,0.9016916751861572
1695418444.6346972,17,0.9011346101760864
1695418459.8196704,18,0.9012302756309509
1695418474.958417,19,0.9016866683959961
1695418488.7002053,20,0.9011257886886597
1695418503.6032095,21,0.900981068611145
1695418519.95289,22,0.9011701345443726
1695418536.069308,23,0.9004549384117126
1695418552.0913143,24,0.9008904695510864
1695418565.673242,25,0.9007251858711243
1695418579.3372445,26,0.9004979133605957
1695418592.5937388,27,0.9009659290313721
1695418607.0951674,28,0.9008269309997559
1695418619.8331764,29,0.9005140066146851
1695418631.7403011,30,0.9002455472946167
