Wall time,Step,Value
1692134281.8302295,0,0.738219678401947
1692134291.0848708,1,0.8490541577339172
1692134302.4694016,2,0.8557414412498474
1692134317.8041728,3,0.8568393588066101
1692134333.471701,4,0.8581963777542114
1692134350.0164034,5,0.857443630695343
1692134366.1719158,6,0.8579462766647339
1692134382.30018,7,0.8577382564544678
1692134397.0788615,8,0.8579331040382385
1692134413.0208657,9,0.8585075736045837
1692134429.4924362,10,0.8573944568634033
1692134446.3196254,11,0.857340931892395
1692134460.624393,12,0.8582121133804321
1692134477.5478175,13,0.8577825427055359
1692134492.8903124,14,0.8573406934738159
1692134507.4206252,15,0.8572807312011719
1692134522.0677006,16,0.8573004603385925
1692134536.638134,17,0.856652021408081
1692134553.1647677,18,0.8568713665008545
1692134569.5419145,19,0.8565745949745178
1692134585.2416902,20,0.8564673662185669
1692134599.7460153,21,0.8560542464256287
1692134614.8509886,22,0.855923056602478
1692134627.1295784,23,0.8558787703514099
1692134644.0514612,24,0.8552166819572449
1692134659.5136962,25,0.855229377746582
1692134675.1865213,26,0.8551303744316101
1692134691.1281145,27,0.8548261523246765
1692134704.2193675,28,0.8547031879425049
1692134719.0877306,29,0.8545816540718079
1692134733.0944123,30,0.8541932106018066
1692134747.147996,31,0.8541179299354553
1692134763.2717948,32,0.8542523384094238
1692134778.088731,33,0.8540687561035156
1692134792.487169,34,0.853665828704834
1692134807.4696102,35,0.8536114692687988
1692134821.9303653,36,0.8533605933189392
1692134836.6143181,37,0.8533878326416016
1692134851.6327863,38,0.8533393144607544
1692134863.517514,39,0.8533527851104736
1692134875.3866403,40,0.8530021905899048
