Wall time,Step,Value
1695395161.4127746,0,0.822234034538269
1695395173.4631743,1,0.8850387334823608
1695395187.174289,2,0.8941813111305237
1695395199.0765219,3,0.8952540159225464
1695395213.940231,4,0.8962976336479187
1695395228.3001494,5,0.8974792957305908
1695395245.1465187,6,0.8970958590507507
1695395260.734988,7,0.8965635895729065
1695395275.8117435,8,0.8973159790039062
1695395289.805071,9,0.8958326578140259
1695395305.5610402,10,0.897205114364624
1695395320.01138,11,0.8973686099052429
1695395337.7665288,12,0.8968207240104675
1695395352.3983505,13,0.897553026676178
1695395368.86265,14,0.896742045879364
1695395386.1302376,15,0.8969141840934753
1695395402.4610608,16,0.8969005942344666
1695395419.6537008,17,0.8965167999267578
1695395434.3094385,18,0.8968167901039124
1695395453.5605302,19,0.8966357111930847
1695395468.9015753,20,0.8964425921440125
1695395487.397335,21,0.8962967395782471
1695395502.8859012,22,0.8963105082511902
1695395520.6488447,23,0.8962432742118835
1695395536.4040928,24,0.8961465358734131
1695395552.7725735,25,0.896299421787262
1695395567.837039,26,0.896034300327301
1695395583.3321455,27,0.8960394859313965
1695395597.441094,28,0.8960930109024048
1695395613.1292417,29,0.8959932327270508
