Wall time,Step,Value
1695416091.8105109,0,0.822234034538269
1695416105.4648306,1,0.8943020701408386
1695416118.6236842,2,0.898298442363739
1695416131.7026758,3,0.8971288800239563
1695416145.1681678,4,0.8970714807510376
1695416158.2182996,5,0.9006707668304443
1695416172.7989655,6,0.9003843069076538
1695416187.985937,7,0.8992222547531128
1695416204.6400833,8,0.9003193974494934
1695416218.765855,9,0.8989828824996948
1695416233.5065029,10,0.9003622531890869
1695416250.938511,11,0.8996506333351135
1695416268.7077255,12,0.8977090716362
1695416282.587847,13,0.8998984098434448
1695416297.0019245,14,0.899541437625885
1695416312.8941865,15,0.8989354372024536
1695416329.2599714,16,0.8995171785354614
1695416344.3270385,17,0.8993784785270691
1695416359.2182944,18,0.8983981609344482
1695416375.1637752,19,0.8987585306167603
1695416389.6431246,20,0.8988443613052368
1695416403.2789779,21,0.8988550901412964
1695416417.1166244,22,0.8985530734062195
1695416430.4146965,23,0.8983924984931946
1695416444.5566819,24,0.8984583020210266
1695416457.0915911,25,0.8983151912689209
1695416471.6778214,26,0.8983331918716431
1695416484.1783857,27,0.8978884220123291
1695416493.0355656,28,0.8981046676635742
1695416500.7639623,29,0.8980318307876587
1695416509.867536,30,0.8979830741882324
