Wall time,Step,Value
1695397306.6262336,0,0.8179606199264526
1695397322.3099914,1,0.894980251789093
1695397338.2990294,2,0.9030192494392395
1695397353.027616,3,0.9048413038253784
1695397369.8334827,4,0.9036287069320679
1695397384.4908156,5,0.9061890244483948
1695397401.871784,6,0.9014333486557007
1695397420.9128902,7,0.9059656262397766
1695397442.972659,8,0.9066894054412842
1695397466.6640782,9,0.9061815142631531
1695397489.462446,10,0.9062758088111877
1695397515.8664737,11,0.9055640697479248
1695397536.215557,12,0.9063843488693237
1695397559.0957363,13,0.9061640501022339
1695397583.7060914,14,0.9067423343658447
1695397605.811001,15,0.906432032585144
1695397627.269238,16,0.9065240025520325
1695397648.1799295,17,0.9066827297210693
1695397667.9295037,18,0.906389057636261
1695397691.8295617,19,0.9066475629806519
1695397713.1455019,20,0.9056347012519836
1695397731.3503256,21,0.9061146378517151
1695397748.7820647,22,0.9061102271080017
1695397769.0450356,23,0.9059393405914307
1695397791.869302,24,0.9060322046279907
1695397814.7743406,25,0.9059278964996338
1695397837.1085546,26,0.905633807182312
1695397857.049844,27,0.9057168364524841
1695397883.0485141,28,0.9056808352470398
1695397908.9515967,29,0.905508816242218
1695397935.3966455,30,0.905564546585083
