Wall time,Step,Value
1695397421.1875517,0,0.822234034538269
1695397447.9508004,1,0.9020472764968872
1695397474.288123,2,0.9023940563201904
1695397500.9615068,3,0.9060971140861511
1695397526.97835,4,0.9070323705673218
1695397554.9830663,5,0.9077723026275635
1695397581.3695462,6,0.906844973564148
1695397607.2836728,7,0.9084351658821106
1695397631.9717517,8,0.9056252837181091
1695397656.3512328,9,0.9080978035926819
1695397681.6055734,10,0.9090190529823303
1695397707.2142143,11,0.9083346128463745
1695397730.3265972,12,0.9082902669906616
1695397752.4843793,13,0.9084985852241516
1695397776.1655862,14,0.9084335565567017
1695397804.0958664,15,0.9081059098243713
1695397831.865535,16,0.9085338711738586
1695397854.420488,17,0.908351719379425
1695397880.143106,18,0.9079756140708923
1695397914.9628012,19,0.9066202640533447
1695397945.484476,20,0.9079133868217468
1695397970.8226874,21,0.9079135060310364
1695397996.3537254,22,0.9075636267662048
1695398022.2274632,23,0.9074971675872803
1695398047.3261147,24,0.9076040387153625
1695398068.8937283,25,0.9073477387428284
1695398090.1989067,26,0.9076172709465027
1695398110.6319883,27,0.9071404933929443
1695398132.4494298,28,0.9074272513389587
1695398157.0986369,29,0.9073586463928223
1695398178.9366498,30,0.907103419303894
