Wall time,Step,Value
1692133347.787042,0,0.738219678401947
1692133357.9712315,1,0.8553140759468079
1692133371.0122206,2,0.8585236668586731
1692133386.5420015,3,0.8597657680511475
1692133401.2384622,4,0.8599742650985718
1692133416.2577648,5,0.860622763633728
1692133430.2590578,6,0.860604465007782
1692133444.8369737,7,0.8600330948829651
1692133460.8512473,8,0.8601205945014954
1692133476.5384827,9,0.8603823781013489
1692133492.6144574,10,0.860247790813446
1692133507.7131665,11,0.8601606488227844
1692133523.0923965,12,0.8598027229309082
1692133538.7720509,13,0.8597304821014404
1692133553.5709321,14,0.85963374376297
1692133569.7417994,15,0.8593578338623047
1692133584.5701816,16,0.8593053817749023
1692133599.5926533,17,0.8589013814926147
1692133614.008565,18,0.8589487075805664
1692133629.6276383,19,0.8583667874336243
1692133643.7191734,20,0.8583887815475464
1692133658.268002,21,0.8579839468002319
1692133673.4909976,22,0.8582919239997864
1692133688.9919982,23,0.8578030467033386
1692133704.8193479,24,0.8576920628547668
1692133719.3485677,25,0.8576651811599731
1692133733.8306906,26,0.8573516011238098
1692133749.0826483,27,0.8570745587348938
1692133763.8759499,28,0.8567346930503845
1692133779.2610965,29,0.8566298484802246
1692133793.4545054,30,0.8563989400863647
1692133807.838936,31,0.8562102317810059
1692133822.4139545,32,0.8561853766441345
1692133836.966895,33,0.8561601042747498
1692133852.4459617,34,0.8560094833374023
1692133867.49121,35,0.8559625148773193
1692133882.5137186,36,0.8558107018470764
1692133896.8387215,37,0.8555009365081787
1692133912.461617,38,0.8555811047554016
1692133927.2710998,39,0.855342447757721
1692133942.8339121,40,0.8553735613822937
