Wall time,Step,Value
1695397779.4194422,0,0.822234034538269
1695397816.290885,1,0.9051232933998108
1695397848.2567427,2,0.9083878993988037
1695397885.4812787,3,0.9100517630577087
1695397926.9582367,4,0.9091363549232483
1695397962.3598838,5,0.9108141660690308
1695397996.6729512,6,0.9116688966751099
1695398025.9539433,7,0.9117182493209839
1695398058.35427,8,0.9116933941841125
1695398087.1700912,9,0.9111689925193787
1695398116.3243322,10,0.9115016460418701
1695398145.6040561,11,0.9124698638916016
1695398175.7091541,12,0.912334680557251
1695398201.2193015,13,0.9113991260528564
1695398222.7018588,14,0.9114401936531067
1695398245.0645087,15,0.9115462899208069
1695398267.7398798,16,0.9119259119033813
1695398290.9626591,17,0.9119627475738525
1695398313.8621538,18,0.91169673204422
1695398337.0223176,19,0.911533772945404
1695398360.0526671,20,0.9115577936172485
1695398382.4180825,21,0.9115791320800781
1695398403.433793,22,0.9115197658538818
1695398424.1697843,23,0.9112157225608826
1695398444.549532,24,0.9108800292015076
1695398465.251519,25,0.9108831882476807
1695398488.6402109,26,0.9110029935836792
1695398510.1079307,27,0.9110026359558105
1695398530.5396578,28,0.9109034538269043
1695398551.7031791,29,0.9107365012168884
1695398571.9013453,30,0.9109535217285156
