Wall time,Step,Value
1695397338.6996787,0,0.822234034538269
1695397354.3766663,1,0.8931506276130676
1695397370.8877223,2,0.9014224410057068
1695397386.7293575,3,0.9043320417404175
1695397406.491201,4,0.9028541445732117
1695397426.7157366,5,0.9045370817184448
1695397448.5543134,6,0.9026496410369873
1695397473.2213345,7,0.9047752022743225
1695397496.5949278,8,0.905256986618042
1695397520.0246427,9,0.9024768471717834
1695397543.5180902,10,0.9042381048202515
1695397565.9991283,11,0.9047019481658936
1695397590.8050659,12,0.9048029780387878
1695397615.2502732,13,0.9043354392051697
1695397638.6587725,14,0.904952883720398
1695397660.3434541,15,0.904649019241333
1695397683.6454325,16,0.9043592810630798
1695397703.9022465,17,0.9041991233825684
1695397723.7666373,18,0.9041568636894226
1695397742.7361224,19,0.9042597413063049
1695397760.646183,20,0.9043962955474854
1695397781.2107344,21,0.9040756225585938
1695397803.9263237,22,0.9039938449859619
1695397826.4645147,23,0.9037656784057617
1695397845.9353583,24,0.903645932674408
1695397869.3379061,25,0.9037001132965088
1695397896.9195976,26,0.9033216834068298
1695397923.0876403,27,0.9034751057624817
1695397944.895822,28,0.9034700393676758
1695397965.2895222,29,0.9033483862876892
1695397987.4422388,30,0.9032755494117737
