Wall time,Step,Value
1695416059.6199527,0,0.822234034538269
1695416069.894518,1,0.8860087990760803
1695416082.0715294,2,0.8941996097564697
1695416094.4212494,3,0.8989076018333435
1695416109.370646,4,0.8991473317146301
1695416122.9305563,5,0.8981119990348816
1695416136.592745,6,0.9007173180580139
1695416150.2893271,7,0.8978754878044128
1695416165.1900938,8,0.9002425670623779
1695416180.831076,9,0.9003922939300537
1695416197.9434342,10,0.8998006582260132
1695416213.1493788,11,0.9008385539054871
1695416227.6209083,12,0.9011114239692688
1695416241.9391344,13,0.9003348350524902
1695416257.8974407,14,0.9003219604492188
1695416273.4994678,15,0.9003725051879883
1695416287.5697763,16,0.8997644186019897
1695416303.2310197,17,0.8993024826049805
1695416317.8627326,18,0.9001933336257935
1695416334.3048184,19,0.9000504612922668
1695416349.1372113,20,0.8999778032302856
1695416364.5587416,21,0.8997802734375
1695416378.9974842,22,0.8991025686264038
1695416392.9978156,23,0.8992257714271545
1695416404.602428,24,0.8994691371917725
1695416417.9514048,25,0.8997597694396973
1695416432.641098,26,0.8993498682975769
1695416446.238748,27,0.8995912671089172
1695416458.2477412,28,0.8995835185050964
1695416471.8080578,29,0.8995588421821594
