Wall time,Step,Value
1695395981.3431633,0,0.8179606199264526
1695395995.203786,1,0.8760949373245239
1695396009.1815152,2,0.8943777084350586
1695396023.430514,3,0.8942610025405884
1695396039.526588,4,0.8982588052749634
1695396057.0196018,5,0.8992476463317871
1695396073.431487,6,0.8983878493309021
1695396090.9090164,7,0.9002848863601685
1695396108.2814927,8,0.8999178409576416
1695396126.79042,9,0.9001843333244324
1695396143.397826,10,0.8999834060668945
1695396160.6130753,11,0.9003517031669617
1695396177.3967593,12,0.9002611041069031
1695396195.1333635,13,0.9002906084060669
1695396213.2418609,14,0.898625373840332
1695396230.6854794,15,0.89994877576828
1695396246.2141705,16,0.8998368382453918
1695396263.2718945,17,0.8994911313056946
1695396278.2256465,18,0.89961838722229
1695396294.2278612,19,0.8995158076286316
1695396309.6517353,20,0.8994413614273071
1695396324.5106735,21,0.8994503021240234
1695396341.549103,22,0.8993436694145203
1695396359.4833894,23,0.8993423581123352
1695396374.750988,24,0.8991930484771729
1695396388.821973,25,0.8991231918334961
1695396404.3536477,26,0.8992035388946533
1695396418.5694497,27,0.899105966091156
1695396433.6180582,28,0.8990588188171387
1695396447.771078,29,0.8990128636360168
1695396461.1893198,30,0.8988935351371765
