Wall time,Step,Value
1695396009.899636,0,0.8179606199264526
1695396024.2392628,1,0.8802871704101562
1695396039.4338562,2,0.8924203515052795
1695396057.7166016,3,0.8937845826148987
1695396073.9707148,4,0.8967223763465881
1695396090.77657,5,0.8954967260360718
1695396107.4422529,6,0.8922590017318726
1695396124.9175184,7,0.897692859172821
1695396142.3855813,8,0.8979851007461548
1695396160.8211653,9,0.8971102833747864
1695396177.6703393,10,0.8947784900665283
1695396193.3662162,11,0.8975543975830078
1695396208.3032036,12,0.8977108001708984
1695396224.80142,13,0.8948427438735962
1695396239.8853106,14,0.8964847326278687
1695396257.9151587,15,0.8969147205352783
1695396273.72533,16,0.8956497311592102
1695396288.146885,17,0.8964061737060547
1695396302.6920002,18,0.8959325551986694
1695396317.2770543,19,0.8960082530975342
1695396333.8841817,20,0.8959031105041504
1695396353.0222597,21,0.8958597183227539
1695396369.389601,22,0.8955096006393433
1695396385.043271,23,0.8958081603050232
1695396400.0682344,24,0.8954349160194397
1695396414.2479467,25,0.8955815434455872
1695396430.00074,26,0.8955047726631165
1695396446.1120164,27,0.8955076336860657
1695396458.8659883,28,0.8955023884773254
1695396469.9762278,29,0.8953297734260559
1695396478.7096746,30,0.8954442143440247
