Wall time,Step,Value
1695418199.2769737,0,0.8179606199264526
1695418216.951899,1,0.8937463164329529
1695418232.146308,2,0.898613691329956
1695418248.8150883,3,0.9001574516296387
1695418262.6101918,4,0.9011453986167908
1695418278.6977994,5,0.9010769128799438
1695418294.077041,6,0.9017159342765808
1695418310.2314336,7,0.8992166519165039
1695418324.5616784,8,0.9011474847793579
1695418339.8964627,9,0.9019439816474915
1695418356.1003106,10,0.9008573293685913
1695418370.7964187,11,0.9029606580734253
1695418385.4686997,12,0.9029659628868103
1695418399.2727795,13,0.900766909122467
1695418414.5981357,14,0.9027329683303833
1695418430.8428693,15,0.9021280407905579
1695418443.5466623,16,0.900905191898346
1695418456.9141014,17,0.9010348916053772
1695418470.8657439,18,0.9023783802986145
1695418484.950739,19,0.9023721814155579
1695418498.2978816,20,0.9020757079124451
1695418515.2806494,21,0.9020752906799316
1695418530.766659,22,0.9011005759239197
1695418547.0650191,23,0.9011766314506531
1695418560.198135,24,0.9013692736625671
1695418574.5883572,25,0.9020752906799316
1695418587.8322754,26,0.9014010429382324
1695418602.7426236,27,0.9016556739807129
1695418614.5384643,28,0.9016588926315308
1695418626.2364495,29,0.9017530083656311
