Wall time,Step,Value
1684948949.8286495,0,0.9243201613426208
1684948969.5702024,1,0.9277421236038208
1684948985.3383074,2,0.9347327947616577
1684948997.159791,3,0.9376174211502075
1684949010.3028908,4,0.9400463104248047
1684949021.973173,5,0.9404069185256958
1684949035.57026,6,0.9403058886528015
1684949047.893051,7,0.9408560991287231
1684949059.588234,8,0.942365288734436
1684949072.2288702,9,0.94002765417099
1684949092.950192,10,0.9421831369400024
1684949106.2240925,11,0.9420984387397766
1684949123.5602522,12,0.9429169297218323
1684949135.8680067,13,0.9435826539993286
1684949148.4249737,14,0.9411175847053528
1684949160.840993,15,0.9395029544830322
1684949178.3546972,16,0.9433667659759521
1684949190.5901258,17,0.9451996088027954
1684949207.7610571,18,0.9462798833847046
1684949219.9991248,19,0.9439206123352051
1684949239.6078136,20,0.9433109760284424
1684949261.1114848,21,0.9410091638565063
1684949274.0008552,22,0.9421609044075012
1684949286.115909,23,0.9462798833847046
1684949299.5509279,24,0.9462517499923706
1684949312.2512722,25,0.9454168677330017
1684949325.1499224,26,0.945713460445404
1684949337.6458588,27,0.9449390172958374
1684949358.0634518,28,0.946611762046814
1684949371.9410539,29,0.9467712044715881
