Wall time,Step,Value
1691361958.290633,0,0.8587921857833862
1691361994.71331,1,0.8729331493377686
1691362031.670299,2,0.8748850226402283
1691362069.1795835,3,0.874727725982666
1691362104.9820862,4,0.8749950528144836
1691362137.3363564,5,0.8757619261741638
1691362174.9332926,6,0.8753779530525208
1691362207.9974837,7,0.8766722679138184
1691362245.477625,8,0.8758024573326111
1691362279.5175447,9,0.8763630986213684
1691362315.8513021,10,0.8770250678062439
1691362352.156024,11,0.8754964470863342
1691362388.7664077,12,0.8764743804931641
1691362424.054042,13,0.8759508728981018
1691362459.0554864,14,0.8757069706916809
1691362495.890589,15,0.8756175637245178
1691362532.425718,16,0.8755671381950378
1691362568.8242216,17,0.8753347396850586
1691362603.9036393,18,0.8753564357757568
1691362641.9847434,19,0.874994695186615
1691362677.0676503,20,0.8750430345535278
1691362712.6550167,21,0.875203013420105
1691362750.708963,22,0.875041663646698
1691362789.2703567,23,0.8747676610946655
1691362824.9018404,24,0.8745912313461304
1691362862.2829294,25,0.8747511506080627
1691362899.5957825,26,0.8748698830604553
1691362934.6915553,27,0.8746484518051147
1691362963.3513372,28,0.8746004700660706
1691362983.56399,29,0.8745931386947632
1691362996.461103,30,0.8745560050010681
