Wall time,Step,Value
1688979489.6737752,0,0.8186880350112915
1688979493.320011,1,0.8866902589797974
1688979497.1085808,2,0.8930188417434692
1688979501.6326382,3,0.8835099935531616
1688979506.2650056,4,0.8954793810844421
1688979510.9248624,5,0.8949732184410095
1688979516.0118911,6,0.8967981338500977
1688979521.6073072,7,0.8956490159034729
1688979527.4496067,8,0.8976136445999146
1688979534.505444,9,0.8967828750610352
1688979541.7779167,10,0.8950233459472656
1688979549.504977,11,0.8973004817962646
1688979558.515431,12,0.8961941003799438
1688979568.054379,13,0.8968746066093445
1688979578.4198706,14,0.8967737555503845
1688979589.2473915,15,0.896679162979126
1688979601.5010607,16,0.8959359526634216
1688979614.8290384,17,0.896655797958374
1688979629.0446324,18,0.8959046006202698
1688979645.3309803,19,0.8959094882011414
1688979660.7865646,20,0.8963184356689453
1688979676.743144,21,0.8960906863212585
1688979691.9167786,22,0.8957712054252625
1688979708.02316,23,0.8960645794868469
1688979723.4393375,24,0.8958240151405334
1688979739.4668753,25,0.8956819772720337
1688979754.8739586,26,0.8958874940872192
1688979770.26831,27,0.8956741094589233
1688979785.563083,28,0.8957022428512573
1688979801.4898927,29,0.8955958485603333
1688979818.1244342,30,0.8956981301307678
