Wall time,Step,Value
1694018468.8909929,1,0.03285527229309082
1694020102.184108,2,0.02635728009045124
1694021834.6801682,3,0.02642734907567501
1694023609.249689,4,0.026596618816256523
1694025497.0585573,5,0.029068276286125183
1694027459.9520254,6,0.024137739092111588
1694029383.9314744,7,0.022157805040478706
1694031340.4084215,8,0.022756405174732208
1694033385.480574,9,0.021355219185352325
1694035452.7922513,10,0.02089463733136654
