Wall time,Step,Value
1694018468.89113,1,0.0313897505402565
1694020102.1842382,2,0.02383674681186676
1694021834.6803145,3,0.021318849176168442
1694023609.2498171,4,0.024523837491869926
1694025497.058702,5,0.028527533635497093
1694027459.9521413,6,0.023515552282333374
1694029383.9316092,7,0.021050894632935524
1694031340.4085586,8,0.020569538697600365
1694033385.4807036,9,0.019014418125152588
1694035452.792447,10,0.01720549538731575
