Wall time,Step,Value
1688304530.2770343,0,0.8339894413948059
1688304589.2963846,1,0.8245092034339905
1688304632.2665575,2,0.8347413539886475
1688304694.1849487,3,0.8355258703231812
1688304757.306751,4,0.8387865424156189
1688304820.8666909,5,0.8389591574668884
1688304880.8156948,6,0.8390376567840576
1688304940.6159728,7,0.8388824462890625
1688304997.637365,8,0.8388887643814087
1688305057.9311497,9,0.8388053178787231
1688305123.1552715,10,0.8382731080055237
1688305182.7883112,11,0.8391081690788269
1688305246.3013072,12,0.8388360142707825
1688305304.4613583,13,0.8385655283927917
1688305365.9683394,14,0.8379797339439392
1688305427.2525609,15,0.8380801677703857
1688305492.039604,16,0.8377336263656616
1688305556.5114577,17,0.8375053405761719
1688305620.4576879,18,0.8376756906509399
1688305680.8646462,19,0.8371317982673645
1688305745.747024,20,0.8373917937278748
1688305805.5808868,21,0.8371740579605103
1688305865.282541,22,0.8368812203407288
1688305928.4514906,23,0.8372389674186707
1688305989.2650037,24,0.8370960354804993
1688306051.4681325,25,0.8370602130889893
1688306114.1572964,26,0.8365775346755981
1688306170.375651,27,0.8363133072853088
1688306233.1986687,28,0.8362050652503967
1688306289.69136,29,0.8357640504837036
1688306350.1488159,30,0.8356263637542725
