Wall time,Step,Value
1688304530.3356178,0,0.8339894413948059
1688304590.7223225,1,0.839277982711792
1688304634.4114485,2,0.8411707878112793
1688304702.0147161,3,0.8415747284889221
1688304771.1060748,4,0.8428691029548645
1688304828.8782463,5,0.8423364758491516
1688304894.7950408,6,0.8424955010414124
1688304957.635641,7,0.8420765399932861
1688305026.5080957,8,0.8415366411209106
1688305091.2005444,9,0.8414750099182129
1688305154.046127,10,0.8414952754974365
1688305217.3610516,11,0.8409802913665771
1688305282.409322,12,0.8404361605644226
1688305349.7296612,13,0.8400259613990784
1688305417.9440112,14,0.8396929502487183
1688305478.6562996,15,0.8393081426620483
1688305549.878078,16,0.8391858339309692
1688305618.2507248,17,0.8385754823684692
1688305686.5294077,18,0.8387274742126465
1688305749.6657355,19,0.8394121527671814
1688305820.8691814,20,0.8384195566177368
1688305887.4454105,21,0.8382532596588135
1688305958.8579361,22,0.8374415636062622
1688306024.033333,23,0.836999773979187
1688306093.2892957,24,0.8386691808700562
1688306158.758678,25,0.8370459079742432
1688306227.5650575,26,0.8382336497306824
1688306290.7268128,27,0.8372543454170227
1688306349.4464722,28,0.836976945400238
1688306392.6594317,29,0.8371561169624329
1688306436.7225785,30,0.8368433713912964
