Wall time,Step,Value
1688307045.7505386,0,0.830235481262207
1688307072.6753788,1,0.8305925130844116
1688307117.1220496,2,0.835450291633606
1688307177.8277335,3,0.8367367386817932
1688307235.3921015,4,0.8391823172569275
1688307291.458134,5,0.8399822115898132
1688307351.4212797,6,0.8409305214881897
1688307408.8010468,7,0.8410414457321167
1688307467.593271,8,0.8405494689941406
1688307525.7304695,9,0.8406235575675964
1688307586.1615012,10,0.8400889039039612
1688307651.256116,11,0.8399639129638672
1688307708.570826,12,0.840309202671051
1688307771.157725,13,0.8387425541877747
1688307826.6567729,14,0.8391554951667786
1688307893.654627,15,0.8377611637115479
1688307964.8596768,16,0.839464008808136
1688308037.45135,17,0.8383411765098572
1688308120.0732534,18,0.8383986353874207
1688308194.849902,19,0.8389055728912354
1688308261.9505203,20,0.8374929428100586
1688308317.9351823,21,0.8371937870979309
1688308377.1211867,22,0.8383983373641968
1688308442.214269,23,0.8377478718757629
1688308500.7001944,24,0.8357980251312256
1688308557.5845277,25,0.8367610573768616
1688308616.64333,26,0.8366187810897827
1688308676.9141195,27,0.8372381925582886
1688308736.5497596,28,0.8359876275062561
1688308793.2654955,29,0.8362106680870056
1688308850.460568,30,0.8372547626495361
