Wall time,Step,Value
1688304264.4139967,0,0.8185661435127258
1688304269.102782,1,0.8839873671531677
1688304273.7192492,2,0.8948709964752197
1688304278.4515893,3,0.8952616453170776
1688304282.7847168,4,0.8970796465873718
1688304287.5091915,5,0.8983091711997986
1688304291.550896,6,0.8984785676002502
1688304296.013323,7,0.8974959850311279
1688304300.539774,8,0.8977097868919373
1688304305.2025476,9,0.8986469507217407
1688304309.7606733,10,0.8982459306716919
1688304314.3291311,11,0.8983094096183777
1688304319.150318,12,0.899039626121521
1688304323.5204053,13,0.8980584144592285
1688304327.8277621,14,0.8970255851745605
1688304332.1894698,15,0.8982093334197998
1688304336.670451,16,0.8966768383979797
1688304341.238929,17,0.8981291055679321
1688304344.8880942,18,0.8970573544502258
1688304348.6884375,19,0.8973547220230103
1688304352.312275,20,0.8984860181808472
1688304355.788637,21,0.8981334567070007
1688304359.018355,22,0.8987988233566284
1688304361.8183234,23,0.8982065916061401
1688304364.6451833,24,0.8988242745399475
1688304367.458998,25,0.8979565501213074
1688304370.261154,26,0.8985249996185303
1688304373.0749435,27,0.8980987668037415
1688304375.9459417,28,0.896317183971405
1688304378.85967,29,0.896165668964386
1688304381.6763191,30,0.8977622389793396
