Wall time,Step,Value
1685106712.4531846,0,0.7706281542778015
1685106865.3651335,1,0.7936550974845886
1685106877.5746133,2,0.7963401675224304
1685106899.210256,3,0.8026930689811707
1685106912.1801481,4,0.8049818277359009
1685106925.2555702,5,0.8071355223655701
1685106938.0838008,6,0.8088598251342773
1685106960.409281,7,0.8097453117370605
1685106971.1939158,8,0.8101602792739868
1685106981.77567,9,0.8112364411354065
1685107002.2232852,10,0.8111950755119324
1685107012.8927066,11,0.8118240237236023
1685107023.3043053,12,0.8125913739204407
1685107033.9368224,13,0.8126519918441772
1685107047.4845486,14,0.8130493760108948
1685107057.9714494,15,0.8135091066360474
1685107077.5793524,16,0.8135554790496826
1685107088.46213,17,0.8140468001365662
1685107105.6129653,18,0.8142344355583191
1685107116.163182,19,0.8148190975189209
1685107128.9033084,20,0.8149074912071228
1685107144.8927987,21,0.814842939376831
1685107157.9392104,22,0.8153802156448364
1685107168.4764116,23,0.8151812553405762
1685107180.2862134,24,0.8157881498336792
1685107194.1856773,25,0.8159250020980835
1685107205.9075522,26,0.8161916136741638
1685107216.6018076,27,0.8164058327674866
1685107228.9244895,28,0.8161168098449707
1685107241.5751076,29,0.8165423274040222
