Wall time,Step,Value
1690983410.4336166,0,0.8645279407501221
1690983491.5477839,1,0.8757271766662598
1690983601.015483,2,0.8819559812545776
1690983639.6592517,3,0.8812475800514221
1690983673.987785,4,0.8806120753288269
1690983710.6611989,5,0.8827536702156067
1690983748.3344998,6,0.8825469017028809
1690983786.6324124,7,0.882763683795929
1690983822.2965915,8,0.8827031850814819
1690983860.736405,9,0.8830626010894775
1690983895.3879387,10,0.8824090957641602
1690983932.1513753,11,0.882660984992981
1690983972.1320336,12,0.8824946880340576
1690984009.994695,13,0.8821424245834351
1690984049.1508176,14,0.8827444911003113
1690984088.6003754,15,0.8819814920425415
1690984126.4730363,16,0.8820747137069702
1690984165.5132473,17,0.8823662400245667
1690984203.2170017,18,0.8820798993110657
1690984244.558772,19,0.8818950057029724
1690984283.7186298,20,0.8819630742073059
1690984323.3748293,21,0.8819984197616577
1690984360.6113336,22,0.881895124912262
1690984397.6367774,23,0.8817906975746155
1690984435.6529248,24,0.8817721009254456
1690984472.8726387,25,0.8817903399467468
1690984512.7824972,26,0.8817456364631653
1690984551.5658247,27,0.8816643357276917
1690984589.9536686,28,0.8816350698471069
1690984618.1848848,29,0.8816275596618652
1690984648.9915888,30,0.8816341757774353
