Wall time,Step,Value
1690985319.547196,0,0.9037303924560547
1690985362.1812167,1,0.912199854850769
1690985401.9324043,2,0.9142380952835083
1690985441.647562,3,0.9154980778694153
1690985483.6092796,4,0.9160349369049072
1690985525.2172117,5,0.9155904650688171
1690985565.338737,6,0.9170345067977905
1690985602.8928256,7,0.9170723557472229
1690985644.7921407,8,0.9181832671165466
1690985685.006152,9,0.918476939201355
1690985722.8949163,10,0.917048990726471
1690985765.1690137,11,0.918016791343689
1690985803.299439,12,0.9177240133285522
1690985844.3501823,13,0.9177749752998352
1690985885.5021243,14,0.9175819158554077
1690985925.4666147,15,0.9174261689186096
1690985963.376207,16,0.9172089695930481
1690986001.219639,17,0.9174835681915283
1690986040.2241857,18,0.9173681139945984
1690986079.46065,19,0.9169487953186035
1690986118.9866636,20,0.9170979857444763
1690986159.5409236,21,0.9171527624130249
1690986200.656905,22,0.9170637726783752
1690986241.345879,23,0.9168758988380432
1690986280.4184027,24,0.9168528318405151
1690986320.204224,25,0.9168798923492432
1690986358.6242242,26,0.9168475270271301
1690986399.3755512,27,0.9167775511741638
1690986440.6178074,28,0.9168131351470947
1690986478.6304789,29,0.9167550206184387
1690986499.7660306,30,0.9167376160621643
