Wall time,Step,Value
1690985316.2307703,0,0.9037303924560547
1690985356.9804711,1,0.9095534086227417
1690985399.4451318,2,0.9143919944763184
1690985436.7889605,3,0.9152383804321289
1690985475.646709,4,0.913952648639679
1690985514.8440773,5,0.9151349663734436
1690985554.5650704,6,0.9163751602172852
1690985592.6320856,7,0.9157845973968506
1690985634.0207787,8,0.9156799912452698
1690985674.5050778,9,0.9161156415939331
1690985714.1025932,10,0.9156965017318726
1690985753.0654695,11,0.9154537916183472
1690985790.4116123,12,0.9154981374740601
1690985831.1170752,13,0.9154869318008423
1690985870.4836073,14,0.9153289198875427
1690985911.201078,15,0.9150405526161194
1690985947.6114414,16,0.9150627851486206
1690985985.0151067,17,0.9151952862739563
1690986022.0636268,18,0.9152517914772034
1690986064.0851285,19,0.9148566126823425
1690986101.7781446,20,0.9148831963539124
1690986141.2091653,21,0.914944052696228
1690986176.3403168,22,0.9150283336639404
1690986215.537863,23,0.9148983955383301
1690986255.5581787,24,0.9147671461105347
1690986293.505914,25,0.9147944450378418
1690986331.0618434,26,0.9148460030555725
1690986372.3488858,27,0.914788544178009
1690986414.4010575,28,0.9147270321846008
1690986455.268818,29,0.9147197604179382
1690986491.1317594,30,0.9147250056266785
