Wall time,Step,Value
1690986724.9252315,0,0.90803062915802
1690986736.8560338,1,0.9085211753845215
1690986748.7420819,2,0.9126506447792053
1690986760.9941523,3,0.9111334681510925
1690986772.294323,4,0.9121263027191162
1690986786.4716213,5,0.9103238582611084
1690986796.8933206,6,0.9142726063728333
1690986808.3136134,7,0.9130310416221619
1690986819.4520466,8,0.9127699136734009
1690986830.8459644,9,0.9139801263809204
1690986843.1282268,10,0.9125734567642212
1690986854.0105767,11,0.9137930274009705
1690986866.3541198,12,0.913534939289093
1690986878.7065904,13,0.9125910997390747
1690986890.810579,14,0.9133251309394836
1690986903.320619,15,0.9127305150032043
1690986915.067329,16,0.9128992557525635
1690986926.834783,17,0.9127310514450073
1690986938.4165924,18,0.9127439856529236
1690986949.0085533,19,0.9127241969108582
1690986961.0294194,20,0.9126562476158142
1690986972.01455,21,0.9124847650527954
1690986983.4289992,22,0.9125604629516602
1690986994.6615887,23,0.9123010039329529
1690987005.2879353,24,0.9123750925064087
1690987017.2091122,25,0.9124056696891785
1690987029.0914783,26,0.9124897718429565
1690987040.5055797,27,0.9123954176902771
1690987050.752807,28,0.9122826457023621
1690987059.830296,29,0.912246584892273
1690987066.8031712,30,0.9123019576072693
