Wall time,Step,Value
1690985321.7876859,0,0.9037303924560547
1690985361.4841454,1,0.9025564193725586
1690985401.554207,2,0.9162784218788147
1690985442.4190354,3,0.9167666435241699
1690985482.9149609,4,0.9193175435066223
1690985523.086157,5,0.9187098741531372
1690985564.5873435,6,0.9200570583343506
1690985605.7456524,7,0.9195046424865723
1690985642.6908512,8,0.9202556014060974
1690985677.3497717,9,0.9202629327774048
1690985715.7501864,10,0.9203397631645203
1690985753.7972908,11,0.9204584360122681
1690985791.6992354,12,0.9204531311988831
1690985827.7648804,13,0.9203088879585266
1690985864.8036542,14,0.9203634858131409
1690985905.331351,15,0.9203514456748962
1690985939.365248,16,0.9202355742454529
1690985980.9586446,17,0.9202846884727478
1690986019.389864,18,0.9202180504798889
1690986058.1601334,19,0.9201202988624573
1690986097.657081,20,0.9201104044914246
1690986135.798159,21,0.92014080286026
1690986173.275839,22,0.9200717210769653
1690986211.2070348,23,0.9200297594070435
1690986252.0400388,24,0.919992208480835
1690986292.334527,25,0.9199997186660767
1690986330.6769052,26,0.9199792146682739
1690986366.5524049,27,0.9199795126914978
1690986405.9145224,28,0.9199454188346863
1690986444.161544,29,0.9199190735816956
1690986485.428407,30,0.9199175834655762
