Wall time,Step,Value
1690986698.9964516,0,0.90803062915802
1690986707.3199933,1,0.9070106744766235
1690986716.3398275,2,0.9105556607246399
1690986726.2163801,3,0.9117820262908936
1690986736.7993875,4,0.913352370262146
1690986748.7138295,5,0.9120882153511047
1690986761.368452,6,0.9136470556259155
1690986773.3417232,7,0.9126346707344055
1690986787.444815,8,0.9133833050727844
1690986799.4591238,9,0.913730800151825
1690986810.1440415,10,0.9121566414833069
1690986821.726315,11,0.9134441614151001
1690986833.14223,12,0.91227126121521
1690986843.8847651,13,0.913280725479126
1690986855.8932564,14,0.9126010537147522
1690986867.3134553,15,0.9126229882240295
1690986879.7584999,16,0.9126405715942383
1690986891.4349217,17,0.9121030569076538
1690986903.9056287,18,0.9125217199325562
1690986915.5830848,19,0.9121261239051819
1690986927.1842268,20,0.9122327566146851
1690986938.7476053,21,0.9121933579444885
1690986949.9436967,22,0.9119699001312256
1690986960.8258297,23,0.9121236801147461
1690986972.3880398,24,0.9119609594345093
1690986983.879671,25,0.912044882774353
1690986995.7361422,26,0.9119253158569336
1690987007.170709,27,0.9118859767913818
1690987018.1592095,28,0.9117940664291382
1690987030.27979,29,0.9118909239768982
1690987041.2510056,30,0.911838173866272
