Wall time,Step,Value
1690983417.7772787,0,0.8645279407501221
1690983492.2953756,1,0.8692677021026611
1690983558.1621125,2,0.8811924457550049
1690983611.5692124,3,0.8814353942871094
1690983649.7044244,4,0.8804304003715515
1690983690.0888906,5,0.8793001770973206
1690983727.3797154,6,0.8811374306678772
1690983767.1610472,7,0.8806847929954529
1690983808.0315707,8,0.8804448843002319
1690983847.066938,9,0.8809048533439636
1690983884.0850062,10,0.8807080388069153
1690983923.9343696,11,0.8800503015518188
1690983962.9093766,12,0.8801453709602356
1690984000.5720963,13,0.8801259994506836
1690984040.9886212,14,0.8795976638793945
1690984083.6211863,15,0.8795166015625
1690984123.7535868,16,0.8795038461685181
1690984165.1858332,17,0.879269540309906
1690984204.1211433,18,0.8791670203208923
1690984243.31003,19,0.87907874584198
1690984281.8264482,20,0.8789210915565491
1690984322.0268066,21,0.8788383603096008
1690984361.5111134,22,0.8787844777107239
1690984401.153004,23,0.8787644505500793
1690984441.072734,24,0.8786184787750244
1690984482.1380956,25,0.8785501718521118
1690984522.5981007,26,0.878497302532196
1690984563.8636343,27,0.8784925937652588
1690984601.0034554,28,0.8784511685371399
1690984636.7847002,29,0.8784024715423584
1690984666.5823348,30,0.8783886432647705
