Wall time,Step,Value
1690983414.5561736,0,0.8645279407501221
1690983547.3823836,1,0.8792191743850708
1690983608.9439528,2,0.8771207332611084
1690983646.461257,3,0.8821268081665039
1690983684.012986,4,0.8819329738616943
1690983722.7235038,5,0.8810508251190186
1690983757.5516858,6,0.8820785284042358
1690983796.2912257,7,0.8829656839370728
1690983837.1387227,8,0.8821200728416443
1690983875.250224,9,0.8823376297950745
1690983909.3905444,10,0.8822464942932129
1690983952.9293458,11,0.8817853927612305
1690983988.3096719,12,0.8819845914840698
1690984025.4893622,13,0.8813820481300354
1690984066.5889413,14,0.8815348744392395
1690984104.9452784,15,0.8814992308616638
1690984145.7035685,16,0.8813319802284241
1690984183.9200838,17,0.8809971213340759
1690984219.9459481,18,0.8809168934822083
1690984258.105856,19,0.8811303377151489
1690984294.4959495,20,0.8807926774024963
1690984331.4477584,21,0.8805984258651733
1690984370.546227,22,0.8806605339050293
1690984408.654845,23,0.8806197643280029
1690984445.5970414,24,0.8804994225502014
1690984483.894613,25,0.8804190754890442
1690984520.8043442,26,0.8804077506065369
1690984564.1940062,27,0.8803516030311584
1690984599.3610983,28,0.8802998065948486
1690984631.6618164,29,0.8803088665008545
1690984659.2410655,30,0.8803021907806396
