Wall time,Step,Value
1687720467.8979127,0,0.8191235065460205
1687720473.3711498,1,0.8560647368431091
1687720479.4814694,2,0.8731832504272461
1687720485.425289,3,0.879697322845459
1687720491.2907836,4,0.8828185796737671
1687720496.570932,5,0.8847194910049438
1687720501.8225605,6,0.8863482475280762
1687720507.324171,7,0.8877551555633545
1687720512.8537898,8,0.8887103796005249
1687720519.1290507,9,0.8896251916885376
1687720524.8385758,10,0.8902369737625122
1687720530.2817695,11,0.8909919261932373
1687720535.8932915,12,0.8915740847587585
1687720541.6688447,13,0.8921253681182861
1687720547.5900073,14,0.8922222852706909
1687720553.7913935,15,0.8927916288375854
1687720559.485336,16,0.8932735323905945
1687720565.2765942,17,0.893509566783905
1687720571.0936306,18,0.8938782811164856
1687720575.7744508,19,0.8939825892448425
1687720580.412916,20,0.8943800330162048
1687720584.953642,21,0.8945104479789734
1687720590.24496,22,0.8942776918411255
1687720594.8487,23,0.8948445916175842
1687720599.5503736,24,0.8950742483139038
1687720604.1556065,25,0.8951430916786194
1687720608.8189118,26,0.8949612975120544
1687720613.6197128,27,0.8952839374542236
1687720617.2889864,28,0.8954516053199768
1687720621.2823472,29,0.8954572677612305
1687720625.394986,30,0.8956946134567261
