Wall time,Step,Value
1687721216.7218072,0,0.8328886032104492
1687721247.6529868,1,0.8357805609703064
1687721281.8059518,2,0.8371739387512207
1687721309.629325,3,0.838664174079895
1687721338.932936,4,0.839375913143158
1687721370.2735016,5,0.839733898639679
1687721398.9823866,6,0.839971125125885
1687721437.5383604,7,0.8403981328010559
1687721469.7132072,8,0.8406713008880615
1687721501.725009,9,0.840654194355011
1687721531.7276056,10,0.8408636450767517
1687721564.0213876,11,0.8410971164703369
1687721595.7586813,12,0.8411132097244263
1687721631.0607326,13,0.8411911725997925
1687721667.5218906,14,0.8411432504653931
1687721699.9820442,15,0.841349184513092
1687721728.1706097,16,0.8413074612617493
1687721760.8310544,17,0.8412026762962341
1687721787.7179897,18,0.8412879705429077
1687721823.985488,19,0.8413479924201965
1687721854.2939808,20,0.8412021398544312
1687721885.886856,21,0.8410742282867432
1687721923.7108796,22,0.841149091720581
1687721953.3853471,23,0.8409631848335266
1687721987.8260584,24,0.8409736752510071
1687722016.5364203,25,0.8410916924476624
1687722045.6606064,26,0.8409905433654785
1687722077.520685,27,0.8408747315406799
1687722106.6593924,28,0.84079909324646
1687722137.7322347,29,0.840775728225708
1687722168.6560118,30,0.8407096266746521
