Wall time,Step,Value
1687724379.9783232,0,0.8646279573440552
1687724418.1997817,1,0.8698083162307739
1687724448.9280698,2,0.8720539808273315
1687724479.8347557,3,0.8735669255256653
1687724512.9723728,4,0.874973475933075
1687724545.800099,5,0.8757063150405884
1687724579.8414145,6,0.8764561414718628
1687724612.0157769,7,0.8770365118980408
1687724645.5544655,8,0.8774299025535583
1687724679.7456906,9,0.8778271079063416
1687724709.3946679,10,0.8780354261398315
1687724743.8661885,11,0.8781859874725342
1687724774.6855586,12,0.8783072233200073
1687724807.2479014,13,0.8783397078514099
1687724840.2698863,14,0.8787019848823547
1687724869.945859,15,0.8785862326622009
1687724903.6509209,16,0.8786646127700806
1687724937.9582455,17,0.8785858154296875
1687724970.9728773,18,0.8788213133811951
1687725004.2822642,19,0.878947377204895
1687725035.893197,20,0.878718376159668
1687725068.3021572,21,0.8784807324409485
1687725098.5798845,22,0.8787128925323486
1687725130.0715818,23,0.8784844875335693
1687725159.3375485,24,0.8786120414733887
1687725186.7347546,25,0.8788982033729553
1687725216.3640227,26,0.878520131111145
1687725244.9901233,27,0.8786541819572449
1687725273.8994856,28,0.8784632086753845
1687725302.922037,29,0.8784340023994446
1687725317.6488304,30,0.8784604072570801
