Wall time,Step,Value
1687717330.0598617,0,0.8182867765426636
1687717335.944082,1,0.879082202911377
1687717341.1059275,2,0.8838516473770142
1687717346.377362,3,0.8882695436477661
1687717351.1460397,4,0.8913825154304504
1687717355.909877,5,0.8928138017654419
1687717360.951827,6,0.8937159776687622
1687717365.7691495,7,0.8940328359603882
1687717370.9063888,8,0.8947415351867676
1687717375.882297,9,0.8951324224472046
1687717380.809973,10,0.8952918648719788
1687717385.9212646,11,0.895546019077301
1687717391.2415845,12,0.8953692317008972
1687717396.173332,13,0.8955543041229248
1687717400.7106087,14,0.8958672285079956
1687717404.9698875,15,0.8957124352455139
1687717409.198219,16,0.8956968188285828
1687717413.4763284,17,0.8957393169403076
1687717417.85563,18,0.895766019821167
1687717422.3414366,19,0.8957331776618958
1687717426.6399724,20,0.8955550193786621
1687717430.7955604,21,0.8955236077308655
1687717435.071385,22,0.8955380916595459
1687717439.3890808,23,0.8953307271003723
1687717443.7814517,24,0.8952745795249939
1687717448.2542882,25,0.8953719735145569
1687717451.5775564,26,0.8952043056488037
1687717455.0747073,27,0.895042359828949
1687717458.635074,28,0.8950466513633728
1687717462.0262165,29,0.8948504328727722
1687717465.4937136,30,0.8949085474014282
