Wall time,Step,Value
1687724358.5680614,0,0.8646279573440552
1687724388.2392886,1,0.8690321445465088
1687724415.359702,2,0.8714346885681152
1687724448.7006316,3,0.8734921216964722
1687724480.1519608,4,0.8745205402374268
1687724512.792199,5,0.8753443956375122
1687724544.8815532,6,0.8761447668075562
1687724574.480005,7,0.877067506313324
1687724605.1340072,8,0.8771848082542419
1687724638.975162,9,0.8773819804191589
1687724672.577487,10,0.878035306930542
1687724705.458347,11,0.8781433701515198
1687724739.7265713,12,0.8781235218048096
1687724771.5419345,13,0.8787919878959656
1687724804.0461073,14,0.8785647749900818
1687724834.9138153,15,0.8788800835609436
1687724867.7443569,16,0.8785495162010193
1687724901.493857,17,0.8791125416755676
1687724932.0775483,18,0.8789610266685486
1687724964.3149247,19,0.8790343999862671
1687724994.9213445,20,0.8788837790489197
1687725028.4606788,21,0.8792544603347778
1687725061.422994,22,0.8789193034172058
1687725093.5035887,23,0.8791040182113647
1687725121.8596013,24,0.8788233995437622
1687725151.2045064,25,0.8790281414985657
1687725181.8562455,26,0.8792766332626343
1687725213.291776,27,0.8787038326263428
1687725244.037204,28,0.8789991140365601
1687725273.6460903,29,0.8788055181503296
1687725303.3750763,30,0.8789467811584473
