Wall time,Step,Value
1687717308.4595447,0,0.8182867765426636
1687717313.5519948,1,0.8786963224411011
1687717317.8324122,2,0.8817076086997986
1687717322.2140882,3,0.8868597745895386
1687717326.8780067,4,0.8900995850563049
1687717331.8135245,5,0.8919108510017395
1687717336.736437,6,0.8925735354423523
1687717341.7214212,7,0.8926738500595093
1687717346.8916647,8,0.8936421871185303
1687717351.743939,9,0.8940750956535339
1687717356.786697,10,0.8942528963088989
1687717361.640992,11,0.8944876194000244
1687717366.62191,12,0.8948184251785278
1687717371.4596837,13,0.8947499990463257
1687717376.6142647,14,0.8946868777275085
1687717381.517668,15,0.8950510621070862
1687717386.496229,16,0.8950715065002441
1687717391.7204247,17,0.894877016544342
1687717396.7355804,18,0.8951181769371033
1687717401.1234138,19,0.8947151899337769
1687717405.3038247,20,0.8948606848716736
1687717409.409255,21,0.894997775554657
1687717413.548688,22,0.895031213760376
1687717417.901044,23,0.8947211503982544
1687717422.3217347,24,0.8948379158973694
1687717426.7479398,25,0.8948986530303955
1687717430.926911,26,0.8945919871330261
1687717435.124116,27,0.8946318626403809
1687717439.4471552,28,0.8946135640144348
1687717443.8140519,29,0.8946369290351868
1687717448.23256,30,0.8940101861953735
