Wall time,Step,Value
1687718966.1769185,0,0.8660263419151306
1687719008.1511786,1,0.8726513981819153
1687719053.0623682,2,0.8758078217506409
1687719090.90689,3,0.8768694400787354
1687719121.834386,4,0.8779175281524658
1687719150.8462813,5,0.8785760402679443
1687719180.8605773,6,0.8789542317390442
1687719212.702642,7,0.8792927265167236
1687719243.1548345,8,0.8789476752281189
1687719275.5013678,9,0.8788824677467346
1687719306.3244557,10,0.8792391419410706
1687719335.7821019,11,0.8790484070777893
1687719367.291017,12,0.8789469003677368
1687719408.7846513,13,0.8787667751312256
1687719439.2010517,14,0.8787516951560974
1687719470.8056836,15,0.8786142468452454
1687719500.3126469,16,0.8779747486114502
1687719531.4814918,17,0.8783785104751587
1687719564.285718,18,0.8781986236572266
1687719595.0087392,19,0.8778231739997864
1687719627.741723,20,0.8776392936706543
1687719657.9892046,21,0.8778075575828552
1687719691.011577,22,0.8774029016494751
1687719721.1358874,23,0.8771453499794006
1687719753.2570732,24,0.8773288726806641
1687719782.888388,25,0.8769791126251221
1687719814.631322,26,0.8767416477203369
1687719843.4895797,27,0.8766911029815674
1687719864.0597305,28,0.876634418964386
1687719885.303012,29,0.8763537406921387
1687719906.5390751,30,0.8760880827903748
