Wall time,Step,Value
1688307153.625391,0,0.8637089133262634
1688307221.4827857,1,0.8772214651107788
1688307283.07398,2,0.8779391646385193
1688307342.8602338,3,0.8809915781021118
1688307401.1458309,4,0.882143497467041
1688307459.352666,5,0.8822115063667297
1688307523.1193838,6,0.8819255232810974
1688307587.4492662,7,0.8807292580604553
1688307652.4553204,8,0.8820222616195679
1688307718.1974726,9,0.881289005279541
1688307779.9304616,10,0.8801132440567017
1688307848.1985576,11,0.8818963170051575
1688307925.99195,12,0.8803731203079224
1688308003.1201613,13,0.8794539570808411
1688308077.3977983,14,0.8804494142532349
1688308168.0680928,15,0.880600094795227
1688308232.7844765,16,0.8816753029823303
1688308295.4630005,17,0.8803347945213318
1688308359.113218,18,0.880203366279602
1688308424.7124898,19,0.8815518021583557
1688308490.172168,20,0.8807435035705566
1688308552.7464507,21,0.8777777552604675
1688308616.057728,22,0.8790055513381958
1688308676.8778408,23,0.8804658651351929
1688308743.3682091,24,0.8809298872947693
1688308806.031424,25,0.8774415254592896
1688308870.9026756,26,0.8798259496688843
1688308925.5124254,27,0.8799388408660889
1688308973.7391002,28,0.8796849250793457
1688309014.5971053,29,0.879851758480072
1688309053.463906,30,0.8803080320358276
