Wall time,Step,Value
1688304620.6688476,0,0.8665232062339783
1688304694.1541393,1,0.8762902617454529
1688304760.5002675,2,0.8809295296669006
1688304829.2527735,3,0.8794010877609253
1688304891.360111,4,0.8815399408340454
1688304955.8264978,5,0.8812992572784424
1688305023.8945644,6,0.8815485239028931
1688305090.8229017,7,0.8786476254463196
1688305155.5314317,8,0.8808735609054565
1688305223.5815005,9,0.8804987668991089
1688305284.722707,10,0.8794090747833252
1688305348.3208473,11,0.8800463080406189
1688305414.0276659,12,0.8798467516899109
1688305475.648121,13,0.8789666891098022
1688305539.3961668,14,0.8793628811836243
1688305599.572393,15,0.8778895139694214
1688305659.1911952,16,0.8785578012466431
1688305720.8547342,17,0.8793944120407104
1688305785.1353106,18,0.8797210454940796
1688305850.4382746,19,0.8784642815589905
1688305913.2570593,20,0.8789941072463989
1688305972.5616271,21,0.8789526224136353
1688306035.3234153,22,0.8783983588218689
1688306101.2210948,23,0.8790296316146851
1688306162.482753,24,0.8788555860519409
1688306227.893911,25,0.8788259029388428
1688306290.6993356,26,0.8785001635551453
1688306351.482038,27,0.8777133822441101
1688306392.5806344,28,0.8784340023994446
1688306433.5482836,29,0.8778470754623413
1688306466.312195,30,0.8780784606933594
