Wall time,Step,Value
1688307118.7918644,0,0.8637089133262634
1688307186.370869,1,0.8754510879516602
1688307255.3021653,2,0.878126323223114
1688307318.3364427,3,0.8823000192642212
1688307386.3884876,4,0.8814375400543213
1688307448.7107587,5,0.8828586935997009
1688307513.0935006,6,0.8833814859390259
1688307576.3716002,7,0.8823966979980469
1688307635.4472775,8,0.8830962777137756
1688307699.0325224,9,0.8828759789466858
1688307769.3443315,10,0.8816332221031189
1688307834.49127,11,0.8826716542243958
1688307911.4522285,12,0.8817259073257446
1688307995.7212431,13,0.8809760808944702
1688308078.101391,14,0.882318913936615
1688308161.2566743,15,0.8817805647850037
1688308223.2085934,16,0.8830971121788025
1688308287.9760044,17,0.8816322088241577
1688308354.1682677,18,0.8812400102615356
1688308420.1109369,19,0.879553496837616
1688308483.734441,20,0.8812286853790283
1688308546.1124914,21,0.8814740777015686
1688308612.0728781,22,0.8805202841758728
1688308677.1667874,23,0.8811039328575134
1688308741.7516353,24,0.8815264701843262
1688308809.5691094,25,0.8806754350662231
1688308874.0578244,26,0.8805155158042908
1688308928.397054,27,0.8796520829200745
1688308980.6524916,28,0.8808773756027222
1688309025.0798357,29,0.8804771900177002
1688309061.609337,30,0.881533682346344
