Wall time,Step,Value
1688304620.5663745,0,0.8665232062339783
1688304693.646494,1,0.8753860592842102
1688304760.62111,2,0.8792174458503723
1688304825.0166705,3,0.879915177822113
1688304888.6934533,4,0.8792899250984192
1688304956.2082505,5,0.880801796913147
1688305021.8513758,6,0.8794193267822266
1688305086.2786803,7,0.8794845342636108
1688305146.4293382,8,0.8801174163818359
1688305206.5354629,9,0.8797306418418884
1688305271.6840773,10,0.8794467449188232
1688305333.8039963,11,0.8797504305839539
1688305391.3493166,12,0.8795790672302246
1688305449.9657457,13,0.8793882131576538
1688305514.406462,14,0.8790723085403442
1688305576.5757558,15,0.8775397539138794
1688305638.2929373,16,0.8781898021697998
1688305700.7406871,17,0.8771933913230896
1688305764.9749482,18,0.8783828020095825
1688305825.8215945,19,0.8772609233856201
1688305893.2924576,20,0.8784453272819519
1688305962.5104344,21,0.8779109120368958
1688306025.8546615,22,0.8775262832641602
1688306085.1866746,23,0.877934992313385
1688306153.4699867,24,0.8778067231178284
1688306213.5364912,25,0.8778499960899353
1688306278.9071631,26,0.8776808977127075
1688306343.4789474,27,0.8779674172401428
1688306389.4012291,28,0.8778941631317139
1688306429.1637893,29,0.8776009678840637
1688306461.9315782,30,0.8771360516548157
