Wall time,Step,Value
1688304620.4248555,0,0.8665232062339783
1688304698.119796,1,0.8762621283531189
1688304760.0438733,2,0.8801303505897522
1688304822.958123,3,0.8796669244766235
1688304886.1517158,4,0.8806672096252441
1688304952.6484547,5,0.8802354335784912
1688305023.9535265,6,0.8806577324867249
1688305085.5637188,7,0.8795058727264404
1688305148.57267,8,0.8791508078575134
1688305212.0653803,9,0.8792486190795898
1688305275.9745548,10,0.8794565796852112
1688305338.1884475,11,0.8801528215408325
1688305401.8474178,12,0.8800379037857056
1688305464.532118,13,0.8794428110122681
1688305529.7634823,14,0.8795162439346313
1688305591.092698,15,0.8794345259666443
1688305651.6474142,16,0.8793026208877563
1688305717.2918916,17,0.8791465163230896
1688305778.5622149,18,0.8785191178321838
1688305836.582914,19,0.8789622783660889
1688305895.5525775,20,0.8782675862312317
1688305957.6380193,21,0.8784202933311462
1688306019.4498708,22,0.8787898421287537
1688306085.0637248,23,0.8789317607879639
1688306144.6303,24,0.8784792423248291
1688306211.2954469,25,0.8790381550788879
1688306278.1773922,26,0.8784909248352051
1688306343.478602,27,0.8782970309257507
1688306388.4148948,28,0.879240870475769
1688306431.077509,29,0.8773825764656067
1688306465.3503108,30,0.8788536787033081
