Wall time,Step,Value
1688307177.6295476,0,0.8637089133262634
1688307238.3652825,1,0.8773086667060852
1688307298.2004564,2,0.8778499960899353
1688307365.5082078,3,0.8798937797546387
1688307436.2589061,4,0.8795706629753113
1688307503.8711345,5,0.8817366361618042
1688307565.3238633,6,0.8808188438415527
1688307629.598323,7,0.881055474281311
1688307687.0421658,8,0.8808678388595581
1688307747.5661201,9,0.8812795281410217
1688307809.8591912,10,0.8806743025779724
1688307873.3246994,11,0.879707932472229
1688307955.9520726,12,0.8806437849998474
1688308039.902765,13,0.8802361488342285
1688308117.767787,14,0.878951907157898
1688308197.9894946,15,0.879558801651001
1688308261.4318907,16,0.8782708644866943
1688308323.4196336,17,0.8791905045509338
1688308385.8089135,18,0.8802428841590881
1688308447.527275,19,0.878653347492218
1688308512.6949718,20,0.8786492943763733
1688308583.6370046,21,0.8786555528640747
1688308648.082944,22,0.8809269666671753
1688308708.0967352,23,0.8805801868438721
1688308777.2845533,24,0.880408525466919
1688308835.437442,25,0.8796261548995972
1688308895.0884247,26,0.8805159330368042
1688308951.324252,27,0.8796723484992981
1688309000.5680983,28,0.879922091960907
1688309043.5879016,29,0.8792096376419067
1688309067.3164208,30,0.8796584010124207
