Wall time,Step,Value
1688731388.257896,0,0.8665232062339783
1688731464.986918,1,0.8765223026275635
1688731546.870871,2,0.8800644874572754
1688731631.1641574,3,0.8809236884117126
1688731712.9384062,4,0.8816806077957153
1688731794.2622385,5,0.8812590837478638
1688731881.2794387,6,0.8808426260948181
1688731960.9655137,7,0.8805461525917053
1688732045.2772095,8,0.8807248473167419
1688732129.864348,9,0.8786702156066895
1688732215.144583,10,0.8797470927238464
1688732302.6084278,11,0.8773203492164612
1688732399.3010123,12,0.8803339004516602
1688732479.1614015,13,0.8794395327568054
1688732556.939681,14,0.8803407549858093
1688732635.5079813,15,0.8802280426025391
1688732713.346971,16,0.8800747990608215
1688732786.478981,17,0.8804101347923279
1688732870.7701342,18,0.8789332509040833
1688732958.60815,19,0.8772134184837341
1688733035.613688,20,0.8780797123908997
1688733122.35595,21,0.8782433271408081
1688733207.4666195,22,0.8792118430137634
1688733290.99848,23,0.8796291947364807
1688733373.364122,24,0.8790099620819092
1688733443.1302056,25,0.8793777823448181
1688733515.3079226,26,0.8791434168815613
1688733573.1866827,27,0.8780640959739685
1688733627.0100293,28,0.8782554864883423
1688733671.7162647,29,0.8780419826507568
1688733712.6838346,30,0.8789190649986267
