Wall time,Step,Value
1688733818.8896687,0,0.8637089133262634
1688733849.4003584,1,0.8737068772315979
1688733879.7965891,2,0.8764191269874573
1688733911.0736122,3,0.8809111714363098
1688733941.8164344,4,0.8820797204971313
1688733969.8016286,5,0.8812927007675171
1688733999.9073188,6,0.8809581398963928
1688734031.3128624,7,0.8807064294815063
1688734062.3435912,8,0.8780487179756165
1688734093.5841372,9,0.8733759522438049
1688734123.709888,10,0.8703840374946594
1688734155.6417172,11,0.8754257559776306
1688734186.3887398,12,0.865252673625946
1688734215.7717998,13,0.8778173327445984
1688734245.1066535,14,0.8767574429512024
1688734275.366675,15,0.8778000473976135
1688734305.6695678,16,0.8807201385498047
1688734335.3299956,17,0.8799908757209778
1688734365.4033442,18,0.8798467516899109
1688734397.1332803,19,0.8799853324890137
1688734428.861284,20,0.8806431293487549
1688734460.6418788,21,0.8803401589393616
1688734489.7692194,22,0.8791255950927734
1688734523.0344126,23,0.8796955943107605
1688734554.3576138,24,0.8782351016998291
1688734585.541376,25,0.8761958479881287
1688734617.3390641,26,0.8785019516944885
1688734644.7243536,27,0.874419629573822
1688734665.697466,28,0.8763254284858704
1688734683.4068868,29,0.8735656142234802
1688734698.398133,30,0.8799470067024231
