Wall time,Step,Value
1688731417.2543275,0,0.8665232062339783
1688731500.2617059,1,0.8773100972175598
1688731583.6526115,2,0.8786161541938782
1688731666.992037,3,0.8776049613952637
1688731753.6740575,4,0.8802579641342163
1688731831.9635122,5,0.8807612061500549
1688731918.9612594,6,0.8807845711708069
1688732008.159336,7,0.8804817795753479
1688732100.7719297,8,0.8804041743278503
1688732180.9220607,9,0.8795529007911682
1688732260.1178284,10,0.8768900036811829
1688732335.5570078,11,0.8801610469818115
1688732424.5664701,12,0.8796083927154541
1688732511.0972595,13,0.8781955242156982
1688732599.1777928,14,0.8803399205207825
1688732683.1601593,15,0.8804008960723877
1688732766.6307552,16,0.8799501061439514
1688732858.318163,17,0.8801578283309937
1688732945.24374,18,0.8799436688423157
1688733030.9408076,19,0.8784862160682678
1688733112.8630016,20,0.8767815232276917
1688733199.5429988,21,0.879143476486206
1688733289.7789485,22,0.8786774277687073
1688733368.3475618,23,0.8790714144706726
1688733444.550465,24,0.8784453868865967
1688733517.0205047,25,0.8794534206390381
1688733581.4980762,26,0.8788303136825562
1688733637.6560116,27,0.878950834274292
1688733681.885767,28,0.8782604932785034
1688733719.7139885,29,0.878196120262146
1688733743.8222058,30,0.8791369199752808
