Wall time,Step,Value
1688730822.4791055,0,0.820198655128479
1688730826.0017736,1,0.8895174860954285
1688730829.4138072,2,0.8954739570617676
1688730832.745631,3,0.8982295393943787
1688730836.1942537,4,0.8981432914733887
1688730839.6031435,5,0.8999567627906799
1688730842.9505746,6,0.8990800380706787
1688730846.3114116,7,0.8986347913742065
1688730849.6889431,8,0.896226167678833
1688730853.076877,9,0.8943964242935181
1688730856.4505644,10,0.8936310410499573
1688730859.903369,11,0.8931061625480652
1688730863.3453622,12,0.8968098759651184
1688730866.717663,13,0.8946766257286072
1688730870.039865,14,0.8986649513244629
1688730873.417891,15,0.8984298706054688
1688730876.753036,16,0.8989583253860474
1688730880.2298663,17,0.8997429013252258
1688730883.6645,18,0.8996934294700623
1688730887.1262171,19,0.8981345295906067
1688730890.5390468,20,0.8983625173568726
1688730893.913173,21,0.8981777429580688
1688730897.3159575,22,0.899337649345398
1688730900.6988912,23,0.8965898752212524
1688730904.1043804,24,0.8955950736999512
1688730907.473015,25,0.8984368443489075
1688730910.868473,26,0.8954466581344604
1688730914.3495967,27,0.8977738618850708
1688730917.592044,28,0.8951271176338196
1688730920.952753,29,0.8979953527450562
1688730924.3081262,30,0.8982335925102234
