Wall time,Step,Value
1690022952.9124804,0,0.8614586591720581
1690022977.4000516,1,0.8769847750663757
1690023003.6531885,2,0.8821448087692261
1690023037.4921825,3,0.883024275302887
1690023074.0727255,4,0.8801375031471252
1690023110.3707926,5,0.8841303586959839
1690023152.8102858,6,0.8836633563041687
1690023194.8544047,7,0.8827294111251831
1690023232.8993406,8,0.8834533095359802
1690023275.422817,9,0.8839085102081299
1690023318.1811235,10,0.8828740119934082
1690023356.0262969,11,0.883260190486908
1690023392.9561977,12,0.8832670450210571
1690023433.3864684,13,0.8825850486755371
1690023472.3127391,14,0.8832745552062988
1690023512.2530572,15,0.8827828764915466
1690023551.144911,16,0.8824074268341064
1690023590.3539412,17,0.8826971054077148
1690023629.995146,18,0.8827122449874878
1690023676.8947256,19,0.8823710083961487
1690023714.794515,20,0.8822917342185974
1690023755.9268134,21,0.8824455142021179
1690023791.9117014,22,0.8823413252830505
1690023829.0479105,23,0.8822063207626343
1690023868.0997107,24,0.8821603655815125
1690023908.424313,25,0.8821744322776794
1690023949.3136249,26,0.8821455240249634
1690023989.1051736,27,0.882087230682373
1690024033.8795526,28,0.8820478916168213
1690024077.5369856,29,0.8820114731788635
1690024117.552448,30,0.8820090293884277
