Wall time,Step,Value
1690022963.40109,0,0.8614586591720581
1690022992.4780507,1,0.88050776720047
1690023020.6302989,2,0.8772270679473877
1690023047.7310581,3,0.8832190632820129
1690023084.6105528,4,0.8825140595436096
1690023126.565856,5,0.8812153339385986
1690023168.0991921,6,0.8836569786071777
1690023211.9983904,7,0.8827958703041077
1690023253.8721528,8,0.8828638195991516
1690023296.0087352,9,0.8825097680091858
1690023337.570414,10,0.8831416368484497
1690023376.427329,11,0.8822610378265381
1690023419.546933,12,0.8821802735328674
1690023462.0541515,13,0.8826844692230225
1690023505.371047,14,0.881672203540802
1690023548.272565,15,0.882052481174469
1690023593.0540354,16,0.8820121884346008
1690023636.8049235,17,0.8814876079559326
1690023678.9521968,18,0.8816136717796326
1690023719.3710282,19,0.8815043568611145
1690023756.9853282,20,0.881293773651123
1690023794.8329678,21,0.8812937140464783
1690023835.2724352,22,0.8812071681022644
1690023878.2155929,23,0.8811070919036865
1690023919.6563642,24,0.8810901641845703
1690023964.5407846,25,0.8810185194015503
1690024006.6407752,26,0.8809300065040588
1690024045.8404124,27,0.8809121251106262
1690024085.921206,28,0.8808749914169312
1690024127.3413737,29,0.8808524012565613
1690024160.7491941,30,0.8808268308639526
