Wall time,Step,Value
1693865288.5383701,0,0.8917769193649292
1693865303.6725159,1,0.9073358178138733
1693865318.4878674,2,0.9096807241439819
1693865332.7881544,3,0.9080497026443481
1693865346.8304389,4,0.9103461503982544
1693865359.925768,5,0.9104632139205933
1693865373.411819,6,0.9103412628173828
1693865387.6116006,7,0.9101563692092896
1693865401.9923887,8,0.9101077318191528
1693865415.6713362,9,0.9099817872047424
1693865431.523072,10,0.9099786877632141
1693865445.0253887,11,0.9098849892616272
1693865461.4257534,12,0.909895658493042
1693865475.303484,13,0.9098209142684937
1693865485.8992443,14,0.9094371199607849
1693865494.0986028,15,0.9094668626785278
1693865502.600982,16,0.9094076156616211
1693865511.176387,17,0.9092634320259094
1693865519.7770042,18,0.9091759324073792
1693865528.097413,19,0.9091353416442871
1693865536.7268157,20,0.9091665744781494
1693865545.1939247,21,0.9091277122497559
1693865553.9967175,22,0.9090025424957275
1693865562.4551542,23,0.9089218378067017
1693865571.258633,24,0.9088451266288757
1693865579.7759044,25,0.9088947176933289
1693865588.3492894,26,0.9088749289512634
1693865596.7064426,27,0.9088687300682068
1693865605.6424165,28,0.9088036417961121
1693865614.3792233,29,0.9087551832199097
1693865622.8622057,30,0.9087679386138916
