Wall time,Step,Value
1693854554.0251467,0,0.8217977285385132
1693854592.4490793,1,0.8369842171669006
1693854625.925654,2,0.840606689453125
1693854658.0737786,3,0.8407832384109497
1693854696.182569,4,0.8413689732551575
1693854734.636285,5,0.8411530256271362
1693854776.003128,6,0.8408375382423401
1693854810.844734,7,0.8412747383117676
1693854846.6312516,8,0.8411396741867065
1693854888.3346667,9,0.840934157371521
1693854927.0781894,10,0.8409966230392456
1693854960.9881122,11,0.8409614562988281
1693854999.115558,12,0.8407286405563354
1693855038.5918489,13,0.8404669761657715
1693855074.5592604,14,0.8403849005699158
1693855109.4716673,15,0.8400192856788635
1693855145.2590997,16,0.8398314118385315
1693855181.8008883,17,0.839620053768158
1693855215.0771775,18,0.8394973874092102
1693855251.7027369,19,0.8394879102706909
1693855286.511858,20,0.8392217755317688
1693855327.8646343,21,0.8391286730766296
1693855360.087544,22,0.8389918804168701
1693855398.7757485,23,0.8388872742652893
1693855438.978702,24,0.8387917280197144
1693855473.4837673,25,0.8386993408203125
1693855510.9688199,26,0.8386175632476807
1693855545.2242727,27,0.8386081457138062
1693855579.1038764,28,0.8385437726974487
1693855617.9373755,29,0.8384749889373779
1693855647.5422664,30,0.8384287357330322
