Wall time,Step,Value
1693901697.2475502,0,30.69139862060547
1693901718.1855917,1,31.365880966186523
1693901736.558975,2,31.606943130493164
1693901754.9428144,3,31.73516082763672
1693901774.2988048,4,31.688152313232422
1693901791.863324,5,31.7443790435791
1693901810.0627835,6,31.777427673339844
1693901828.5926106,7,31.765031814575195
1693901846.647507,8,31.788190841674805
1693901864.328745,9,31.805809020996094
1693901882.606724,10,31.767724990844727
1693901901.0359457,11,31.749828338623047
1693901920.5686707,12,31.754718780517578
1693901943.64656,13,31.752775192260742
1693901965.2132206,14,31.73482894897461
1693901984.2906954,15,31.72718048095703
1693902002.2449925,16,31.709123611450195
1693902020.4688585,17,31.697097778320312
1693902039.9915352,18,31.69554901123047
1693902058.1456974,19,31.685848236083984
1693902075.3348022,20,31.67667579650879
1693902093.4246063,21,31.67251968383789
1693902112.157463,22,31.665847778320312
1693902129.9754446,23,31.65859603881836
1693902147.5519125,24,31.655494689941406
1693902163.9336922,25,31.65275764465332
1693902182.125102,26,31.651411056518555
1693902200.2265823,27,31.648218154907227
1693902218.0251038,28,31.645402908325195
1693902237.0121667,29,31.64257049560547
1693902255.7590075,30,31.640493392944336
