Wall time,Step,Value
1693866452.2970803,0,29.717266082763672
1693866478.5232043,1,30.741748809814453
1693866503.3819053,2,31.014297485351562
1693866535.574634,3,31.225976943969727
1693866564.8597465,4,31.196252822875977
1693866595.0406806,5,31.342674255371094
1693866627.512005,6,31.31598472595215
1693866658.5484843,7,31.242624282836914
1693866697.0781024,8,31.259321212768555
1693866733.5547144,9,31.273681640625
1693866772.2278433,10,31.239408493041992
1693866811.1978078,11,31.253585815429688
1693866845.9834716,12,31.24566078186035
1693866882.1067882,13,31.220611572265625
1693866918.8811584,14,31.18892478942871
1693866957.068022,15,31.17641830444336
1693866996.620544,16,31.157642364501953
1693867033.0783992,17,31.138933181762695
1693867070.3162546,18,31.131656646728516
1693867103.9908733,19,31.13065528869629
1693867128.1861825,20,31.117382049560547
1693867152.5750191,21,31.101703643798828
1693867175.7476597,22,31.090421676635742
1693867200.332546,23,31.085853576660156
1693867225.022041,24,31.083702087402344
1693867248.8225057,25,31.07737922668457
1693867274.3454344,26,31.066452026367188
1693867298.832115,27,31.064685821533203
1693867322.8849592,28,31.061321258544922
1693867346.468319,29,31.057266235351562
1693867371.127682,30,31.055194854736328
