Wall time,Step,Value
1693854550.9800441,0,30.02817726135254
1693854588.628409,1,31.14524269104004
1693854624.436643,2,31.284263610839844
1693854661.0363054,3,31.34787940979004
1693854697.7910705,4,31.357784271240234
1693854733.4915142,5,31.305587768554688
1693854768.6587093,6,31.277851104736328
1693854805.5533483,7,31.286542892456055
1693854842.5186045,8,31.279041290283203
1693854878.240728,9,31.275056838989258
1693854912.5674443,10,31.238990783691406
1693854949.0540311,11,31.220327377319336
1693854984.009439,12,31.214370727539062
1693855019.8551354,13,31.186847686767578
1693855057.4483285,14,31.173892974853516
1693855093.9350207,15,31.17655372619629
1693855131.672847,16,31.145030975341797
1693855167.511203,17,31.12786293029785
1693855202.4541404,18,31.130624771118164
1693855239.0674274,19,31.114408493041992
1693855274.3468244,20,31.095836639404297
1693855310.6373608,21,31.093894958496094
1693855347.005824,22,31.086227416992188
1693855384.1648288,23,31.072900772094727
1693855419.644457,24,31.068498611450195
1693855459.2244227,25,31.064605712890625
1693855497.1371636,26,31.060871124267578
1693855532.787384,27,31.055191040039062
1693855569.741691,28,31.051713943481445
1693855604.2701485,29,31.047761917114258
1693855638.7536016,30,31.0440673828125
