Wall time,Step,Value
1693902333.8501003,0,29.717266082763672
1693902352.1849813,1,30.89333152770996
1693902369.6397157,2,31.094345092773438
1693902387.2793317,3,31.146547317504883
1693902406.2832246,4,31.261884689331055
1693902423.8600368,5,31.258647918701172
1693902441.5699477,6,31.191957473754883
1693902460.5355735,7,31.213369369506836
1693902474.4178827,8,31.235685348510742
1693902487.6919062,9,31.218137741088867
1693902500.3204682,10,31.198488235473633
1693902513.339508,11,31.193500518798828
1693902526.8786917,12,31.169429779052734
1693902540.9193447,13,31.17256736755371
1693902553.7563968,14,31.162614822387695
1693902567.7981112,15,31.13210678100586
1693902581.3788073,16,31.132240295410156
1693902594.5705593,17,31.121479034423828
1693902608.3675396,18,31.107337951660156
1693902622.0846932,19,31.10112190246582
1693902635.555141,20,31.097532272338867
1693902649.6125216,21,31.090190887451172
1693902663.3686302,22,31.076440811157227
1693902677.0597765,23,31.0750789642334
1693902690.1565878,24,31.07048797607422
1693902703.8997335,25,31.066097259521484
1693902717.610574,26,31.059770584106445
1693902730.9586592,27,31.05413246154785
1693902744.656386,28,31.05259132385254
1693902757.8475618,29,31.04950714111328
1693902771.0634391,30,31.048261642456055
