Wall time,Step,Value
1693854554.0251243,0,30.02817726135254
1693854592.4490473,1,31.081043243408203
1693854625.9256222,2,31.156269073486328
1693854658.0737486,3,31.32652473449707
1693854696.1825325,4,31.369970321655273
1693854734.636264,5,31.364913940429688
1693854776.003094,6,31.316205978393555
1693854810.8447073,7,31.32832145690918
1693854846.6312208,8,31.32923698425293
1693854888.334631,9,31.29958724975586
1693854927.0781667,10,31.283863067626953
1693854960.9880905,11,31.303998947143555
1693854999.1155372,12,31.271331787109375
1693855038.5918124,13,31.24669647216797
1693855074.559224,14,31.23767852783203
1693855109.4716465,15,31.21714210510254
1693855145.259073,16,31.194841384887695
1693855181.8008513,17,31.181310653686523
1693855215.0771563,18,31.170637130737305
1693855251.702714,19,31.1633358001709
1693855286.5118377,20,31.15349769592285
1693855327.8646142,21,31.139785766601562
1693855360.0875175,22,31.12865447998047
1693855398.775721,23,31.122339248657227
1693855438.978676,24,31.117938995361328
1693855473.483746,25,31.109474182128906
1693855510.9687905,26,31.10092544555664
1693855545.224251,27,31.099720001220703
1693855579.103853,28,31.096223831176758
1693855617.9373507,29,31.09284210205078
1693855647.5422463,30,31.088882446289062
