Wall time,Step,Value
1693853787.3476603,0,0.9013347029685974
1693853796.8118675,1,0.9045117497444153
1693853807.4641514,2,0.9093015193939209
1693853818.5083447,3,0.9050089120864868
1693853828.7828498,4,0.9100279808044434
1693853839.4241772,5,0.9065521955490112
1693853848.9303012,6,0.9103297591209412
1693853860.302692,7,0.9093260765075684
1693853870.6099794,8,0.9097228050231934
1693853880.8384576,9,0.9097992181777954
1693853890.5525615,10,0.9091033935546875
1693853900.7491202,11,0.9095584750175476
1693853911.327417,12,0.9093672633171082
1693853921.1631749,13,0.9090359210968018
1693853931.4005542,14,0.9092748165130615
1693853941.3734589,15,0.9085744619369507
1693853951.38163,16,0.9091312885284424
1693853960.60904,17,0.9084663987159729
1693853969.435855,18,0.9086713790893555
1693853977.0816605,19,0.9085864424705505
1693853984.1780982,20,0.9086042046546936
1693853991.8045201,21,0.9083535075187683
1693853999.1718848,22,0.9083885550498962
1693854006.4927812,23,0.9082772135734558
1693854012.4747713,24,0.9081677198410034
1693854018.3029337,25,0.9083126783370972
1693854024.2752995,26,0.9083172678947449
1693854030.443989,27,0.9080455899238586
1693854036.6406581,28,0.9081026315689087
1693854041.339029,29,0.9081345200538635
1693854045.7905552,30,0.9081147909164429
