Wall time,Step,Value
1693901939.799619,0,0.8661839962005615
1693901961.5349007,1,0.875462532043457
1693901979.1359549,2,0.8802573084831238
1693901996.6169991,3,0.8812452554702759
1693902013.7203972,4,0.8817031383514404
1693902031.597508,5,0.8813936710357666
1693902048.9771385,6,0.8809826970100403
1693902067.0400972,7,0.8810550570487976
1693902085.1358747,8,0.8814342021942139
1693902101.8210402,9,0.8812050223350525
1693902119.493242,10,0.880977988243103
1693902137.6933768,11,0.8805979490280151
1693902155.8740525,12,0.8805252909660339
1693902173.61976,13,0.880454957485199
1693902191.2835128,14,0.8800756931304932
1693902209.3485208,15,0.8800557255744934
1693902226.813095,16,0.8798203468322754
1693902245.6008801,17,0.8797621726989746
1693902262.9148593,18,0.8796626329421997
1693902275.9521387,19,0.8795081377029419
1693902289.9833837,20,0.8793909549713135
1693902303.5105152,21,0.8792799711227417
1693902316.9316885,22,0.8791816234588623
1693902335.1349163,23,0.879144012928009
1693902353.1931412,24,0.8790593147277832
1693902370.996884,25,0.87900310754776
1693902389.0888302,26,0.8789398670196533
1693902406.7948103,27,0.8789197206497192
1693902424.3883748,28,0.8788795471191406
1693902443.0499103,29,0.8788445591926575
1693902461.5851798,30,0.8788022994995117
