Wall time,Step,Value
1693857343.1059282,0,30.80486297607422
1693857385.4229496,1,31.563507080078125
1693857422.03415,2,31.686071395874023
1693857456.89618,3,31.755952835083008
1693857492.4824905,4,31.787078857421875
1693857528.209141,5,31.78313636779785
1693857565.7816918,6,31.818403244018555
1693857598.8846447,7,31.795923233032227
1693857633.3728404,8,31.836732864379883
1693857667.851096,9,31.812091827392578
1693857704.9059849,10,31.808696746826172
1693857741.3170726,11,31.7939510345459
1693857776.037287,12,31.768150329589844
1693857810.3351147,13,31.76791000366211
1693857845.3911521,14,31.756393432617188
1693857883.1287112,15,31.743371963500977
1693857919.2902582,16,31.741168975830078
1693857955.3705728,17,31.72529411315918
1693857991.9506645,18,31.717350006103516
1693858022.5190268,19,31.715118408203125
1693858058.715446,20,31.708127975463867
1693858093.3497593,21,31.699262619018555
1693858129.9318407,22,31.691879272460938
1693858166.3957036,23,31.692092895507812
1693858204.8708756,24,31.68523597717285
1693858243.0657794,25,31.68202018737793
1693858280.9963355,26,31.679887771606445
1693858318.3815928,27,31.67751693725586
1693858354.4663527,28,31.672693252563477
1693858382.947802,29,31.671659469604492
1693858404.3355157,30,31.66919708251953
