Wall time,Step,Value
1693857343.1059527,0,0.8689829707145691
1693857385.4229825,1,0.8806652426719666
1693857422.0342803,2,0.8825005292892456
1693857456.8962255,3,0.8833485841751099
1693857492.4825103,4,0.8845208287239075
1693857528.2091606,5,0.8847270607948303
1693857565.7817245,6,0.8847781419754028
1693857598.8846714,7,0.8848119974136353
1693857633.372868,8,0.8850065469741821
1693857667.8511326,9,0.8849779367446899
1693857704.9060047,10,0.8847683072090149
1693857741.3171058,11,0.8845394253730774
1693857776.0373151,12,0.8844505548477173
1693857810.3351345,13,0.8843240141868591
1693857845.391174,14,0.8842166066169739
1693857883.1287313,15,0.8841240406036377
1693857919.290281,16,0.8840281963348389
1693857955.3705943,17,0.8839130997657776
1693857991.9506924,18,0.8837892413139343
1693858022.5191026,19,0.8837608098983765
1693858058.7283978,20,0.8836987018585205
1693858093.3497949,21,0.88362056016922
1693858129.9318848,22,0.8835558295249939
1693858166.395725,23,0.8834922909736633
1693858204.8709064,24,0.8834384679794312
1693858243.0658238,25,0.8833996653556824
1693858280.9963682,26,0.8833696842193604
1693858318.381613,27,0.8833279013633728
1693858354.466386,28,0.8832987546920776
1693858382.9478297,29,0.8832810521125793
1693858404.3355334,30,0.8832575678825378
