Wall time,Step,Value
1693906449.0248003,0,29.717266082763672
1693906466.5151107,1,31.10457420349121
1693906485.2315922,2,31.17093849182129
1693906503.3329546,3,31.146625518798828
1693906521.433686,4,31.281904220581055
1693906539.5421007,5,31.23946762084961
1693906557.0332916,6,31.1815242767334
1693906573.9718556,7,31.228687286376953
1693906590.9994555,8,31.25159454345703
1693906609.1888301,9,31.15324592590332
1693906628.7424595,10,31.190963745117188
1693906646.1499119,11,31.17281723022461
1693906664.5344126,12,31.123779296875
1693906681.9206846,13,31.13146209716797
1693906698.5226662,14,31.119474411010742
1693906715.3931973,15,31.072446823120117
1693906734.028357,16,31.073421478271484
1693906750.997983,17,31.06968879699707
1693906769.8725054,18,31.045522689819336
1693906789.1019163,19,31.031213760375977
1693906805.7702684,20,31.025129318237305
1693906824.1248138,21,31.015796661376953
1693906841.4136426,22,31.007699966430664
1693906860.6179628,23,30.999160766601562
1693906877.1066985,24,30.996337890625
1693906894.7587678,25,30.987016677856445
1693906913.5475314,26,30.981903076171875
1693906929.9033391,27,30.98003387451172
1693906947.5543358,28,30.974016189575195
1693906964.6702454,29,30.97062873840332
1693906978.0149376,30,30.965778350830078
