Wall time,Step,Value
1693901697.2475743,0,0.8661839962005615
1693901718.185625,1,0.875514805316925
1693901736.5589998,2,0.8804395198822021
1693901754.9428394,3,0.8831211924552917
1693901774.2988253,4,0.8817959427833557
1693901791.8633494,5,0.8841999769210815
1693901810.0628123,6,0.8842878937721252
1693901828.5926404,7,0.8836710453033447
1693901846.6475272,8,0.8844462633132935
1693901864.3287742,9,0.8845835328102112
1693901882.6067412,10,0.8839167356491089
1693901901.035966,11,0.8838791847229004
1693901920.5686927,12,0.8838517069816589
1693901943.6466057,13,0.8838146328926086
1693901965.2132435,14,0.8837620615959167
1693901984.290716,15,0.8835374712944031
1693902002.2450163,16,0.8833141922950745
1693902020.4688783,17,0.8832432627677917
1693902039.9915583,18,0.8831202387809753
1693902058.1457329,19,0.8830173015594482
1693902075.3348403,20,0.8829548358917236
1693902093.4246364,21,0.8828524351119995
1693902112.1574974,22,0.8827699422836304
1693902129.975472,23,0.8827201128005981
1693902147.5519328,24,0.8826825022697449
1693902163.9337125,25,0.8826339840888977
1693902182.125122,26,0.8825965523719788
1693902200.2266164,27,0.8825697898864746
1693902218.0251245,28,0.8825474977493286
1693902237.012192,29,0.8825168609619141
1693902255.7590506,30,0.8824902176856995
