Wall time,Step,Value
1693864565.5988564,0,0.8917769193649292
1693864570.774528,1,0.9074277877807617
1693864575.821654,2,0.9084615707397461
1693864580.8482172,3,0.91124427318573
1693864585.5913851,4,0.9097683429718018
1693864590.2674947,5,0.9116563200950623
1693864594.976074,6,0.9114945530891418
1693864599.8043518,7,0.9106749892234802
1693864604.8091335,8,0.9115131497383118
1693864609.487189,9,0.9112952351570129
1693864614.2509217,10,0.9105958938598633
1693864619.0456955,11,0.9113015532493591
1693864623.7212758,12,0.9103952646255493
1693864628.6574297,13,0.9113536477088928
1693864633.7918663,14,0.9106513857841492
1693864638.6351492,15,0.9108366370201111
1693864643.967283,16,0.910914957523346
1693864649.5312705,17,0.9107118248939514
1693864655.459569,18,0.9106760025024414
1693864660.7335722,19,0.9105476140975952
1693864666.051687,20,0.9106128811836243
1693864672.5937715,21,0.9104563593864441
1693864680.3453813,22,0.9103655815124512
1693864689.1343324,23,0.9104536771774292
1693864699.7399178,24,0.910398542881012
1693864712.8670304,25,0.9103465676307678
1693864724.9996746,26,0.9102714657783508
1693864739.4499462,27,0.910249650478363
1693864750.133139,28,0.9102561473846436
1693864760.9969413,29,0.9102224111557007
1693864774.2235348,30,0.910204291343689
