Wall time,Step,Value
1693900087.7093515,0,0.8661839962005615
1693900123.5390494,1,0.8769417405128479
1693900161.7022057,2,0.8807997703552246
1693900196.8551521,3,0.8801353573799133
1693900230.5305996,4,0.8822705745697021
1693900264.944722,5,0.8836846947669983
1693900299.8842266,6,0.8824200630187988
1693900336.139421,7,0.8837540149688721
1693900372.571319,8,0.8837578892707825
1693900411.774378,9,0.883118748664856
1693900448.3534946,10,0.88383948802948
1693900486.4413557,11,0.8837122321128845
1693900523.4687564,12,0.8830040097236633
1693900561.8029842,13,0.8834152221679688
1693900597.9621792,14,0.8834734559059143
1693900633.960286,15,0.882953405380249
1693900672.1266701,16,0.8832888603210449
1693900700.5855625,17,0.8831379413604736
1693900731.9896271,18,0.8829134106636047
1693900763.917459,19,0.8829700946807861
1693900792.3946538,20,0.8829147815704346
1693900819.6584697,21,0.8828297257423401
1693900846.8267362,22,0.8826989531517029
1693900878.0350466,23,0.8827441334724426
1693900906.6183693,24,0.882722020149231
1693900936.3897157,25,0.8826580047607422
1693900966.4289496,26,0.8825778365135193
1693900995.558571,27,0.8825489282608032
1693901025.4228082,28,0.8825478553771973
1693901055.6402645,29,0.8825008273124695
1693901078.1661406,30,0.8824738264083862
