Wall time,Step,Value
1693866452.297104,0,0.8198744058609009
1693866478.5232267,1,0.8319658637046814
1693866503.381949,2,0.8352766633033752
1693866535.5746691,3,0.8398270606994629
1693866564.859779,4,0.8387722969055176
1693866595.0407062,5,0.8402090072631836
1693866627.5120356,6,0.8401042819023132
1693866658.5485356,7,0.8399391770362854
1693866697.0781338,8,0.8402068018913269
1693866733.5547616,9,0.8402929306030273
1693866772.2278643,10,0.8400652408599854
1693866811.1978505,11,0.8403396606445312
1693866845.9835086,12,0.8403560519218445
1693866882.106813,13,0.8399215340614319
1693866918.881179,14,0.8396977186203003
1693866957.0680487,15,0.8395402431488037
1693866996.6205792,16,0.8392074108123779
1693867033.078431,17,0.8389789462089539
1693867070.3162863,18,0.8389807939529419
1693867103.9909058,19,0.839000403881073
1693867128.1862056,20,0.8386781811714172
1693867152.5750394,21,0.8385226726531982
1693867175.7476864,22,0.8384292721748352
1693867200.3326197,23,0.8383781313896179
1693867225.0220618,24,0.8382972478866577
1693867248.822538,25,0.8381874561309814
1693867274.345468,26,0.8380725979804993
1693867298.832135,27,0.8380661606788635
1693867322.8849823,28,0.8380243182182312
1693867346.4683394,29,0.8379682898521423
1693867371.1277146,30,0.8379400968551636
