Wall time,Step,Value
1693865692.9555612,0,0.9013347029685974
1693865703.7404616,1,0.9077670574188232
1693865716.5549867,2,0.9097278714179993
1693865729.2086663,3,0.9081807732582092
1693865743.022621,4,0.9086845517158508
1693865753.1998148,5,0.9080926775932312
1693865766.0188549,6,0.9104145765304565
1693865777.2052066,7,0.9103364944458008
1693865788.0336661,8,0.9095807671546936
1693865799.3516397,9,0.9103037118911743
1693865809.945102,10,0.9097811579704285
1693865820.7789433,11,0.9101074934005737
1693865831.6882277,12,0.9101815223693848
1693865843.7466547,13,0.9098097085952759
1693865854.5529757,14,0.9097195267677307
1693865868.3167675,15,0.9098931550979614
1693865880.3619995,16,0.9097577929496765
1693865894.277844,17,0.9094651937484741
1693865905.712248,18,0.9094679355621338
1693865919.4059865,19,0.9094059467315674
1693865932.0680873,20,0.9092782735824585
1693865944.7922974,21,0.9092865586280823
1693865957.9804316,22,0.9092314839363098
1693865969.7197993,23,0.9091439843177795
1693865982.9202867,24,0.9090891480445862
1693865994.90842,25,0.9091141819953918
1693866008.8222423,26,0.9090592265129089
1693866021.261879,27,0.9090224504470825
1693866034.1255155,28,0.9089890122413635
1693866047.8576272,29,0.9089820384979248
1693866061.4738839,30,0.9089551568031311
