Wall time,Step,Value
1693853771.3450177,0,33.10354232788086
1693853780.7390943,1,33.206085205078125
1693853791.056152,2,33.52333450317383
1693853800.8616617,3,33.5392951965332
1693853811.198618,4,33.648258209228516
1693853821.7888877,5,33.62789535522461
1693853832.0046456,6,33.660484313964844
1693853841.901944,7,33.63056564331055
1693853851.6088548,8,33.61797332763672
1693853861.5521634,9,33.62175750732422
1693853871.621118,10,33.62415313720703
1693853881.9000502,11,33.60869598388672
1693853892.5329213,12,33.59186553955078
1693853902.612512,13,33.59053421020508
1693853912.7818875,14,33.57390213012695
1693853922.6151881,15,33.55494689941406
1693853932.7047923,16,33.547271728515625
1693853942.7558196,17,33.54647445678711
1693853952.8825665,18,33.53367614746094
1693853961.145031,19,33.521644592285156
1693853969.6088405,20,33.518516540527344
1693853977.2724216,21,33.51675796508789
1693853984.7716372,22,33.51117706298828
1693853991.9303458,23,33.50352478027344
1693853999.3580945,24,33.49708557128906
1693854006.76223,25,33.49556350708008
1693854012.9485629,26,33.492820739746094
1693854018.8130405,27,33.4915771484375
1693854024.5715098,28,33.48787307739258
1693854030.837139,29,33.4849967956543
1693854036.7539241,30,33.48369216918945
