Wall time,Step,Value
1691878802.0232503,0,0.8179606199264526
1691878811.3089285,1,0.8437046408653259
1691878820.1406739,2,0.8698980808258057
1691878829.417615,3,0.8850255608558655
1691878838.0335262,4,0.8910508155822754
1691878846.8360808,5,0.8912424445152283
1691878855.893767,6,0.8926359415054321
1691878865.6728396,7,0.8923092484474182
1691878874.8809721,8,0.8951103091239929
1691878884.1897755,9,0.8945351839065552
1691878892.2989094,10,0.8950247764587402
1691878900.2292497,11,0.8952856063842773
1691878909.027083,12,0.8954312801361084
1691878917.6174567,13,0.8950920104980469
1691878926.435018,14,0.8955192565917969
1691878935.5552197,15,0.8951720595359802
1691878944.8372324,16,0.8952449560165405
1691878953.987117,17,0.895218014717102
1691878963.0408013,18,0.8951292037963867
1691878972.418228,19,0.8948204517364502
1691878981.5551891,20,0.8949195146560669
1691878990.4604974,21,0.8950242400169373
1691878999.955339,22,0.89495450258255
1691879007.6804836,23,0.8947705030441284
1691879015.0029385,24,0.8946900367736816
1691879021.406442,25,0.8947809934616089
1691879027.5826802,26,0.8948383927345276
1691879034.0885382,27,0.8947324156761169
1691879039.4052558,28,0.8946983814239502
1691879043.3604243,29,0.8946630358695984
1691879047.2484338,30,0.8946724534034729
