Wall time,Step,Value
1691873955.017358,0,30.50996208190918
1691873969.9995017,1,28.77065658569336
1691873985.0580566,2,29.435625076293945
1691874000.1223154,3,29.81833267211914
1691874015.6258109,4,30.08765983581543
1691874030.2505062,5,30.246742248535156
1691874044.6373396,6,30.441974639892578
1691874059.728376,7,30.324861526489258
1691874075.0826175,8,30.584625244140625
1691874091.4401128,9,30.7084903717041
1691874107.4730442,10,30.527660369873047
1691874123.77362,11,30.744401931762695
1691874139.2190347,12,30.696264266967773
1691874154.1498966,13,30.559188842773438
1691874169.3197956,14,30.709609985351562
1691874183.208013,15,30.727462768554688
1691874197.9470994,16,30.66692352294922
1691874213.8699737,17,30.720338821411133
1691874229.7058668,18,30.65911865234375
1691874244.1430392,19,30.67176628112793
1691874259.7814286,20,30.662866592407227
1691874275.5623138,21,30.68203353881836
1691874291.4620976,22,30.672632217407227
1691874307.4559388,23,30.630346298217773
1691874323.4122915,24,30.64328384399414
1691874339.0077178,25,30.675701141357422
1691874355.3867397,26,30.618967056274414
1691874370.8725467,27,30.629425048828125
1691874385.1967692,28,30.63978385925293
1691874400.8428082,29,30.644899368286133
1691874416.3031666,30,30.612693786621094
