Wall time,Step,Value
1691876525.3345604,0,30.29344940185547
1691876570.3497906,1,28.84291648864746
1691876613.468634,2,29.598743438720703
1691876657.7407575,3,30.008686065673828
1691876695.1329477,4,30.13558006286621
1691876732.0272968,5,30.19873046875
1691876769.9108272,6,30.329076766967773
1691876804.7182684,7,30.413089752197266
1691876841.8463683,8,30.354997634887695
1691876877.2557044,9,30.561542510986328
1691876911.6258721,10,30.573806762695312
1691876948.0169654,11,30.622793197631836
1691876985.387526,12,30.501035690307617
1691877021.8254805,13,30.607431411743164
1691877062.7744846,14,30.42718505859375
1691877096.4516995,15,30.627479553222656
1691877134.1333582,16,30.550519943237305
1691877169.9291673,17,30.6229190826416
1691877208.2832901,18,30.525989532470703
1691877244.99516,19,30.56748390197754
1691877278.888719,20,30.576801300048828
1691877315.6951668,21,30.521032333374023
1691877349.8637755,22,30.529443740844727
1691877384.6106756,23,30.53353500366211
1691877420.3568213,24,30.526395797729492
1691877456.4020672,25,30.517059326171875
1691877492.2794228,26,30.506500244140625
1691877527.5317123,27,30.506118774414062
1691877556.6058252,28,30.503795623779297
1691877581.998302,29,30.48786735534668
1691877599.7096539,30,30.49410629272461
