Wall time,Step,Value
1691873972.567412,0,30.50996208190918
1691873989.0621858,1,28.024168014526367
1691874004.72707,2,28.530532836914062
1691874019.885606,3,29.895431518554688
1691874035.8463178,4,29.838388442993164
1691874052.1586304,5,29.89960479736328
1691874067.636479,6,30.23046112060547
1691874083.5214515,7,30.25149917602539
1691874098.5130765,8,30.435091018676758
1691874114.1531572,9,30.506669998168945
1691874130.0645297,10,30.52166748046875
1691874145.4751852,11,30.5400333404541
1691874162.1674137,12,30.62334442138672
1691874178.003966,13,30.582014083862305
1691874194.561909,14,30.63442039489746
1691874209.686708,15,30.544841766357422
1691874225.0602646,16,30.60407829284668
1691874241.1485898,17,30.575634002685547
1691874257.038144,18,30.56275177001953
1691874271.7981634,19,30.597782135009766
1691874286.2313564,20,30.589649200439453
1691874301.4693367,21,30.519655227661133
1691874316.7944672,22,30.544191360473633
1691874331.8743062,23,30.552936553955078
1691874348.1273162,24,30.540124893188477
1691874363.6202137,25,30.53742790222168
1691874379.4360204,26,30.519920349121094
1691874394.8078005,27,30.525068283081055
1691874410.2892144,28,30.520856857299805
1691874423.2997925,29,30.5036563873291
1691874434.3863277,30,30.50968360900879
