Wall time,Step,Value
1692000916.3563864,0,30.488903045654297
1692000957.0029917,1,31.01949691772461
1692000997.706271,2,31.275705337524414
1692001036.7395477,3,31.276901245117188
1692001075.6175241,4,31.287363052368164
1692001114.1697774,5,31.276918411254883
1692001156.3584297,6,31.306671142578125
1692001197.9223511,7,31.295747756958008
1692001234.1516016,8,31.253664016723633
1692001273.4574003,9,31.286849975585938
1692001311.6602345,10,31.248077392578125
1692001349.5442998,11,31.21258544921875
1692001389.6392217,12,31.266277313232422
1692001428.5092158,13,31.19175910949707
1692001469.6876352,14,31.234695434570312
1692001506.3208196,15,31.21087646484375
1692001545.2610457,16,31.18718147277832
1692001583.8954513,17,31.19042205810547
1692001624.0719297,18,31.192846298217773
1692001662.324592,19,31.165359497070312
1692001704.5703712,20,31.15135955810547
1692001743.6397784,21,31.172452926635742
1692001784.1174412,22,31.168912887573242
1692001822.8611276,23,31.14903450012207
1692001862.4627137,24,31.135974884033203
1692001904.944109,25,31.14695167541504
1692001938.8255098,26,31.15144920349121
1692001977.4862187,27,31.14017677307129
1692002018.9248464,28,31.138586044311523
1692002060.3757389,29,31.135046005249023
1692002093.26922,30,31.136425018310547
