Wall time,Step,Value
1691876525.3345845,0,0.8272998929023743
1691876570.3498223,1,0.7820819616317749
1691876613.4686568,2,0.7967368364334106
1691876657.7407858,3,0.8092254996299744
1691876695.1329703,4,0.8146573305130005
1691876732.0273185,5,0.8180652856826782
1691876769.9108508,6,0.8247612118721008
1691876804.7183013,7,0.8244062662124634
1691876841.846394,8,0.8257210850715637
1691876877.2557273,9,0.8273928165435791
1691876911.6259093,10,0.8280739188194275
1691876948.01699,11,0.8292832970619202
1691876985.3875597,12,0.8279958963394165
1691877021.8255062,13,0.8289945125579834
1691877062.7745209,14,0.8280234336853027
1691877096.4517286,15,0.8304399847984314
1691877134.133396,16,0.8287808895111084
1691877169.9291847,17,0.8303255438804626
1691877208.2833195,18,0.8281058073043823
1691877244.9951928,19,0.8287962079048157
1691877278.8887396,20,0.8287047147750854
1691877315.6951957,21,0.828074038028717
1691877349.8637986,22,0.8281433582305908
1691877384.6107035,23,0.8279818892478943
1691877420.3568535,24,0.8284045457839966
1691877456.4020936,25,0.827760636806488
1691877492.2794485,26,0.8276622295379639
1691877527.531749,27,0.8277655839920044
1691877556.60588,28,0.8276586532592773
1691877581.9983227,29,0.827390193939209
1691877599.7097104,30,0.8274441957473755
