Wall time,Step,Value
1691945368.1034012,0,33.40662384033203
1691945386.0755398,1,30.7386531829834
1691945410.6703134,2,31.032230377197266
1691945440.5825856,3,31.554105758666992
1691945473.7635505,4,32.779300689697266
1691945512.0257964,5,31.92397117614746
1691945549.8093262,6,33.022308349609375
1691945584.2029748,7,33.32870101928711
1691945621.960454,8,33.50530242919922
1691945657.5179946,9,33.32558822631836
1691945694.1484315,10,33.763999938964844
1691945732.5586767,11,33.785400390625
1691945769.293402,12,33.42500305175781
1691945805.3818183,13,33.9659538269043
1691945843.3638024,14,33.86703872680664
1691945877.9543526,15,33.993141174316406
1691945915.411177,16,33.786293029785156
1691945951.4609182,17,33.98368453979492
1691945988.9976213,18,34.07887649536133
1691946024.1594946,19,33.990909576416016
1691946064.645336,20,34.029075622558594
1691946102.619875,21,33.99917221069336
1691946139.4812908,22,34.0110969543457
1691946178.0861466,23,34.0189323425293
1691946213.5798333,24,34.033512115478516
1691946246.6099877,25,34.00172805786133
1691946285.97442,26,33.98893737792969
1691946326.717407,27,34.00026321411133
1691946365.4803414,28,34.021575927734375
1691946403.2408302,29,34.017127990722656
1691946439.2132769,30,34.01498794555664
