Wall time,Step,Value
1692000892.2892814,0,30.488903045654297
1692000934.1147618,1,30.97710609436035
1692000970.7985923,2,31.129575729370117
1692001009.4962199,3,31.219709396362305
1692001049.7068539,4,31.204402923583984
1692001088.0451941,5,31.05671501159668
1692001124.8912241,6,31.207284927368164
1692001169.3741212,7,31.151296615600586
1692001206.5510087,8,31.15800666809082
1692001245.1069298,9,31.185937881469727
1692001286.7733643,10,31.117568969726562
1692001326.4009795,11,31.103525161743164
1692001369.3080952,12,31.097471237182617
1692001411.0970535,13,31.091331481933594
1692001450.9131806,14,31.06615447998047
1692001492.019103,15,31.046703338623047
1692001529.991439,16,31.03641128540039
1692001573.5624733,17,31.019954681396484
1692001614.7075245,18,31.019222259521484
1692001656.0131738,19,31.01643180847168
1692001699.4749167,20,31.00187873840332
1692001735.4545326,21,30.983224868774414
1692001781.1112232,22,30.975221633911133
1692001821.5189297,23,30.978906631469727
1692001856.920598,24,30.971397399902344
1692001902.1484363,25,30.965320587158203
1692001939.531989,26,30.962053298950195
1692001979.36294,27,30.957597732543945
1692002018.4104292,28,30.954328536987305
1692002056.7633302,29,30.948915481567383
1692002093.9460013,30,30.949012756347656
