Wall time,Step,Value
1691877695.137725,0,30.51791763305664
1691877720.2129714,1,30.894775390625
1691877753.219583,2,30.94841957092285
1691877783.715348,3,31.161035537719727
1691877817.9963834,4,31.176359176635742
1691877852.3259206,5,31.103300094604492
1691877890.173371,6,31.194448471069336
1691877922.272265,7,31.165130615234375
1691877955.4586864,8,31.129411697387695
1691877987.4454799,9,31.144643783569336
1691878022.040597,10,31.131332397460938
1691878057.9807355,11,31.13383674621582
1691878089.367047,12,31.091684341430664
1691878124.7751865,13,31.08324432373047
1691878159.3492708,14,31.054506301879883
1691878189.0195286,15,31.037609100341797
1691878224.1823058,16,31.02763557434082
1691878259.4877582,17,31.00691032409668
1691878296.6301477,18,30.995832443237305
1691878330.92302,19,31.00239372253418
1691878361.6983476,20,30.975749969482422
1691878396.1319177,21,30.95679473876953
1691878429.2353663,22,30.953445434570312
1691878463.6347532,23,30.953638076782227
1691878498.3614345,24,30.95011329650879
1691878534.8928246,25,30.933876037597656
1691878566.8435376,26,30.92120933532715
1691878603.1917849,27,30.92745590209961
1691878639.6832023,28,30.922443389892578
1691878675.6408327,29,30.916547775268555
1691878712.0999053,30,30.91294288635254
