Wall time,Step,Value
1691873972.567444,0,0.8650746941566467
1691873989.062206,1,0.8028340339660645
1691874004.7271256,2,0.826306164264679
1691874019.8856473,3,0.8467679023742676
1691874035.8463492,4,0.8490049242973328
1691874052.1586878,5,0.8573569059371948
1691874067.6365273,6,0.8596924543380737
1691874083.5214827,7,0.8644322752952576
1691874098.513134,8,0.8645231127738953
1691874114.1531901,9,0.8664079308509827
1691874130.0645466,10,0.86814284324646
1691874145.4752169,11,0.868596076965332
1691874162.167447,12,0.8694211840629578
1691874178.003999,13,0.8692666888237
1691874194.5619352,14,0.8694829940795898
1691874209.6867404,15,0.8692255020141602
1691874225.0602853,16,0.8687509298324585
1691874241.1486185,17,0.8689706921577454
1691874257.0381753,18,0.8687798976898193
1691874271.798221,19,0.869044840335846
1691874286.2314148,20,0.8692732453346252
1691874301.4693604,21,0.8682789206504822
1691874316.7944887,22,0.8687006235122681
1691874331.8743265,23,0.8687774538993835
1691874348.12735,24,0.8685751557350159
1691874363.6202443,25,0.8685325384140015
1691874379.4360642,26,0.868319034576416
1691874394.8078587,27,0.8683980107307434
1691874410.2892404,28,0.8681980967521667
1691874423.2998462,29,0.8682082295417786
1691874434.3863847,30,0.8681581020355225
