Wall time,Step,Value
1691998392.3246894,0,30.940988540649414
1691998402.6715455,1,32.247650146484375
1691998413.3020053,2,32.55194854736328
1691998424.5338707,3,32.638587951660156
1691998440.6022596,4,32.6668815612793
1691998453.2274072,5,32.67479705810547
1691998465.8634062,6,32.72404098510742
1691998479.4687817,7,32.74694061279297
1691998491.2506893,8,32.75027084350586
1691998503.908382,9,32.73640441894531
1691998517.2923467,10,32.76435089111328
1691998529.326337,11,32.7629280090332
1691998541.851171,12,32.734439849853516
1691998554.6786485,13,32.72606658935547
1691998568.0128016,14,32.733070373535156
1691998580.5600672,15,32.73270034790039
1691998594.1883695,16,32.720558166503906
1691998607.3166928,17,32.70574951171875
1691998620.09602,18,32.703853607177734
1691998632.5960631,19,32.70222091674805
1691998645.5503397,20,32.69309616088867
1691998657.408449,21,32.687232971191406
1691998669.7462347,22,32.686397552490234
1691998683.676635,23,32.680850982666016
1691998696.9801135,24,32.67642593383789
1691998710.4367075,25,32.67387390136719
1691998723.0852456,26,32.67189407348633
1691998736.0666769,27,32.669822692871094
1691998749.0260577,28,32.66804504394531
1691998762.2623868,29,32.66470718383789
1691998773.448969,30,32.66258239746094
