Wall time,Step,Value
1691998870.1380107,0,30.36070442199707
1691998910.8280978,1,30.96388053894043
1691998952.436812,2,31.069229125976562
1691998991.5304635,3,31.02252197265625
1691999025.26312,4,31.11246681213379
1691999060.168844,5,31.01741600036621
1691999100.1096704,6,31.016876220703125
1691999138.576697,7,31.0417423248291
1691999178.8521981,8,31.01980972290039
1691999219.3386385,9,31.02101707458496
1691999264.716061,10,30.965824127197266
1691999307.1090753,11,30.97124481201172
1691999351.176306,12,30.9530029296875
1691999391.880985,13,30.883804321289062
1691999432.0046086,14,30.906877517700195
1691999471.8731565,15,30.88066864013672
1691999511.7211308,16,30.83415985107422
1691999551.591214,17,30.85708236694336
1691999591.4517689,18,30.818632125854492
1691999633.784538,19,30.796419143676758
1691999675.5803823,20,30.788719177246094
1691999714.1936731,21,30.79077911376953
1691999755.0065,22,30.771596908569336
1691999797.2117002,23,30.754125595092773
1691999838.7605493,24,30.7579288482666
1691999880.4130778,25,30.753253936767578
1691999922.2378118,26,30.741952896118164
1691999963.1241446,27,30.733997344970703
1692000003.1948116,28,30.734006881713867
1692000045.395675,29,30.730972290039062
1692000084.509346,30,30.724529266357422
