Wall time,Step,Value
1691876528.6629913,0,30.29344940185547
1691876566.1007674,1,28.145328521728516
1691876610.0964043,2,29.534109115600586
1691876651.103979,3,30.162368774414062
1691876689.894187,4,29.798585891723633
1691876721.8711026,5,30.455232620239258
1691876752.4248726,6,30.372238159179688
1691876784.8228312,7,30.537120819091797
1691876821.4740777,8,30.515636444091797
1691876854.6268191,9,30.533693313598633
1691876889.771064,10,30.57215690612793
1691876927.1594048,11,30.5221004486084
1691876962.5492034,12,30.645458221435547
1691876996.831645,13,30.508129119873047
1691877029.0746224,14,30.551891326904297
1691877068.849558,15,30.577184677124023
1691877101.3824785,16,30.510583877563477
1691877133.1885257,17,30.52007484436035
1691877165.3913956,18,30.524703979492188
1691877201.548768,19,30.464433670043945
1691877238.0179048,20,30.493812561035156
1691877275.8095164,21,30.460229873657227
1691877311.84512,22,30.446121215820312
1691877345.2045228,23,30.442546844482422
1691877376.8312273,24,30.417007446289062
1691877407.0000162,25,30.43268585205078
1691877438.789022,26,30.420013427734375
1691877472.917892,27,30.41180992126465
1691877507.0109515,28,30.406171798706055
1691877538.8852468,29,30.393142700195312
1691877568.0415654,30,30.397798538208008
