Wall time,Step,Value
1691876528.6481462,0,30.29344940185547
1691876566.033825,1,28.639373779296875
1691876594.193099,2,29.77117919921875
1691876625.6722791,3,30.113595962524414
1691876654.0162537,4,30.359512329101562
1691876690.7526042,5,30.489660263061523
1691876726.8257802,6,30.652536392211914
1691876763.532832,7,30.612085342407227
1691876798.9005854,8,30.677627563476562
1691876831.4198713,9,30.6877498626709
1691876867.5652676,10,30.754865646362305
1691876902.1293197,11,30.6901912689209
1691876932.9629815,12,30.726289749145508
1691876966.532806,13,30.708585739135742
1691877001.5317068,14,30.72146987915039
1691877034.5618246,15,30.676658630371094
1691877066.3747141,16,30.652372360229492
1691877099.399554,17,30.630558013916016
1691877132.6024315,18,30.681232452392578
1691877166.2306988,19,30.551973342895508
1691877196.1600645,20,30.627277374267578
1691877226.2564065,21,30.539634704589844
1691877257.3596437,22,30.608139038085938
1691877288.124658,23,30.557453155517578
1691877323.6136131,24,30.56569480895996
1691877358.6532483,25,30.54762077331543
1691877395.7896857,26,30.560213088989258
1691877427.619049,27,30.548988342285156
1691877461.6724155,28,30.517309188842773
1691877496.262215,29,30.529916763305664
1691877530.199696,30,30.52524185180664
