Wall time,Step,Value
1691876530.7276282,0,30.29344940185547
1691876566.8553047,1,28.578105926513672
1691876607.7708356,2,28.80504035949707
1691876650.896324,3,29.95334815979004
1691876684.2298455,4,29.93279266357422
1691876722.509084,5,30.574155807495117
1691876757.446151,6,30.22245979309082
1691876792.0951455,7,30.5913028717041
1691876829.4670782,8,30.640913009643555
1691876867.3011248,9,30.631866455078125
1691876903.6994028,10,30.74797821044922
1691876937.7677097,11,30.534141540527344
1691876972.3090582,12,30.717103958129883
1691877008.405906,13,30.545536041259766
1691877049.3679795,14,30.6881046295166
1691877087.2526634,15,30.552959442138672
1691877125.7414718,16,30.612714767456055
1691877159.6104302,17,30.477148056030273
1691877199.3843927,18,30.5938720703125
1691877236.0667315,19,30.520668029785156
1691877270.2158206,20,30.559240341186523
1691877306.416598,21,30.511857986450195
1691877337.2654262,22,30.534692764282227
1691877372.877173,23,30.531173706054688
1691877407.2352343,24,30.508697509765625
1691877441.8975449,25,30.500473022460938
1691877473.1144302,26,30.497127532958984
1691877504.0537794,27,30.500375747680664
1691877536.5842192,28,30.480070114135742
1691877564.72776,29,30.474035263061523
1691877585.1071053,30,30.477712631225586
