Wall time,Step,Value
1691998865.1809173,0,30.36070442199707
1691998910.9280019,1,30.942211151123047
1691998953.588695,2,30.980436325073242
1691998991.4974995,3,31.00984001159668
1691999025.1159577,4,31.02091407775879
1691999060.0543692,5,31.0255126953125
1691999101.6146195,6,30.987831115722656
1691999147.2170937,7,31.000579833984375
1691999185.0402398,8,30.99567222595215
1691999224.2905533,9,30.939693450927734
1691999269.8614078,10,30.959369659423828
1691999310.6097124,11,30.945446014404297
1691999350.9014065,12,30.900039672851562
1691999391.862292,13,30.91925048828125
1691999431.5198479,14,30.881362915039062
1691999471.9639306,15,30.870498657226562
1691999512.5254004,16,30.86866569519043
1691999555.3010383,17,30.846805572509766
1691999599.2603598,18,30.829694747924805
1691999642.4177163,19,30.831480026245117
1691999684.2993646,20,30.822694778442383
1691999727.6598094,21,30.806848526000977
1691999767.7725534,22,30.800874710083008
1691999808.810383,23,30.8009033203125
1691999846.7912204,24,30.791746139526367
1691999889.6065896,25,30.784326553344727
1691999927.4003336,26,30.78119659423828
1691999965.8321674,27,30.776880264282227
1692000003.2939742,28,30.776018142700195
1692000041.6314704,29,30.77181625366211
1692000076.9949422,30,30.769119262695312
