Wall time,Step,Value
1692000866.3588417,0,0.8656177520751953
1692000909.098741,1,0.8725977540016174
1692000952.822461,2,0.8749849796295166
1692000993.4504216,3,0.8789154291152954
1692001033.3707256,4,0.8792903423309326
1692001074.325216,5,0.8794060945510864
1692001111.9859724,6,0.8800390362739563
1692001157.637298,7,0.8798139691352844
1692001199.5648046,8,0.8793962597846985
1692001241.9614718,9,0.879250705242157
1692001285.7363155,10,0.8796699047088623
1692001326.095651,11,0.8794223070144653
1692001364.482837,12,0.8784613013267517
1692001406.37569,13,0.8791531324386597
1692001445.9165328,14,0.8791747093200684
1692001485.7578154,15,0.8781700134277344
1692001523.3026783,16,0.8788323998451233
1692001564.2961009,17,0.8783953189849854
1692001606.9206026,18,0.8784039616584778
1692001649.3278584,19,0.8784213662147522
1692001687.5571868,20,0.87820965051651
1692001724.9119074,21,0.8781185150146484
1692001762.835726,22,0.877991259098053
1692001805.9398139,23,0.8780628442764282
1692001843.3480058,24,0.8779387474060059
1692001884.4775653,25,0.8779324293136597
1692001924.959109,26,0.8778532147407532
1692001962.666581,27,0.8777756094932556
1692002005.1742704,28,0.8777799010276794
1692002046.042016,29,0.8777297735214233
1692002087.511032,30,0.877720296382904
