Wall time,Step,Value
1691945350.3581967,0,0.8929181098937988
1691945368.3848512,1,0.8611773252487183
1691945387.1448712,2,0.8527959585189819
1691945410.6004906,3,0.8695195913314819
1691945442.0672212,4,0.8814637660980225
1691945478.114672,5,0.8909714221954346
1691945517.5145676,6,0.8926690220832825
1691945556.285646,7,0.8989436626434326
1691945595.4829047,8,0.8999220132827759
1691945632.333548,9,0.9011113047599792
1691945672.70096,10,0.9037833213806152
1691945712.8883576,11,0.900888979434967
1691945751.2807868,12,0.9044761657714844
1691945794.3536832,13,0.9038490056991577
1691945832.2437873,14,0.9026500582695007
1691945869.209607,15,0.9048972129821777
1691945910.0997508,16,0.9037305116653442
1691945948.9963539,17,0.9045503735542297
1691945989.159912,18,0.903401255607605
1691946027.663285,19,0.9049909114837646
1691946064.77268,20,0.9035694599151611
1691946104.2058866,21,0.9040918946266174
1691946141.0104609,22,0.9049045443534851
1691946179.282728,23,0.9046947956085205
1691946217.4869778,24,0.9046443700790405
1691946253.6355062,25,0.9042841196060181
1691946290.822593,26,0.9042339324951172
1691946330.2225637,27,0.9045098423957825
1691946366.7959325,28,0.904547393321991
1691946403.6324956,29,0.9042156934738159
1691946441.7585258,30,0.9042412638664246
