Wall time,Step,Value
1691945368.1034184,0,0.8929181098937988
1691945386.0755684,1,0.8608261346817017
1691945410.6703303,2,0.8631225228309631
1691945440.5826309,3,0.8554995656013489
1691945473.7635727,4,0.8900517821311951
1691945512.0258482,5,0.8644912838935852
1691945549.809349,6,0.8850968480110168
1691945584.203008,7,0.8957104086875916
1691945621.960474,8,0.8927857279777527
1691945657.5180178,9,0.8923632502555847
1691945694.1484523,10,0.900298535823822
1691945732.5587099,11,0.8981657028198242
1691945769.2934248,12,0.8940834403038025
1691945805.3818476,13,0.9033111333847046
1691945843.3638246,14,0.8997189998626709
1691945877.9543781,15,0.9031941890716553
1691945915.4112008,16,0.8991647958755493
1691945951.4609497,17,0.9016644954681396
1691945988.9976425,18,0.9046514630317688
1691946024.1595228,19,0.9029117226600647
1691946064.6453614,20,0.903339684009552
1691946102.6198933,21,0.9032292366027832
1691946139.4813154,22,0.9032984375953674
1691946178.0861797,23,0.9033551812171936
1691946213.5798538,24,0.9042420983314514
1691946246.610034,25,0.9032257795333862
1691946285.9744534,26,0.902990996837616
1691946326.717428,27,0.9028553366661072
1691946365.4803731,28,0.9034985899925232
1691946403.2408621,29,0.9034566879272461
1691946439.2132971,30,0.9036989808082581
