Wall time,Step,Value
1691875680.3739793,0,30.90447998046875
1691875687.086862,1,30.19394874572754
1691875693.1984591,2,31.33744239807129
1691875699.0524416,3,31.27957534790039
1691875704.5612469,4,31.48339080810547
1691875710.1194346,5,31.773073196411133
1691875716.803473,6,31.924671173095703
1691875723.9062414,7,32.0755729675293
1691875731.3043852,8,31.979095458984375
1691875738.7791977,9,32.12942886352539
1691875746.2603824,10,32.318939208984375
1691875753.504503,11,32.308780670166016
1691875760.79061,12,32.230655670166016
1691875768.9095268,13,32.36211013793945
1691875777.000025,14,32.26227951049805
1691875784.1379945,15,32.33488464355469
1691875791.9664457,16,32.26799011230469
1691875800.476289,17,32.37644577026367
1691875807.99248,18,32.29736328125
1691875815.145225,19,32.26848602294922
1691875823.0486517,20,32.31902313232422
1691875830.5052109,21,32.261474609375
1691875838.1438985,22,32.2593994140625
1691875845.796347,23,32.251617431640625
1691875853.265818,24,32.27760314941406
1691875860.6106045,25,32.25520324707031
1691875868.434769,26,32.248756408691406
1691875876.3455367,27,32.24943923950195
1691875883.1390667,28,32.244449615478516
1691875889.784787,29,32.24183654785156
1691875895.7320378,30,32.22992706298828
