Wall time,Step,Value
1691879322.2791567,0,30.60588264465332
1691879362.291068,1,30.981782913208008
1691879393.3840082,2,31.228872299194336
1691879428.0457416,3,31.151552200317383
1691879460.3932247,4,31.225528717041016
1691879492.1504822,5,31.265344619750977
1691879524.9777017,6,31.261333465576172
1691879560.304718,7,31.233177185058594
1691879592.3241045,8,31.242618560791016
1691879625.8120697,9,31.24662971496582
1691879658.8459463,10,31.247337341308594
1691879692.9933558,11,31.203948974609375
1691879725.940459,12,31.22034454345703
1691879757.769402,13,31.187421798706055
1691879791.6373134,14,31.18172264099121
1691879824.0861292,15,31.187475204467773
1691879856.1094189,16,31.174564361572266
1691879890.105308,17,31.15599822998047
1691879921.2352788,18,31.137414932250977
1691879952.2510436,19,31.132896423339844
1691879982.8461947,20,31.127195358276367
1691880014.542023,21,31.12444496154785
1691880048.9464817,22,31.114065170288086
1691880083.2797437,23,31.10466766357422
1691880114.057719,24,31.10044288635254
1691880147.419968,25,31.103960037231445
1691880180.4870813,26,31.09398078918457
1691880216.0181901,27,31.090505599975586
1691880250.6869414,28,31.089248657226562
1691880282.8279915,29,31.090896606445312
1691880311.4195642,30,31.0865535736084
