Wall time,Step,Value
1691945350.3581703,0,33.40662384033203
1691945368.3848,1,30.386144638061523
1691945387.1448126,2,31.418840408325195
1691945410.6004577,3,32.4945068359375
1691945442.0672042,4,33.02134323120117
1691945478.1146486,5,33.32981491088867
1691945517.5145333,6,33.212646484375
1691945556.2856205,7,33.669288635253906
1691945595.4828706,8,33.582054138183594
1691945632.3335264,9,33.69124221801758
1691945672.7009206,10,33.886512756347656
1691945712.888334,11,33.6951789855957
1691945751.280752,12,33.927528381347656
1691945794.3536494,13,33.88378143310547
1691945832.243768,14,33.90200424194336
1691945869.2095635,15,33.918724060058594
1691945910.0997186,16,33.956024169921875
1691945948.9963212,17,33.95687484741211
1691945989.1598928,18,33.894996643066406
1691946027.6632621,19,33.95246505737305
1691946064.772647,20,33.90852737426758
1691946104.2058616,21,33.93917465209961
1691946141.010428,22,33.992393493652344
1691946179.2827053,23,33.959556579589844
1691946217.4869502,24,33.97807312011719
1691946253.635483,25,33.9659423828125
1691946290.8225634,26,33.957969665527344
1691946330.2225394,27,33.96282196044922
1691946366.7959025,28,33.9576530456543
1691946403.632476,29,33.95501708984375
1691946441.7584739,30,33.96147918701172
