Wall time,Step,Value
1692000870.9382813,0,0.8656177520751953
1692000915.4951596,1,0.8739370107650757
1692000954.7123463,2,0.8772443532943726
1692000992.8442864,3,0.8773080706596375
1692001033.023366,4,0.8785659670829773
1692001071.6627638,5,0.8781304359436035
1692001114.0584462,6,0.8781358003616333
1692001156.2031145,7,0.8779981136322021
1692001197.9144986,8,0.877923309803009
1692001236.777863,9,0.8781670928001404
1692001276.5934098,10,0.8776563405990601
1692001316.5981088,11,0.8773605227470398
1692001355.4413977,12,0.8776882886886597
1692001395.7169561,13,0.8770996332168579
1692001435.4761395,14,0.8770512938499451
1692001472.7031155,15,0.8769879937171936
1692001515.513821,16,0.8769094944000244
1692001554.164895,17,0.8768520951271057
1692001590.389044,18,0.8765168786048889
1692001629.919323,19,0.8764049410820007
1692001669.0373764,20,0.876354992389679
1692001705.0516908,21,0.8762635588645935
1692001748.0474243,22,0.8761293292045593
1692001789.1847496,23,0.876035749912262
1692001829.6227307,24,0.8759963512420654
1692001870.418414,25,0.8760132193565369
1692001909.7127209,26,0.8758902549743652
1692001951.6303685,27,0.8758289217948914
1692002003.7447248,28,0.8757985234260559
1692002041.4281573,29,0.8758049011230469
1692002083.3707845,30,0.8757714033126831
