Wall time,Step,Value
1691879335.2050133,0,30.60588264465332
1691879371.4471607,1,31.075218200683594
1691879405.9327033,2,31.324434280395508
1691879439.408649,3,31.262088775634766
1691879472.203096,4,31.203933715820312
1691879506.301964,5,31.34847640991211
1691879536.9174068,6,31.3443660736084
1691879570.889483,7,31.316957473754883
1691879603.6819675,8,31.266733169555664
1691879636.6111562,9,31.293136596679688
1691879672.3485155,10,31.264102935791016
1691879706.427555,11,31.19402503967285
1691879741.7851346,12,31.273509979248047
1691879776.8960721,13,31.18511199951172
1691879809.133822,14,31.23094367980957
1691879842.572905,15,31.188758850097656
1691879873.2180946,16,31.195165634155273
1691879905.7609797,17,31.179927825927734
1691879939.150121,18,31.16877555847168
1691879971.61239,19,31.15163803100586
1691880005.475266,20,31.14035415649414
1691880034.8802197,21,31.159061431884766
1691880068.386123,22,31.146982192993164
1691880102.509376,23,31.130889892578125
1691880136.134647,24,31.119304656982422
1691880169.6342764,25,31.132596969604492
1691880200.7241964,26,31.13392448425293
1691880232.1207535,27,31.114959716796875
1691880265.5008368,28,31.118440628051758
1691880301.200298,29,31.117496490478516
1691880322.4315207,30,31.11858367919922
