Wall time,Step,Value
1691875664.992159,0,30.90447998046875
1691875670.1234338,1,30.60139274597168
1691875676.2264323,2,30.76979637145996
1691875682.5689628,3,31.429061889648438
1691875689.3809004,4,31.632009506225586
1691875695.632306,5,31.895418167114258
1691875702.0332136,6,32.133567810058594
1691875708.2937746,7,32.1319580078125
1691875714.4682963,8,32.234012603759766
1691875720.749041,9,32.27324295043945
1691875728.3359103,10,32.32713317871094
1691875736.3249948,11,32.3192024230957
1691875744.1211338,12,32.329864501953125
1691875751.9389837,13,32.33854675292969
1691875759.4539335,14,32.235374450683594
1691875768.0525136,15,32.28915023803711
1691875775.7408035,16,32.30990982055664
1691875783.4210076,17,32.2217903137207
1691875791.2452846,18,32.33074188232422
1691875799.2043583,19,32.0693473815918
1691875806.0195599,20,32.28363800048828
1691875813.962332,21,32.16777801513672
1691875821.867757,22,32.2033576965332
1691875828.8770087,23,32.284141540527344
1691875836.4013054,24,32.2432746887207
1691875844.508718,25,32.24073791503906
1691875852.4911828,26,32.257904052734375
1691875860.5897596,27,32.22927474975586
1691875868.6058292,28,32.2314453125
1691875876.8595626,29,32.22425079345703
1691875883.9558578,30,32.238075256347656
