Wall time,Step,Value
1691878780.4684427,0,30.866992950439453
1691878788.6664782,1,32.410011291503906
1691878796.559047,2,32.516632080078125
1691878806.243071,3,32.5771369934082
1691878814.945382,4,32.654666900634766
1691878823.9376311,5,32.64021682739258
1691878833.211135,6,32.714942932128906
1691878842.7321537,7,32.66340637207031
1691878851.1783926,8,32.666015625
1691878860.0000591,9,32.74122619628906
1691878869.1508849,10,32.64359664916992
1691878878.3740315,11,32.6844367980957
1691878887.5846493,12,32.62714385986328
1691878897.1889312,13,32.67741012573242
1691878906.1787663,14,32.62891387939453
1691878915.1714616,15,32.58798599243164
1691878924.5919192,16,32.643394470214844
1691878933.779325,17,32.573299407958984
1691878942.8352802,18,32.591285705566406
1691878951.4550393,19,32.57455825805664
1691878960.5682561,20,32.55607223510742
1691878969.8180451,21,32.56589126586914
1691878979.5027192,22,32.5596923828125
1691878988.9701278,23,32.532508850097656
1691878997.8664675,24,32.542755126953125
1691879005.7356815,25,32.538490295410156
1691879013.7789192,26,32.53396987915039
1691879020.9502683,27,32.52426528930664
1691879027.68886,28,32.523624420166016
1691879034.4468336,29,32.520782470703125
1691879039.6445825,30,32.52113342285156
