Wall time,Step,Value
1692000866.3588138,0,30.488903045654297
1692000909.0987039,1,31.063859939575195
1692000952.822416,2,31.21567153930664
1692000993.4503922,3,31.32830238342285
1692001033.3707023,4,31.316566467285156
1692001074.3251805,5,31.356481552124023
1692001111.9859147,6,31.408689498901367
1692001157.6372755,7,31.33502769470215
1692001199.564783,8,31.355745315551758
1692001241.961449,9,31.3541202545166
1692001285.7362952,10,31.3254337310791
1692001326.0956178,11,31.34058952331543
1692001364.4828074,12,31.286752700805664
1692001406.3756661,13,31.310745239257812
1692001445.9165108,14,31.318878173828125
1692001485.7577932,15,31.260316848754883
1692001523.302655,16,31.281763076782227
1692001564.2960482,17,31.261011123657227
1692001606.9205725,18,31.268199920654297
1692001649.3278196,19,31.253015518188477
1692001687.557155,20,31.238256454467773
1692001724.9118774,21,31.239604949951172
1692001762.8356924,22,31.231849670410156
1692001805.939792,23,31.231218338012695
1692001843.3479793,24,31.219850540161133
1692001884.4775403,25,31.221460342407227
1692001924.9590874,26,31.219146728515625
1692001962.6665497,27,31.21058464050293
1692002005.1742501,28,31.208749771118164
1692002046.0419726,29,31.205059051513672
1692002087.5110111,30,31.20651626586914
