Wall time,Step,Value
1692000868.175696,0,30.488903045654297
1692000914.4231782,1,31.020572662353516
1692000955.0899742,2,31.287616729736328
1692000996.7192154,3,31.250835418701172
1692001036.5038314,4,31.30608558654785
1692001076.7764304,5,31.281238555908203
1692001117.395384,6,31.27471160888672
1692001155.068021,7,31.286815643310547
1692001194.467368,8,31.306438446044922
1692001235.0025866,9,31.282398223876953
1692001273.7739313,10,31.229732513427734
1692001316.3140209,11,31.25795555114746
1692001354.3430662,12,31.244150161743164
1692001394.533942,13,31.191680908203125
1692001434.3572571,14,31.218557357788086
1692001472.7350106,15,31.18022346496582
1692001511.3926299,16,31.161508560180664
1692001552.3722045,17,31.179840087890625
1692001591.6186206,18,31.155744552612305
1692001633.74644,19,31.138702392578125
1692001674.5058417,20,31.142215728759766
1692001715.5118973,21,31.130813598632812
1692001753.8710828,22,31.117328643798828
1692001795.2816265,23,31.1118106842041
1692001837.5967307,24,31.109941482543945
1692001877.4498577,25,31.112852096557617
1692001918.3196483,26,31.104734420776367
1692001957.9048727,27,31.10141944885254
1692002000.0174077,28,31.095481872558594
1692002040.217692,29,31.09286117553711
1692002082.5830014,30,31.090898513793945
