Wall time,Step,Value
1691998390.696053,0,30.940988540649414
1691998400.935336,1,32.24734878540039
1691998411.0429227,2,32.571502685546875
1691998423.3990169,3,32.67584228515625
1691998437.5476542,4,32.66557693481445
1691998450.1442518,5,32.67142105102539
1691998463.0411525,6,32.67570877075195
1691998475.700174,7,32.700016021728516
1691998488.058559,8,32.72657012939453
1691998501.3947558,9,32.674293518066406
1691998514.6876311,10,32.64301681518555
1691998528.4531615,11,32.654537200927734
1691998541.87628,12,32.633243560791016
1691998554.707355,13,32.63663864135742
1691998567.3993306,14,32.61940383911133
1691998579.2019358,15,32.601741790771484
1691998592.175649,16,32.59416198730469
1691998604.8816822,17,32.58182144165039
1691998618.178964,18,32.577598571777344
1691998632.0760064,19,32.55988311767578
1691998644.9861546,20,32.56077575683594
1691998658.0642745,21,32.556793212890625
1691998671.5388596,22,32.5349006652832
1691998683.7559173,23,32.53091812133789
1691998696.4949553,24,32.52933883666992
1691998709.5060232,25,32.528907775878906
1691998722.8299026,26,32.52473831176758
1691998736.5807512,27,32.51917266845703
1691998748.821278,28,32.5172119140625
1691998761.8381612,29,32.51321792602539
1691998772.9696524,30,32.511348724365234
