Wall time,Step,Value
1691876528.6630569,0,0.8272998929023743
1691876566.1007903,1,0.7844380140304565
1691876610.0964293,2,0.8075398206710815
1691876651.1040287,3,0.8161123394966125
1691876689.8942187,4,0.8095674514770508
1691876721.871129,5,0.8218515515327454
1691876752.424894,6,0.8263809084892273
1691876784.8228915,7,0.8253522515296936
1691876821.4741168,8,0.8292966485023499
1691876854.626871,9,0.8274438977241516
1691876889.7710912,10,0.8300483226776123
1691876927.1594388,11,0.82805997133255
1691876962.5492265,12,0.8297111392021179
1691876996.831683,13,0.827720046043396
1691877029.0746496,14,0.8285037875175476
1691877068.8495781,15,0.82915198802948
1691877101.3825006,16,0.8280487656593323
1691877133.1885455,17,0.8282235860824585
1691877165.3914287,18,0.8283179998397827
1691877201.5488012,19,0.8270226716995239
1691877238.017928,20,0.8277272582054138
1691877275.8095546,21,0.8271153569221497
1691877311.845147,22,0.8269832730293274
1691877345.204553,23,0.8266124725341797
1691877376.8313553,24,0.8265224695205688
1691877407.0000436,25,0.8264707326889038
1691877438.7890673,26,0.8264057040214539
1691877472.9179134,27,0.8261222839355469
1691877507.010975,28,0.826099157333374
1691877538.8852777,29,0.8258270025253296
1691877568.041592,30,0.8258116841316223
