Wall time,Step,Value
1691876545.5400262,0,30.29344940185547
1691876593.7976859,1,28.67710304260254
1691876650.0284934,2,28.554262161254883
1691876683.101173,3,29.70663833618164
1691876719.4708395,4,29.898969650268555
1691876754.1913905,5,30.36973762512207
1691876786.3871496,6,30.302207946777344
1691876821.7728388,7,30.518404006958008
1691876855.463435,8,30.25442886352539
1691876891.2229736,9,30.576189041137695
1691876928.5183785,10,30.32505989074707
1691876965.1754596,11,30.64535903930664
1691877000.3262534,12,30.510774612426758
1691877032.5209124,13,30.496063232421875
1691877069.0257185,14,30.583106994628906
1691877103.2422853,15,30.538393020629883
1691877137.7242138,16,30.51123809814453
1691877174.2003593,17,30.49178695678711
1691877213.7794704,18,30.498027801513672
1691877251.4213352,19,30.435148239135742
1691877284.2191427,20,30.476974487304688
1691877316.2139342,21,30.417633056640625
1691877351.9579165,22,30.460250854492188
1691877385.3779128,23,30.445974349975586
1691877423.7798407,24,30.43156623840332
1691877456.4860706,25,30.438899993896484
1691877493.9294214,26,30.43136978149414
1691877529.1319027,27,30.43406105041504
1691877557.9101744,28,30.400087356567383
1691877581.1467924,29,30.419967651367188
1691877599.4151733,30,30.41135597229004
