Wall time,Step,Value
1692000870.938251,0,30.488903045654297
1692000915.4951246,1,30.957393646240234
1692000954.7123244,2,31.224212646484375
1692000992.8442667,3,31.232284545898438
1692001033.0233428,4,31.187397003173828
1692001071.6627026,5,31.19981575012207
1692001114.0584257,6,31.220478057861328
1692001156.203093,7,31.178478240966797
1692001197.914474,8,31.1843204498291
1692001236.777841,9,31.191608428955078
1692001276.593376,10,31.164167404174805
1692001316.5980887,11,31.13567543029785
1692001355.441378,12,31.151506423950195
1692001395.7169285,13,31.1114501953125
1692001435.4761183,14,31.1081485748291
1692001472.7030952,15,31.113759994506836
1692001515.513801,16,31.103622436523438
1692001554.1648726,17,31.08956527709961
1692001590.3890245,18,31.067373275756836
1692001629.9192863,19,31.056856155395508
1692001669.0373466,20,31.049346923828125
1692001705.0516644,21,31.05255126953125
1692001748.0473893,22,31.044296264648438
1692001789.1847224,23,31.03257179260254
1692001829.622683,24,31.027467727661133
1692001870.4183912,25,31.03124237060547
1692001909.7126977,26,31.022144317626953
1692001951.6303487,27,31.018388748168945
1692002003.7447019,28,31.01692008972168
1692002041.4281375,29,31.018230438232422
1692002083.3707578,30,31.01385498046875
