Wall time,Step,Value
1691945486.6529634,0,0.8929181098937988
1691945518.6201746,1,0.850493311882019
1691945553.2416408,2,0.8839371204376221
1691945588.7328668,3,0.8887565732002258
1691945624.8367813,4,0.8880999088287354
1691945661.760481,5,0.8914552330970764
1691945694.946354,6,0.8939310908317566
1691945729.4091296,7,0.8998057246208191
1691945762.35916,8,0.900868833065033
1691945796.7292483,9,0.9032722115516663
1691945830.9766653,10,0.8984301686286926
1691945864.0292377,11,0.9013738036155701
1691945896.2460957,12,0.9017731547355652
1691945931.232455,13,0.9036229848861694
1691945965.300983,14,0.9040372371673584
1691945998.4713526,15,0.9050403237342834
1691946031.7207944,16,0.9041514992713928
1691946066.2951233,17,0.9042290449142456
1691946101.4002285,18,0.9052444696426392
1691946134.4585593,19,0.9036306142807007
1691946170.893095,20,0.9051188230514526
1691946204.8816793,21,0.9046041369438171
1691946236.7488096,22,0.9055467844009399
1691946271.5971503,23,0.9048928022384644
1691946306.9444716,24,0.9061662554740906
1691946342.0135427,25,0.9056850671768188
1691946378.4935188,26,0.9056847095489502
1691946415.8764656,27,0.9055132269859314
1691946449.2576907,28,0.9059132933616638
1691946472.1456783,29,0.905792236328125
1691946494.460424,30,0.9056196808815002
