Wall time,Step,Value
1691872977.8370638,0,30.50996208190918
1691873000.4445755,1,28.7133731842041
1691873019.86909,2,29.54128074645996
1691873042.485456,3,30.168771743774414
1691873063.558268,4,30.301708221435547
1691873083.6503434,5,30.58578872680664
1691873103.3802595,6,30.5233097076416
1691873125.9158118,7,30.51948356628418
1691873148.8162074,8,30.567651748657227
1691873166.4090922,9,30.64251136779785
1691873185.5144258,10,30.53485679626465
1691873205.946707,11,30.809457778930664
1691873227.416652,12,30.582809448242188
1691873249.2197344,13,30.737247467041016
1691873270.4133663,14,30.621156692504883
1691873290.9676003,15,30.63759422302246
1691873313.1665852,16,30.743072509765625
1691873333.032821,17,30.58595848083496
1691873353.964969,18,30.76057243347168
1691873376.5036001,19,30.663372039794922
1691873397.1608407,20,30.708600997924805
1691873419.8531823,21,30.706928253173828
1691873440.6820009,22,30.708742141723633
1691873461.5263844,23,30.674638748168945
1691873482.3307137,24,30.668899536132812
1691873504.5302193,25,30.73160171508789
1691873526.3537016,26,30.70317840576172
1691873541.5970452,27,30.646194458007812
1691873555.9008522,28,30.6895809173584
1691873567.5833206,29,30.691476821899414
1691873579.6783164,30,30.68013572692871
