Wall time,Step,Value
1691876545.5400531,0,0.8272998929023743
1691876593.7977076,1,0.785385012626648
1691876650.028546,2,0.7847117781639099
1691876683.1011975,3,0.8062351942062378
1691876719.470863,4,0.8198021054267883
1691876754.1914184,5,0.8242214322090149
1691876786.3871799,6,0.8270426392555237
1691876821.7728715,7,0.8268525004386902
1691876855.463459,8,0.8283610939979553
1691876891.2229958,9,0.8286064267158508
1691876928.5184093,10,0.8283771872520447
1691876965.1754813,11,0.8315520882606506
1691877000.3262963,12,0.828296422958374
1691877032.5209346,13,0.828649640083313
1691877069.0257397,14,0.8302075862884521
1691877103.2423155,15,0.8289297223091125
1691877137.7242405,16,0.8287140727043152
1691877174.200382,17,0.8282223343849182
1691877213.7794929,18,0.8282650113105774
1691877251.4213772,19,0.8275188207626343
1691877284.219184,20,0.8274977207183838
1691877316.2139509,21,0.8273418545722961
1691877351.9579432,22,0.8272388577461243
1691877385.377941,23,0.8273003101348877
1691877423.7798772,24,0.8272703886032104
1691877456.486103,25,0.8270144462585449
1691877493.9294467,26,0.8269599080085754
1691877529.131923,27,0.8268442749977112
1691877557.9102094,28,0.8266633749008179
1691877581.1468153,29,0.826625645160675
1691877599.415193,30,0.8266558647155762
