Wall time,Step,Value
1691945410.7785456,0,0.8929181098937988
1691945441.5841208,1,0.8485912680625916
1691945477.0505352,2,0.8905600905418396
1691945513.9421453,3,0.893273651599884
1691945549.7186713,4,0.891231894493103
1691945585.4321272,5,0.8990050554275513
1691945623.308442,6,0.8960146903991699
1691945661.7099092,7,0.9007979035377502
1691945701.2309878,8,0.8995785117149353
1691945737.59785,9,0.9042362570762634
1691945775.732131,10,0.9026031494140625
1691945814.8720274,11,0.9035523533821106
1691945851.9906363,12,0.9040809273719788
1691945890.3333669,13,0.9035085439682007
1691945929.281009,14,0.9050441384315491
1691945964.4631102,15,0.9033029079437256
1691945998.76982,16,0.9031359553337097
1691946036.1431408,17,0.9064571261405945
1691946076.1888165,18,0.9034205675125122
1691946116.3024755,19,0.9045236706733704
1691946154.4494007,20,0.9057298302650452
1691946188.939386,21,0.9044932126998901
1691946227.3873107,22,0.9054791927337646
1691946265.2029684,23,0.9051950573921204
1691946300.4946349,24,0.9047433733940125
1691946337.186313,25,0.9049420952796936
1691946374.553598,26,0.905146062374115
1691946414.6203942,27,0.9049994945526123
1691946449.0988064,28,0.904836118221283
1691946473.7874725,29,0.9049118161201477
1691946497.819492,30,0.9049919247627258
