Wall time,Step,Value
1691953229.024029,0,0.8968337178230286
1691953266.5126538,1,0.8972209095954895
1691953302.8764963,2,0.9104815721511841
1691953340.5870352,3,0.9114898443222046
1691953378.6128845,4,0.9135074615478516
1691953416.5729125,5,0.9147443771362305
1691953452.3856835,6,0.9147835969924927
1691953490.4900875,7,0.9162156581878662
1691953525.711407,8,0.9161481857299805
1691953564.1323178,9,0.9161695837974548
1691953600.5751078,10,0.9159921407699585
1691953634.049448,11,0.9158611297607422
1691953669.7267141,12,0.9160951375961304
1691953708.3218606,13,0.9161936044692993
1691953745.8350165,14,0.9163746237754822
1691953781.6598997,15,0.9162395596504211
1691953820.6315382,16,0.9163466691970825
1691953860.3834095,17,0.9160254001617432
1691953896.7830398,18,0.9160971641540527
1691953931.192142,19,0.916106104850769
1691953967.692421,20,0.9159145355224609
1691954003.5119727,21,0.9159896373748779
1691954039.1402528,22,0.9159767031669617
1691954074.411707,23,0.9159108996391296
1691954111.4031909,24,0.915904700756073
1691954148.3019598,25,0.9159039855003357
1691954187.3019683,26,0.9158446192741394
1691954222.630603,27,0.9158058166503906
1691954254.970558,28,0.9158294200897217
1691954282.6801827,29,0.9157899022102356
1691954299.4012446,30,0.9158049821853638
