Wall time,Step,Value
1691872928.4063885,0,0.8650746941566467
1691872951.9856806,1,0.7689021825790405
1691872970.26469,2,0.8377060294151306
1691872991.2177172,3,0.8383178114891052
1691873013.5686648,4,0.8396918177604675
1691873033.3613183,5,0.8333160877227783
1691873054.2994206,6,0.8481529355049133
1691873075.8938289,7,0.8511574268341064
1691873095.4499686,8,0.8571023941040039
1691873116.3902385,9,0.8601752519607544
1691873136.1426823,10,0.8617029786109924
1691873157.379898,11,0.8622568845748901
1691873180.0585482,12,0.862537145614624
1691873201.7298737,13,0.8640308976173401
1691873224.013452,14,0.8632264137268066
1691873245.2787302,15,0.862973690032959
1691873266.9433694,16,0.8639572262763977
1691873287.9852045,17,0.8622000217437744
1691873307.512079,18,0.8643084764480591
1691873326.732517,19,0.8629700541496277
1691873348.5971549,20,0.8629104495048523
1691873369.5942519,21,0.8641342520713806
1691873390.8628178,22,0.863280177116394
1691873410.3258624,23,0.8630059957504272
1691873430.8012605,24,0.8638983368873596
1691873450.7834477,25,0.8631574511528015
1691873473.6046205,26,0.8629288077354431
1691873495.1120768,27,0.8635293841362
1691873517.12814,28,0.8632969856262207
1691873536.656236,29,0.8628736734390259
1691873554.002337,30,0.8630533814430237
