Wall time,Step,Value
1691998419.094934,0,0.822234034538269
1691998431.7121682,1,0.8776187300682068
1691998443.1738677,2,0.8887128829956055
1691998454.1078951,3,0.8891403675079346
1691998464.9705336,4,0.8920049667358398
1691998476.0054529,5,0.892523467540741
1691998487.799715,6,0.8924486041069031
1691998499.2281766,7,0.8924558162689209
1691998510.6099713,8,0.8923307061195374
1691998520.8118627,9,0.8931782245635986
1691998532.035976,10,0.8924938440322876
1691998543.6515765,11,0.8929142951965332
1691998555.1021073,12,0.8932542204856873
1691998566.3249161,13,0.8934181928634644
1691998576.848386,14,0.8926646709442139
1691998587.5084643,15,0.8926205039024353
1691998599.7932992,16,0.8931673765182495
1691998611.372962,17,0.8927602171897888
1691998623.664525,18,0.8924353718757629
1691998634.3267279,19,0.8926091194152832
1691998647.1907115,20,0.892611563205719
1691998658.9676719,21,0.8924170732498169
1691998671.0916197,22,0.8923560380935669
1691998682.9919002,23,0.892341136932373
1691998694.7359073,24,0.8922666311264038
1691998706.3062184,25,0.892235279083252
1691998717.5603948,26,0.8921878337860107
1691998729.0533338,27,0.8921933770179749
1691998739.0879593,28,0.8921477794647217
1691998750.7859669,29,0.8921380043029785
1691998761.8658056,30,0.8921129703521729
