Wall time,Step,Value
1691945486.6529431,0,33.40662384033203
1691945518.6201575,1,32.22526550292969
1691945553.2416184,2,32.86361312866211
1691945588.7328305,3,33.28562545776367
1691945624.8366966,4,33.073394775390625
1691945661.7604587,5,33.370460510253906
1691945694.946331,6,33.28095626831055
1691945729.4091086,7,33.79857635498047
1691945762.3591278,8,33.70667266845703
1691945796.7292204,9,33.954654693603516
1691945830.9766157,10,33.814022064208984
1691945864.0291955,11,33.80638122558594
1691945896.246043,12,33.97224044799805
1691945931.232424,13,33.97627639770508
1691945965.300956,14,33.99755096435547
1691945998.4713318,15,34.05474090576172
1691946031.7207708,16,33.989654541015625
1691946066.2950995,17,34.12046432495117
1691946101.400197,18,34.067657470703125
1691946134.4585228,19,34.02662658691406
1691946170.8930619,20,34.087425231933594
1691946204.8816576,21,34.07292938232422
1691946236.7487826,22,34.093143463134766
1691946271.5971239,23,34.10333251953125
1691946306.9444482,24,34.12454605102539
1691946342.0135105,25,34.115638732910156
1691946378.4934459,26,34.11273956298828
1691946415.8764448,27,34.10927963256836
1691946449.2576342,28,34.12226104736328
1691946472.1456566,29,34.1097526550293
1691946494.4603958,30,34.11140060424805
