Wall time,Step,Value
1691876530.7276506,0,0.8272998929023743
1691876566.8553267,1,0.7579329013824463
1691876607.7708569,2,0.7757368087768555
1691876650.8963437,3,0.7942295074462891
1691876684.2298784,4,0.8049225211143494
1691876722.509105,5,0.8280255198478699
1691876757.4461687,6,0.8201687335968018
1691876792.095177,7,0.8266768455505371
1691876829.4671178,8,0.8280301094055176
1691876867.301159,9,0.8297057747840881
1691876903.6994271,10,0.8312193155288696
1691876937.7677317,11,0.8283064365386963
1691876972.3090785,12,0.8311647772789001
1691877008.4059417,13,0.8296322226524353
1691877049.368,14,0.8305220007896423
1691877087.2526937,15,0.8296410441398621
1691877125.7414958,16,0.8296162486076355
1691877159.6104586,17,0.8280253410339355
1691877199.3844273,18,0.829585611820221
1691877236.0667596,19,0.8282853960990906
1691877270.215848,20,0.8288596868515015
1691877306.4166195,21,0.8282405734062195
1691877337.2654457,22,0.8282222747802734
1691877372.8772144,23,0.828194797039032
1691877407.2352753,24,0.8277924656867981
1691877441.8975708,25,0.8276268839836121
1691877473.1144536,26,0.8274790048599243
1691877504.0538073,27,0.8276537656784058
1691877536.584253,28,0.8271421790122986
1691877564.7277832,29,0.8269788026809692
1691877585.1071324,30,0.8271236419677734
