Wall time,Step,Value
1691872908.575627,0,30.50996208190918
1691872926.4813728,1,28.703630447387695
1691872948.6130924,2,29.664384841918945
1691872968.2173734,3,29.62566375732422
1691872989.0403898,4,29.92076301574707
1691873008.4488492,5,30.24123191833496
1691873030.1568606,6,30.194049835205078
1691873050.919381,7,30.142118453979492
1691873071.5370412,8,30.488819122314453
1691873093.0190728,9,30.61881446838379
1691873114.6403797,10,30.410255432128906
1691873135.9813743,11,30.714183807373047
1691873157.3931727,12,30.683977127075195
1691873179.4170055,13,30.713525772094727
1691873201.0250323,14,30.692354202270508
1691873220.9572814,15,30.692951202392578
1691873239.706846,16,30.736644744873047
1691873258.403427,17,30.649633407592773
1691873280.3173988,18,30.743927001953125
1691873301.2477229,19,30.698484420776367
1691873322.8855262,20,30.700986862182617
1691873343.476092,21,30.707042694091797
1691873365.429801,22,30.686992645263672
1691873385.2784722,23,30.714019775390625
1691873407.7084715,24,30.683490753173828
1691873427.6230128,25,30.675905227661133
1691873449.9076724,26,30.696924209594727
1691873469.0554068,27,30.6983585357666
1691873489.356477,28,30.690959930419922
1691873508.9335833,29,30.677175521850586
1691873529.73728,30,30.678035736083984
