Wall time,Step,Value
1692000892.289301,0,0.8656177520751953
1692000934.1147916,1,0.8734285831451416
1692000970.7986162,2,0.8755976557731628
1692001009.4962552,3,0.8777013421058655
1692001049.706885,4,0.8778656721115112
1692001088.045217,5,0.8766540288925171
1692001124.8912628,6,0.8772246241569519
1692001169.374154,7,0.8775231242179871
1692001206.551033,8,0.8774721026420593
1692001245.1069531,9,0.8773061633110046
1692001286.7733886,10,0.8766928911209106
1692001326.4010184,11,0.8767080307006836
1692001369.3081408,12,0.8767023086547852
1692001411.0970793,13,0.8764736652374268
1692001450.9132118,14,0.8761511445045471
1692001492.0191236,15,0.8760524392127991
1692001529.9914632,16,0.8759098649024963
1692001573.562494,17,0.8756741881370544
1692001614.7075598,18,0.8756420016288757
1692001656.0132022,19,0.8755500912666321
1692001699.4749584,20,0.8753583431243896
1692001735.4545584,21,0.8752175569534302
1692001781.111259,22,0.8751590847969055
1692001821.518978,23,0.8750599026679993
1692001856.9206371,24,0.8750024437904358
1692001902.1484568,25,0.8749260902404785
1692001939.5320156,26,0.874886155128479
1692001979.3629634,27,0.8748466372489929
1692002018.410458,28,0.8747949600219727
1692002056.7633507,29,0.8747586011886597
1692002093.94603,30,0.8747246265411377
