Wall time,Step,Value
1691998918.1178672,0,0.8272609710693359
1691998958.2503982,1,0.8340153694152832
1691999000.7290516,2,0.8339684009552002
1691999034.961424,3,0.8366535305976868
1691999068.9673743,4,0.8374319672584534
1691999108.613634,5,0.8375880122184753
1691999147.2208579,6,0.8375468850135803
1691999185.341442,7,0.8379128575325012
1691999224.072475,8,0.8375397324562073
1691999266.4070022,9,0.8376660943031311
1691999310.5052211,10,0.8374821543693542
1691999348.9008522,11,0.8370677828788757
1691999391.6471782,12,0.8367806077003479
1691999435.0720572,13,0.8365252614021301
1691999475.312256,14,0.8362215161323547
1691999521.0233939,15,0.8359414339065552
1691999559.7153869,16,0.8356150388717651
1691999603.8639307,17,0.8353835344314575
1691999644.6556706,18,0.8352329134941101
1691999683.6865284,19,0.8351656198501587
1691999722.5016568,20,0.834816038608551
1691999761.5074327,21,0.8347007036209106
1691999801.740435,22,0.8345382809638977
1691999845.016871,23,0.8344514966011047
1691999884.1093485,24,0.8343284130096436
1691999922.664202,25,0.8342121839523315
1691999964.0912523,26,0.834125280380249
1692000005.7848723,27,0.8340865969657898
1692000048.8207781,28,0.8340039849281311
1692000089.502637,29,0.8339309096336365
1692000111.4132462,30,0.8338736891746521
