Wall time,Step,Value
1691878752.211751,0,0.8179606199264526
1691878757.5474682,1,0.855092465877533
1691878762.8359497,2,0.8761171102523804
1691878769.5412645,3,0.887753963470459
1691878776.6602101,4,0.8917931318283081
1691878784.5293686,5,0.8940788507461548
1691878792.6775312,6,0.8940708637237549
1691878801.7894604,7,0.8954627513885498
1691878811.5543773,8,0.8961902260780334
1691878820.8540761,9,0.8953604102134705
1691878830.6466494,10,0.8966383337974548
1691878840.1163666,11,0.8966081142425537
1691878849.6981466,12,0.8961638808250427
1691878859.1852078,13,0.8964240550994873
1691878868.4951158,14,0.896729588508606
1691878877.700125,15,0.8962029814720154
1691878887.3824146,16,0.8966090679168701
1691878897.3198476,17,0.8966437578201294
1691878906.777763,18,0.896312952041626
1691878916.2804472,19,0.8964273929595947
1691878925.698915,20,0.8962969779968262
1691878935.1890337,21,0.8963310718536377
1691878944.7916644,22,0.896461546421051
1691878954.376612,23,0.8962461352348328
1691878963.584637,24,0.8961643576622009
1691878972.8355532,25,0.8961164951324463
1691878982.0562274,26,0.8961910009384155
1691878991.3870773,27,0.896155059337616
1691879000.4258053,28,0.896195650100708
1691879008.1986427,29,0.8961535096168518
1691879015.7620656,30,0.8961061835289001
