Wall time,Step,Value
1692002226.2813387,0,0.8966231942176819
1692002271.83535,1,0.901127278804779
1692002311.8015547,2,0.9073809385299683
1692002352.134715,3,0.9108126759529114
1692002391.3070285,4,0.9132808446884155
1692002434.11834,5,0.9151830673217773
1692002476.446277,6,0.9151451587677002
1692002517.941821,7,0.9155584573745728
1692002560.9114668,8,0.9163382649421692
1692002598.8612075,9,0.9165196418762207
1692002639.1423354,10,0.916477620601654
1692002681.6268508,11,0.9164182543754578
1692002724.2088563,12,0.916537344455719
1692002763.5616841,13,0.9164910912513733
1692002805.6045344,14,0.916692852973938
1692002845.6349115,15,0.9166195392608643
1692002888.5889637,16,0.9167012572288513
1692002927.7867565,17,0.9166326522827148
1692002966.7745562,18,0.9165621399879456
1692003002.8341608,19,0.916523277759552
1692003044.381047,20,0.9164695739746094
1692003089.2126307,21,0.9164692759513855
1692003127.621046,22,0.9164608716964722
1692003167.5427685,23,0.916399359703064
1692003210.6106148,24,0.9163544178009033
1692003251.0294285,25,0.9163596630096436
1692003290.7499466,26,0.9163594245910645
1692003332.640265,27,0.916319727897644
1692003372.4403744,28,0.9162963032722473
1692003403.4846818,29,0.9162854552268982
1692003419.5563433,30,0.9162757396697998
