Wall time,Step,Value
1691872977.837084,0,0.8650746941566467
1691873000.444593,1,0.8277171850204468
1691873019.8691113,2,0.8519517779350281
1691873042.4855137,3,0.8592567443847656
1691873063.5582914,4,0.8664474487304688
1691873083.6504147,5,0.8696660995483398
1691873103.3802955,6,0.8660404682159424
1691873125.9158332,7,0.8682469725608826
1691873148.8162682,8,0.8689999580383301
1691873166.4091156,9,0.870306670665741
1691873185.5144494,10,0.8709989786148071
1691873205.9467294,11,0.8722589015960693
1691873227.4166749,12,0.8707066178321838
1691873249.2197928,13,0.8726052641868591
1691873270.4133842,14,0.8700602650642395
1691873290.9676216,15,0.8718667030334473
1691873313.1666086,16,0.8714807033538818
1691873333.0328448,17,0.8718390464782715
1691873353.9650128,18,0.8728503584861755
1691873376.5036373,19,0.872633695602417
1691873397.1608765,20,0.8726261854171753
1691873419.8532267,21,0.8720508813858032
1691873440.6820233,22,0.8735541105270386
1691873461.526406,23,0.8727425336837769
1691873482.330761,24,0.8722727298736572
1691873504.5302422,25,0.8730054497718811
1691873526.3537292,26,0.8729152083396912
1691873541.597072,27,0.8724213242530823
1691873555.9009094,28,0.8724537491798401
1691873567.583376,29,0.8726455569267273
1691873579.6783392,30,0.8725876808166504
