Wall time,Step,Value
1691998865.180952,0,0.8272609710693359
1691998910.928023,1,0.8333561420440674
1691998953.5887222,2,0.8358733654022217
1691998991.4975207,3,0.835870623588562
1691999025.115997,4,0.8362104296684265
1691999060.0543902,5,0.8366667628288269
1691999101.6146402,6,0.8363235592842102
1691999147.2171264,7,0.8366873860359192
1691999185.040264,8,0.8361800909042358
1691999224.2905748,9,0.8361096978187561
1691999269.8614268,10,0.8359207510948181
1691999310.6097403,11,0.835746705532074
1691999350.901436,12,0.8354665637016296
1691999391.8623135,13,0.8353726863861084
1691999431.5198758,14,0.83503258228302
1691999471.963955,15,0.8348850011825562
1691999512.5254211,16,0.8346698880195618
1691999555.301059,17,0.8345533013343811
1691999599.2603898,18,0.834166944026947
1691999642.4177446,19,0.8341802358627319
1691999684.299386,20,0.8341642022132874
1691999727.659829,21,0.8338562846183777
1691999767.7725742,22,0.8338178396224976
1691999808.8104188,23,0.8337643146514893
1691999846.7912529,24,0.8336012363433838
1691999889.6066144,25,0.8334837555885315
1691999927.4003613,26,0.8334384560585022
1691999965.8321996,27,0.8334190249443054
1692000003.2939959,28,0.8333749771118164
1692000041.6314924,29,0.8332919478416443
1692000076.9949703,30,0.8332302570343018
