Wall time,Step,Value
1691872928.4063685,0,30.50996208190918
1691872951.9856205,1,28.176244735717773
1691872970.264669,2,29.53295135498047
1691872991.2177,3,29.19453239440918
1691873013.5686393,4,29.2058162689209
1691873033.361298,5,29.10403823852539
1691873054.299391,6,29.5313777923584
1691873075.8938005,7,29.72742462158203
1691873095.449948,8,29.92587661743164
1691873116.3902047,9,30.183916091918945
1691873136.142647,10,30.173877716064453
1691873157.3798769,11,30.319448471069336
1691873180.0584946,12,30.34031867980957
1691873201.7298155,13,30.371660232543945
1691873224.013424,14,30.466114044189453
1691873245.2787068,15,30.263864517211914
1691873266.9433336,16,30.43231201171875
1691873287.9851704,17,30.26993179321289
1691873307.5120492,18,30.485551834106445
1691873326.7324936,19,30.363187789916992
1691873348.5971327,20,30.362895965576172
1691873369.5942197,21,30.451007843017578
1691873390.8627717,22,30.363603591918945
1691873410.3258414,23,30.35614013671875
1691873430.8012333,24,30.429492950439453
1691873450.783425,25,30.373939514160156
1691873473.6045923,26,30.344608306884766
1691873495.1120472,27,30.396434783935547
1691873517.1281168,28,30.388315200805664
1691873536.6562128,29,30.3463134765625
1691873554.0023017,30,30.35343360900879
