Wall time,Step,Value
1691879317.2284915,0,30.60588264465332
1691879348.6122165,1,31.07493782043457
1691879382.6957211,2,31.198057174682617
1691879415.9229832,3,31.25819969177246
1691879452.3982606,4,31.311771392822266
1691879485.8350654,5,31.378732681274414
1691879519.9626455,6,31.402355194091797
1691879556.3940616,7,31.34688949584961
1691879591.7310271,8,31.395845413208008
1691879627.8789518,9,31.35536766052246
1691879666.1802158,10,31.327539443969727
1691879700.9682736,11,31.37059211730957
1691879737.9752755,12,31.312002182006836
1691879772.2417865,13,31.348388671875
1691879809.9647477,14,31.350542068481445
1691879845.9428298,15,31.280847549438477
1691879881.7566059,16,31.32831573486328
1691879917.9901497,17,31.287376403808594
1691879952.1717625,18,31.312273025512695
1691879986.8682039,19,31.28963851928711
1691880021.8161495,20,31.276830673217773
1691880058.6709561,21,31.28852081298828
1691880094.324294,22,31.272199630737305
1691880129.7167168,23,31.271509170532227
1691880169.3594575,24,31.260772705078125
1691880203.074296,25,31.2650089263916
1691880238.506214,26,31.26014518737793
1691880271.2366297,27,31.249794006347656
1691880305.14798,28,31.250131607055664
1691880324.550314,29,31.24650764465332
1691880335.940434,30,31.24966049194336
