Wall time,Step,Value
1687983114.5856206,0,0.81760573387146
1687983118.574097,1,0.8786735534667969
1687983122.4926224,2,0.8909124135971069
1687983126.2593687,3,0.8929956555366516
1687983129.9943852,4,0.894536554813385
1687983133.846935,5,0.895738422870636
1687983137.7373707,6,0.8960974216461182
1687983141.6623483,7,0.8963850736618042
1687983145.5822198,8,0.8962936401367188
1687983149.4231026,9,0.8964093327522278
1687983153.2740586,10,0.8961943984031677
1687983157.1871638,11,0.8965516686439514
1687983161.037059,12,0.8961294293403625
1687983164.8968363,13,0.8949528932571411
1687983168.8077466,14,0.8958777785301208
1687983172.5339217,15,0.8954676985740662
1687983176.4865105,16,0.8949248790740967
1687983180.3458428,17,0.8957270979881287
1687983184.1402612,18,0.8954966068267822
1687983187.9887066,19,0.8960669040679932
1687983192.1325314,20,0.8954203724861145
1687983196.061122,21,0.8956668376922607
1687983200.0297089,22,0.8946558237075806
1687983204.0574987,23,0.8957021832466125
1687983207.9460106,24,0.8957667350769043
1687983211.7057428,25,0.8951380252838135
1687983215.4990034,26,0.8954846858978271
1687983219.4176037,27,0.8953624963760376
1687983223.2087326,28,0.8953216671943665
1687983227.079873,29,0.8948239088058472
1687983231.035164,30,0.8951764702796936
