Wall time,Step,Value
1688914928.460723,0,0.8643192052841187
1688914996.9350705,1,0.8776354193687439
1688915065.1387346,2,0.8797026872634888
1688915141.3630064,3,0.8781071901321411
1688915216.9606524,4,0.8776895403862
1688915299.4914484,5,0.8822972774505615
1688915376.8663354,6,0.8826031684875488
1688915457.1787581,7,0.882013201713562
1688915535.9022024,8,0.8840219378471375
1688915609.4844522,9,0.8818093538284302
1688915678.0821521,10,0.881008505821228
1688915754.5732205,11,0.8826587796211243
1688915829.9486465,12,0.8812848925590515
1688915899.0761492,13,0.880944550037384
1688915972.5597193,14,0.8821291923522949
1688916053.6144943,15,0.8817163705825806
1688916132.8378527,16,0.8803235292434692
1688916202.6238787,17,0.8813106417655945
1688916275.7080534,18,0.8811259269714355
1688916345.8876045,19,0.8814916610717773
1688916415.0356793,20,0.880789577960968
1688916485.4231799,21,0.8810675740242004
1688916561.7434058,22,0.8808626532554626
1688916634.564211,23,0.8807190656661987
1688916710.0784507,24,0.8805109262466431
1688916780.9436152,25,0.8806517124176025
1688916845.6383018,26,0.8803883194923401
1688916898.0500872,27,0.8804078698158264
1688916947.360349,28,0.8803133964538574
1688916981.7026923,29,0.8802682757377625
1688917001.9108121,30,0.8802130818367004
