Wall time,Step,Value
1688914772.4950356,0,0.867307722568512
1688914836.926147,1,0.8719844222068787
1688914895.2217474,2,0.8793398141860962
1688914967.1901593,3,0.87819904088974
1688915040.0757637,4,0.8814026117324829
1688915114.6199036,5,0.8817932605743408
1688915193.22238,6,0.8823158740997314
1688915264.5204585,7,0.8817736506462097
1688915336.9763303,8,0.8818931579589844
1688915404.9703727,9,0.8817785382270813
1688915469.1482072,10,0.8815724849700928
1688915540.5972416,11,0.8816065192222595
1688915610.1327534,12,0.8810995221138
1688915686.2048435,13,0.8817161321640015
1688915759.2347965,14,0.8809553980827332
1688915830.2229753,15,0.8811579346656799
1688915896.5993354,16,0.8808732032775879
1688915969.4287875,17,0.8809659481048584
1688916040.8329682,18,0.8806409239768982
1688916107.538816,19,0.8804404139518738
1688916190.3433874,20,0.8803508877754211
1688916260.4936981,21,0.8803439736366272
1688916333.7158763,22,0.8802133202552795
1688916413.0197883,23,0.8802568316459656
1688916476.4818382,24,0.8800443410873413
1688916547.8789988,25,0.8799492120742798
1688916626.2648304,26,0.8800331950187683
1688916695.6414485,27,0.8799871206283569
1688916757.530271,28,0.8798443675041199
1688916812.897433,29,0.8798136115074158
1688916873.4592185,30,0.8798066973686218
