Wall time,Step,Value
1688914686.6953244,0,0.8309105634689331
1688914712.065881,1,0.8359844088554382
1688914735.474971,2,0.8359633684158325
1688914768.6390872,3,0.8397324085235596
1688914811.0585551,4,0.8394603133201599
1688914865.789795,5,0.8399028778076172
1688914927.956107,6,0.8392717838287354
1688914994.24653,7,0.8398609757423401
1688915063.654547,8,0.8389683365821838
1688915140.964617,9,0.8391591906547546
1688915207.4258828,10,0.8385434746742249
1688915281.0131128,11,0.838506817817688
1688915350.726423,12,0.8376280665397644
1688915432.7610419,13,0.8379257917404175
1688915510.2033782,14,0.8372714519500732
1688915578.3904052,15,0.8377066850662231
1688915658.4119763,16,0.8368744850158691
1688915733.3780646,17,0.8368343114852905
1688915810.99056,18,0.8366034030914307
1688915884.4913492,19,0.8366223573684692
1688915956.5023282,20,0.8360709547996521
1688916030.9608274,21,0.8362290859222412
1688916102.251435,22,0.8358971476554871
1688916183.4554548,23,0.8359416127204895
1688916260.5682929,24,0.8357515335083008
1688916336.4375594,25,0.8355441093444824
1688916412.5233533,26,0.8355409502983093
1688916488.5129237,27,0.8354970216751099
1688916566.8415685,28,0.835360586643219
1688916645.0860972,29,0.8353399634361267
1688916723.1674433,30,0.8353007435798645
