Wall time,Step,Value
1688914772.9413106,0,0.867307722568512
1688914836.9365902,1,0.8765270113945007
1688914896.3918335,2,0.8798592686653137
1688914968.0902145,3,0.8806153535842896
1688915046.9119937,4,0.8812466859817505
1688915125.5309615,5,0.8820508718490601
1688915201.2600474,6,0.881345808506012
1688915277.6371336,7,0.8805585503578186
1688915356.328809,8,0.882161557674408
1688915434.482677,9,0.8817811608314514
1688915512.441944,10,0.8816140294075012
1688915591.5441198,11,0.8809149861335754
1688915667.1705956,12,0.8815155029296875
1688915740.9869504,13,0.8811448216438293
1688915816.4426515,14,0.879356861114502
1688915898.814566,15,0.8809131383895874
1688915978.0676124,16,0.8809373378753662
1688916058.4852746,17,0.8798043131828308
1688916137.5795412,18,0.8804105520248413
1688916210.9853098,19,0.8801476955413818
1688916292.070441,20,0.8800501227378845
1688916370.9342132,21,0.8800562024116516
1688916448.635369,22,0.8799331784248352
1688916524.3421364,23,0.8797560930252075
1688916603.5181446,24,0.8797855973243713
1688916674.768022,25,0.8796648979187012
1688916753.8929954,26,0.8796695470809937
1688916815.9189346,27,0.8796616196632385
1688916878.5137756,28,0.8795756697654724
1688916927.182358,29,0.879501461982727
1688916970.1433947,30,0.8795194029808044
