Wall time,Step,Value
1688979518.409899,0,0.8186880350112915
1688979523.8556588,1,0.8847461342811584
1688979529.3284016,2,0.8861222863197327
1688979536.2282732,3,0.883079469203949
1688979543.207099,4,0.8906066417694092
1688979551.1547215,5,0.8942074775695801
1688979559.3565533,6,0.8956606388092041
1688979568.7470524,7,0.8948683142662048
1688979578.535887,8,0.892447829246521
1688979589.4513748,9,0.8962834477424622
1688979601.0041168,10,0.8959185481071472
1688979614.3576572,11,0.8968083262443542
1688979627.9901037,12,0.8969374299049377
1688979643.211649,13,0.8957080245018005
1688979659.38658,14,0.8966155648231506
1688979674.503841,15,0.8969033360481262
1688979689.8731842,16,0.8962576389312744
1688979704.9469025,17,0.8964475989341736
1688979719.440604,18,0.8965347409248352
1688979734.5551867,19,0.8960551023483276
1688979748.9230063,20,0.8959885239601135
1688979763.018322,21,0.8964112997055054
1688979778.491326,22,0.896117091178894
1688979793.3279939,23,0.895847737789154
1688979808.064585,24,0.8959667086601257
1688979823.8729808,25,0.8960868120193481
1688979836.7320368,26,0.8959068655967712
1688979849.3653216,27,0.8958465456962585
1688979866.6992035,28,0.895892858505249
1688979878.6345928,29,0.8959147334098816
1688979890.497647,30,0.8958065509796143
