Wall time,Step,Value
1688031118.1908073,0,0.8228768706321716
1688031169.02575,1,0.8293530344963074
1688031233.4721816,2,0.8352631330490112
1688031296.9214423,3,0.8365153670310974
1688031359.383076,4,0.8372774124145508
1688031428.666882,5,0.8349452614784241
1688031491.9073331,6,0.8364477157592773
1688031555.3774042,7,0.8371273875236511
1688031626.1593585,8,0.834577739238739
1688031689.338895,9,0.8356831669807434
1688031758.421657,10,0.8346295952796936
1688031823.84423,11,0.8344274759292603
1688031891.3794477,12,0.8330623507499695
1688031961.4111953,13,0.8326612710952759
1688032025.1502192,14,0.831946074962616
1688032093.5660126,15,0.8309509754180908
1688032162.0404913,16,0.8315721750259399
1688032230.5292747,17,0.8304303884506226
1688032298.418282,18,0.8306971788406372
1688032371.246117,19,0.8296788930892944
1688032435.6358302,20,0.8300141096115112
1688032504.727453,21,0.8285420536994934
1688032568.5546381,22,0.8297184109687805
1688032638.1825054,23,0.8279045224189758
1688032702.0003471,24,0.8286972045898438
1688032764.9264638,25,0.8295150399208069
1688032826.6273258,26,0.8298705220222473
1688032890.524569,27,0.8298187255859375
1688032956.3412766,28,0.8294713497161865
1688033019.7005253,29,0.8278268575668335
1688033075.0210311,30,0.8290854692459106
