Wall time,Step,Value
1688031222.7323596,0,0.8504310846328735
1688031291.713166,1,0.8701447248458862
1688031359.3792942,2,0.8728142976760864
1688031427.522321,3,0.8747429251670837
1688031501.7264729,4,0.8762915134429932
1688031570.9536235,5,0.8756113052368164
1688031636.6652315,6,0.8753616809844971
1688031703.504245,7,0.8750527501106262
1688031778.110813,8,0.8753103613853455
1688031844.027129,9,0.8736863732337952
1688031916.5934532,10,0.8740398287773132
1688031982.3953147,11,0.8741302490234375
1688032046.7201807,12,0.8743491172790527
1688032109.4068055,13,0.8737449645996094
1688032172.335537,14,0.8737459182739258
1688032245.2237928,15,0.8727642297744751
1688032319.4506667,16,0.8732001185417175
1688032388.7627761,17,0.8728767037391663
1688032462.9364724,18,0.8738764524459839
1688032529.5626864,19,0.8729584217071533
1688032597.812295,20,0.8733596801757812
1688032667.3505805,21,0.8731129765510559
1688032733.8344128,22,0.8731458783149719
1688032799.726381,23,0.871756374835968
1688032871.6437125,24,0.8729363679885864
1688032939.632071,25,0.8725893497467041
1688033005.736772,26,0.8729211091995239
1688033067.2600427,27,0.8731276392936707
1688033115.7079723,28,0.8728153109550476
1688033155.9950407,29,0.8727027773857117
1688033179.446264,30,0.8728707432746887
