Wall time,Step,Value
1688031046.2562563,0,0.8228768706321716
1688031079.634389,1,0.8309800624847412
1688031121.4766483,2,0.8349938988685608
1688031178.6834602,3,0.8342476487159729
1688031255.812865,4,0.8360517621040344
1688031321.0629642,5,0.8351842164993286
1688031392.2937815,6,0.8362517952919006
1688031465.7752187,7,0.8344325423240662
1688031538.0539768,8,0.8350773453712463
1688031605.6643512,9,0.8329024910926819
1688031679.2896848,10,0.8347495198249817
1688031748.4023356,11,0.8329675197601318
1688031821.1429253,12,0.8335946798324585
1688031888.8279042,13,0.832750141620636
1688031949.20556,14,0.8320308327674866
1688032018.5015106,15,0.8319895267486572
1688032087.4682133,16,0.8305947184562683
1688032163.089017,17,0.8315004706382751
1688032232.9921286,18,0.8297703862190247
1688032300.2440114,19,0.8296347260475159
1688032369.504173,20,0.8303844332695007
1688032433.5450912,21,0.8302038311958313
1688032496.2383623,22,0.8294364809989929
1688032561.9579406,23,0.8298195004463196
1688032624.7679472,24,0.8295642733573914
1688032686.207186,25,0.8280063271522522
1688032759.3182473,26,0.8293757438659668
1688032828.3817344,27,0.8282966017723083
1688032890.4001913,28,0.8282732963562012
1688032960.310731,29,0.8287389278411865
1688033027.70314,30,0.8268293738365173
