Wall time,Step,Value
1694712046.6344,1,0.007020795252174139
1694712087.8945208,2,0.006731947883963585
1694712120.163111,3,0.0065498678013682365
1694712192.6863506,4,0.006428203079849482
1694712228.984799,5,0.006313433405011892
1694712307.8533478,6,0.0062495567835867405
1694712376.8853035,7,0.006144598592072725
1694712415.9149914,8,0.006076937075704336
1694712451.9496427,9,0.006008225958794355
1694712528.137294,10,0.005949380807578564
