Wall time,Step,Value
1694714392.721182,0,34.1806640625
1694714442.4094698,1,34.162296295166016
1694714510.3506708,2,34.10231399536133
1694714551.8386414,3,34.07539367675781
1694714589.3864543,4,34.086849212646484
1694714641.1337597,5,34.114295959472656
1694714704.4381351,6,34.12398910522461
1694714755.7211413,7,34.115478515625
1694714778.6933768,8,34.09492874145508
1694714808.9745252,9,34.0826530456543
1694714826.3043554,10,34.06937026977539
