Wall time,Step,Value
1694713305.7699502,0,0.8627821803092957
1694713352.7745352,1,0.8630127906799316
1694713398.281625,2,0.8630521297454834
1694713472.892384,3,0.8630242347717285
1694713545.8963318,4,0.862999677658081
1694713617.2796066,5,0.8630719780921936
1694713682.9733238,6,0.8632056713104248
1694713733.9415483,7,0.8632092475891113
1694713777.8377066,8,0.8632674217224121
1694713828.2125826,9,0.8632635474205017
1694713891.1675699,10,0.863202691078186
