Wall time,Step,Value
1694713262.755573,0,0.008046509698033333
1694713301.4100997,1,0.007954662665724754
1694713387.2909133,2,0.007926643826067448
1694713439.329986,3,0.007931401021778584
1694713482.9986775,4,0.007931468077003956
1694713541.3700502,5,0.007925515063107014
1694713595.901988,6,0.007927735336124897
1694713666.369217,7,0.007934574037790298
1694713705.842662,8,0.00793895497918129
1694713772.7180567,9,0.007949613966047764
1694713838.1474314,10,0.007957379333674908
