Wall time,Step,Value
1694712035.5955992,0,0.00811755657196045
1694712065.473304,1,0.008047481067478657
1694712123.7025952,2,0.00800884235650301
1694712179.6504438,3,0.00798971951007843
1694712217.4613168,4,0.007980694994330406
1694712252.006891,5,0.007967187091708183
1694712325.6824877,6,0.007967587560415268
1694712379.0767093,7,0.00797277595847845
1694712416.053837,8,0.007971826940774918
1694712461.7341752,9,0.007984041236341
1694712496.6800275,10,0.007993506267666817
