Wall time,Step,Value
1694712196.8273826,0,0.00811755657196045
1694712243.0222528,1,0.008041066117584705
1694712328.8157876,2,0.00799862015992403
1694712412.9161265,3,0.007976756431162357
1694712504.763785,4,0.00796491652727127
1694712552.4280453,5,0.007960893213748932
1694712598.2869036,6,0.007968958467245102
1694712649.4503403,7,0.00797275546938181
1694712683.0647209,8,0.007981519214808941
1694712717.560999,9,0.007991696707904339
1694712748.564237,10,0.008004043251276016
