Wall time,Step,Value
1694714425.7865791,1,0.009525747038424015
1694714450.7208853,2,0.00852111168205738
1694714499.7724774,3,0.007842802442610264
1694714566.3568413,4,0.007660945411771536
1694714607.4634788,5,0.007449736353009939
1694714650.5300255,6,0.007299430202692747
1694714695.0699298,7,0.0071495650336146355
1694714728.7415748,8,0.007049004081636667
1694714752.6106102,9,0.006959275808185339
1694714784.638961,10,0.006877443287521601
