Wall time,Step,Value
1694712229.4814067,1,0.00784109067171812
1694712279.8332312,2,0.007495910860598087
1694712325.6547172,3,0.0073067257180809975
1694712366.6110663,4,0.007172707933932543
1694712454.9064112,5,0.007050045765936375
1694712493.750092,6,0.006947092711925507
1694712544.0239403,7,0.0068688588216900826
1694712606.5772605,8,0.0067771123722195625
1694712641.6488755,9,0.006703112740069628
1694712671.8249671,10,0.00663378881290555
