Wall time,Step,Value
1694712767.5601082,0,0.9164551496505737
1694712796.3130023,1,0.9144050478935242
1694712835.5561168,2,0.9115376472473145
1694712866.7995923,3,0.9084891080856323
1694712887.8402023,4,0.9063916206359863
1694712927.3991358,5,0.9052877426147461
1694712961.0029495,6,0.9046241641044617
1694712997.8796787,7,0.9047607779502869
1694713026.0979292,8,0.905032753944397
1694713073.8003325,9,0.905505895614624
1694713107.3080225,10,0.9059277772903442
