Wall time,Step,Value
1694713277.4498298,0,0.008046509698033333
1694713309.6492236,1,0.007966207340359688
1694713387.8636026,2,0.007947588339447975
1694713470.0743647,3,0.007933646440505981
1694713541.2344813,4,0.007926851511001587
1694713604.447381,5,0.007931665517389774
1694713690.3667495,6,0.007933532819151878
1694713768.8872862,7,0.0079349922016263
1694713832.095736,8,0.007947366684675217
1694713854.351319,9,0.007963478565216064
1694713882.5531673,10,0.00796489417552948
