Wall time,Step,Value
1694710828.9449832,0,0.8620127439498901
1694710895.2730784,1,0.8639153242111206
1694710967.5818481,2,0.8639201521873474
1694711081.66861,3,0.8639509677886963
1694711141.873879,4,0.8639494776725769
1694711201.0033348,5,0.864010751247406
1694711272.1269202,6,0.8639533519744873
1694711332.026756,7,0.8639468550682068
1694711393.1379368,8,0.8640203475952148
1694711460.4580631,9,0.8639349937438965
1694711508.7972848,10,0.8639864325523376
