Wall time,Step,Value
1694714391.0235405,0,34.1806640625
1694714436.247845,1,34.17865753173828
1694714490.2647371,2,34.107872009277344
1694714551.3046649,3,34.05787658691406
1694714587.429771,4,34.07987976074219
1694714647.5963273,5,34.105873107910156
1694714678.8716571,6,34.131221771240234
1694714715.2871065,7,34.14204788208008
1694714755.5711756,8,34.140140533447266
1694714781.0998957,9,34.13517761230469
1694714808.0267498,10,34.12535095214844
