Wall time,Step,Value
1694712035.5956187,0,33.12344741821289
1694712065.4733307,1,33.164432525634766
1694712123.7026217,2,33.1871223449707
1694712179.6505046,3,33.19786071777344
1694712217.4613464,4,33.20194625854492
1694712252.0069575,5,33.20896911621094
1694712325.6825123,6,33.20930480957031
1694712379.0767453,7,33.2070198059082
1694712416.0538638,8,33.20691680908203
1694712461.7342012,9,33.19994354248047
1694712496.6800563,10,33.195125579833984
