Wall time,Step,Value
1694712789.5298421,0,34.12086486816406
1694712834.357968,1,34.00203323364258
1694712870.346451,2,33.84054946899414
1694712922.0008461,3,33.73398971557617
1694712959.1666522,4,33.69880676269531
1694713006.2097406,5,33.71392059326172
1694713055.5349553,6,33.72660827636719
1694713112.3398519,7,33.720916748046875
1694713140.6554942,8,33.71397018432617
1694713185.9920666,9,33.71261978149414
1694713204.2664323,10,33.690391540527344
