Wall time,Step,Value
1694713277.449866,0,33.15054702758789
1694713309.6492493,1,33.194698333740234
1694713387.8636265,2,33.206565856933594
1694713470.0744421,3,33.214691162109375
1694713541.2345188,4,33.218894958496094
1694713604.4474049,5,33.21725845336914
1694713690.3667834,6,33.21670913696289
1694713768.8873158,7,33.21596908569336
1694713832.095785,8,33.20978927612305
1694713854.3513556,9,33.201847076416016
1694713882.553192,10,33.20096206665039
