Wall time,Step,Value
1694710875.6223984,0,0.007186008617281914
1694710959.8120515,1,0.006948109250515699
1694711009.6311314,2,0.006921252701431513
1694711052.5725415,3,0.00690227746963501
1694711095.9151802,4,0.0069022346287965775
1694711140.568207,5,0.006888712290674448
1694711214.6834319,6,0.006905584130436182
1694711255.4083474,7,0.006899383384734392
1694711289.8876135,8,0.00690693873912096
1694711332.6470418,9,0.006905874237418175
1694711371.135464,10,0.006917155347764492
