Wall time,Step,Value
1694712224.4561803,0,0.00811755657196045
1694712272.626577,1,0.008029075339436531
1694712320.5529568,2,0.007985750213265419
1694712361.2179043,3,0.007971316576004028
1694712449.0039356,4,0.007962913252413273
1694712488.8334758,5,0.007954505272209644
1694712540.061332,6,0.007947619073092937
1694712603.3717659,7,0.007940398529171944
1694712635.81671,8,0.007936972193419933
1694712666.5535839,9,0.007938583381474018
1694712697.652516,10,0.007945016026496887
