Wall time,Step,Value
1694712173.5731761,1,0.006853780709207058
1694712241.0310953,2,0.006563705392181873
1694712309.2678366,3,0.006442664656788111
1694712362.217071,4,0.0063509466126561165
1694712433.9277816,5,0.006226710509508848
1694712492.243574,6,0.006147211417555809
1694712522.8910093,7,0.0060692704282701015
1694712560.8018935,8,0.006013639736920595
1694712591.943612,9,0.005949284881353378
1694712635.1139538,10,0.005889266729354858
