Wall time,Step,Value
1694713305.7698243,0,0.008046509698033333
1694713352.774444,1,0.007984614931046963
1694713398.2815762,2,0.007941373623907566
1694713472.8923163,3,0.007940021343529224
1694713545.89629,4,0.00794201996177435
1694713617.2795374,5,0.007939034141600132
1694713682.9732711,6,0.007925650104880333
1694713733.9414947,7,0.007938350550830364
1694713777.8376615,8,0.007943387143313885
1694713828.212528,9,0.007946878671646118
1694713891.1674976,10,0.007955602370202541
