Wall time,Step,Value
1694713277.4498978,0,0.8627821803092957
1694713309.649271,1,0.8630872964859009
1694713387.863648,2,0.863048791885376
1694713470.0744855,3,0.8630760312080383
1694713541.2345505,4,0.8630697131156921
1694713604.447426,5,0.8630359172821045
1694713690.3668156,6,0.8630692958831787
1694713768.8873374,7,0.8631396293640137
1694713832.0958183,8,0.8631335496902466
1694713854.3513904,9,0.8631062507629395
1694713882.5532148,10,0.8631410002708435
