Wall time,Step,Value
1694713400.411055,0,0.008046509698033333
1694713441.6542265,1,0.00796225480735302
1694713481.6504872,2,0.007940653711557388
1694713548.8226342,3,0.007935277186334133
1694713608.8063433,4,0.007934238761663437
1694713661.3079138,5,0.007944709621369839
1694713744.005345,6,0.007958449423313141
1694713818.8910627,7,0.007972119376063347
1694713847.478843,8,0.00798823032528162
1694713875.2180479,9,0.008004196919500828
1694713894.956937,10,0.008017736487090588
