Wall time,Step,Value
1694713400.4110847,0,33.15054702758789
1694713441.654249,1,33.194847106933594
1694713481.6505113,2,33.209510803222656
1694713548.8226678,3,33.213134765625
1694713608.8063781,4,33.21257019042969
1694713661.3079937,5,33.20631790161133
1694713744.0054092,6,33.19815444946289
1694713818.89109,7,33.19235610961914
1694713847.4788618,8,33.184085845947266
1694713875.2180707,9,33.175514221191406
1694713894.9569576,10,33.16777038574219
