Wall time,Step,Value
1694713305.7699099,0,33.15054702758789
1694713352.7745008,1,33.186737060546875
1694713398.2816029,2,33.210906982421875
1694713472.8923554,3,33.21256637573242
1694713545.896312,4,33.21238708496094
1694713617.2795753,5,33.21427917480469
1694713682.9732993,6,33.220367431640625
1694713733.9415226,7,33.2146110534668
1694713777.8376856,8,33.211856842041016
1694713828.2125568,9,33.2095947265625
1694713891.167536,10,33.20492172241211
