Wall time,Step,Value
1694712852.7373118,0,0.9164551496505737
1694712884.1747866,1,0.9143640995025635
1694712915.152718,2,0.9113439321517944
1694712941.1369383,3,0.9083058834075928
1694712975.554814,4,0.9056133031845093
1694713009.8709335,5,0.9042254090309143
1694713055.2744994,6,0.9043534398078918
1694713081.4628417,7,0.9046573042869568
1694713120.5868309,8,0.9052140712738037
1694713147.8773456,9,0.9054216146469116
1694713190.8564818,10,0.9059086441993713
