Wall time,Step,Value
1694710902.46694,0,0.8627821803092957
1694710979.1247778,1,0.8635931015014648
1694711099.0862722,2,0.8637166023254395
1694711235.338922,3,0.8636093139648438
1694711317.2083812,4,0.8636154532432556
1694711416.4894857,5,0.8637244701385498
1694711502.1836054,6,0.8634787201881409
1694711585.3075564,7,0.8634774684906006
1694711645.980082,8,0.8636295199394226
1694711707.4693413,9,0.8636078834533691
1694711810.9884052,10,0.8635789155960083
