Wall time,Step,Value
1694714420.4107845,0,0.007103437557816505
1694714443.2987278,1,0.007098476868122816
1694714490.5904732,2,0.007197902537882328
1694714558.198918,3,0.00732634961605072
1694714598.687125,4,0.007439251523464918
1694714640.6091065,5,0.007470450364053249
1694714687.60951,6,0.007439697161316872
1694714721.6817412,7,0.007425193674862385
1694714747.225919,8,0.007418259512633085
1694714779.9726384,9,0.0074373516254127026
1694714809.621903,10,0.00743485614657402
