Wall time,Step,Value
1694712770.0139246,0,34.12086486816406
1694712811.7212615,1,34.021610260009766
1694712854.10188,2,33.88404846191406
1694712898.5945795,3,33.79166793823242
1694712957.7453942,4,33.796791076660156
1694713007.4010959,5,33.82950973510742
1694713057.1015837,6,33.85720443725586
1694713102.5777104,7,33.86069869995117
1694713134.5821028,8,33.8524169921875
1694713179.2945375,9,33.83708190917969
1694713213.3147764,10,33.819332122802734
