Wall time,Step,Value
1694710828.9449306,0,0.00811755657196045
1694710895.2730055,1,0.007914693094789982
1694710967.581802,2,0.007930080406367779
1694711081.6685252,3,0.007927175611257553
1694711141.8738294,4,0.007922469638288021
1694711201.0031965,5,0.007961306720972061
1694711272.1268375,6,0.00793482270091772
1694711332.0267081,7,0.007929692976176739
1694711393.1378915,8,0.007933815941214561
1694711460.4579775,9,0.007945345714688301
1694711508.79724,10,0.007952305488288403
