Wall time,Step,Value
1694712818.0266237,0,0.007186008617281914
1694712863.0081453,1,0.007353432942181826
1694712914.6578076,2,0.007544055115431547
1694712962.303908,3,0.007671307306736708
1694712996.4226916,4,0.007732592988759279
1694713052.4360645,5,0.00770201813429594
1694713107.744856,6,0.007689864374697208
1694713159.8054926,7,0.007660584058612585
1694713197.4331205,8,0.007647652179002762
1694713224.6557655,9,0.007647571619600058
1694713274.4324846,10,0.007676267065107822
