Wall time,Step,Value
1694712795.9423947,1,0.006609420757740736
1694712839.0674567,2,0.00612771138548851
1694712876.1229064,3,0.005838628392666578
1694712931.516689,4,0.005691847298294306
1694712964.206727,5,0.005572854541242123
1694713011.3936365,6,0.005479760468006134
1694713061.5539246,7,0.005408241413533688
1694713119.7646585,8,0.0053389472886919975
1694713148.081132,9,0.005270668771117926
1694713191.1217186,10,0.005220611579716206
