Wall time,Step,Value
1694713262.7555933,0,33.15054702758789
1694713301.4101224,1,33.19776916503906
1694713387.2909653,2,33.21372604370117
1694713439.3300095,3,33.212581634521484
1694713482.9987028,4,33.21259307861328
1694713541.370105,5,33.21493148803711
1694713595.9020157,6,33.21229553222656
1694713666.3692703,7,33.2082633972168
1694713705.8426886,8,33.206478118896484
1694713772.7180922,9,33.20097351074219
1694713838.1474512,10,33.197025299072266
