Wall time,Step,Value
1694712224.4562047,0,33.12344741821289
1694712272.626613,1,33.173126220703125
1694712320.5529876,2,33.19972229003906
1694712361.2179341,3,33.208377838134766
1694712449.003961,4,33.213768005371094
1694712488.8335187,5,33.218055725097656
1694712540.0613637,6,33.219764709472656
1694712603.3718028,7,33.2239875793457
1694712635.8167348,8,33.22544860839844
1694712666.55361,9,33.22477722167969
1694712697.652542,10,33.22169876098633
