Wall time,Step,Value
1694712039.8639286,0,33.12344741821289
1694712083.733389,1,33.16880798339844
1694712114.7070074,2,33.185176849365234
1694712187.4360178,3,33.199771881103516
1694712223.7850862,4,33.215484619140625
1694712298.9720397,5,33.22422409057617
1694712369.1946187,6,33.22035598754883
1694712408.6116202,7,33.22178268432617
1694712446.2643774,8,33.217689514160156
1694712522.619708,9,33.21717834472656
1694712582.227169,10,33.217262268066406
