Wall time,Step,Value
1694712789.5298193,0,0.007186008617281914
1694712834.3579435,1,0.007375581655651331
1694712870.346428,2,0.007637744769454002
1694712922.0008209,3,0.007816302590072155
1694712959.1666272,4,0.007877327501773834
1694713006.209712,5,0.007851960137486458
1694713055.5349298,6,0.007831437513232231
1694713112.3398247,7,0.007842259481549263
1694713140.6554682,8,0.007855781354010105
1694713185.9918065,9,0.007858415134251118
1694713204.2663944,10,0.007896975614130497
