Wall time,Step,Value
1694712767.560021,0,0.007186008617281914
1694712796.312951,1,0.007386564277112484
1694712835.556072,2,0.007671354804188013
1694712866.7995374,3,0.007981868460774422
1694712887.840133,4,0.008199417032301426
1694712927.399089,5,0.008310504257678986
1694712961.0028543,6,0.008384104818105698
1694712997.8796341,7,0.008379753679037094
1694713026.0978725,8,0.008366147056221962
1694713073.800278,9,0.008333713747560978
1694713107.3079643,10,0.00830291211605072
