Wall time,Step,Value
1694713283.0451136,1,0.006908787880092859
1694713317.6217322,2,0.006595858838409185
1694713394.6567435,3,0.00642783660441637
1694713476.1072118,4,0.006344195455312729
1694713545.748463,5,0.00620395690202713
1694713610.5635393,6,0.006114951800554991
1694713697.1886375,7,0.006017366889864206
1694713774.5756016,8,0.005961495917290449
1694713836.6006262,9,0.005888510495424271
1694713858.3745155,10,0.005826625507324934
