Wall time,Step,Value
1694713312.247366,1,0.007697654888033867
1694713358.5833113,2,0.0073631214909255505
1694713406.706123,3,0.007179301232099533
1694713479.4626982,4,0.007031990680843592
1694713550.4887936,5,0.006902358029037714
1694713628.3658612,6,0.0067891948856413364
1694713689.665029,7,0.006702801212668419
1694713741.0460484,8,0.006607312709093094
1694713783.4218993,9,0.0065292599610984325
1694713832.3983274,10,0.0064580366015434265
