Wall time,Step,Value
1694712202.6531098,1,0.0065439012832939625
1694712250.6684444,2,0.006290439050644636
1694712337.1932943,3,0.006151535082608461
1694712419.7704635,4,0.006036403588950634
1694712511.0441673,5,0.005926364101469517
1694712556.3200629,6,0.005849120207130909
1694712602.4630818,7,0.0057646892964839935
1694712654.0651712,8,0.005698423366993666
1694712685.2116446,9,0.005638038739562035
1694712720.913108,10,0.005578925367444754
