Wall time,Step,Value
1694710875.6224408,0,0.9164551496505737
1694710959.8121078,1,0.9179269075393677
1694711009.63118,2,0.9183948636054993
1694711052.572594,3,0.9184528589248657
1694711095.9152234,4,0.9184049367904663
1694711140.5688524,5,0.9185155630111694
1694711214.6834793,6,0.9185620546340942
1694711255.409274,7,0.9184556007385254
1694711289.8876948,8,0.9183759093284607
1694711332.647122,9,0.9184188842773438
1694711371.135552,10,0.9183927178382874
