Wall time,Step,Value
1694712770.0139034,0,0.007186008617281914
1694712811.7212343,1,0.00734015554189682
1694712854.1018598,2,0.00755968876183033
1694712898.5945432,3,0.007710495498031378
1694712957.7453628,4,0.007701107766479254
1694713007.4010549,5,0.007645713165402412
1694713057.1015587,6,0.007600198499858379
1694713102.5776882,7,0.007594871800392866
1694713134.582084,8,0.007608378306031227
1694713179.2944977,9,0.007634326349943876
1694713213.3147557,10,0.007663914002478123
