Wall time,Step,Value
1694712773.534878,1,0.007997856475412846
1694712801.9462352,2,0.0072256349958479404
1694712840.1751196,3,0.006771612912416458
1694712870.3081977,4,0.0064711845479905605
1694712893.1310127,5,0.006270651705563068
1694712935.0735035,6,0.00616957014426589
1694712964.48826,7,0.006037964019924402
1694713003.228133,8,0.005938818212598562
1694713031.7915587,9,0.005848945118486881
1694713081.090545,10,0.005777820944786072
