Wall time,Step,Value
1694712789.5298629,0,0.9164551496505737
1694712834.35799,1,0.9144459962844849
1694712870.346473,2,0.911676287651062
1694712922.0008671,3,0.9097616076469421
1694712959.166674,4,0.9089838862419128
1694713006.2097652,5,0.9091615676879883
1694713055.5349832,6,0.9093847274780273
1694713112.3398733,7,0.9093542695045471
1694713140.6555169,8,0.9093051552772522
1694713185.9921637,9,0.9093234539031982
1694713204.2664652,10,0.9089424014091492
