Wall time,Step,Value
1694712039.8639061,0,0.00811755657196045
1694712083.7333546,1,0.00803233589977026
1694712114.7069812,2,0.008002171292901039
1694712187.4359846,3,0.007977350614964962
1694712223.7850616,4,0.007950933650135994
1694712298.9720058,5,0.007935585454106331
1694712369.1945899,6,0.007941313087940216
1694712408.611596,7,0.007940485142171383
1694712446.2643118,8,0.007949026301503181
1694712522.6196723,9,0.007951700128614902
1694712582.227145,10,0.007952619343996048
