Wall time,Step,Value
1694712824.7621553,1,0.006392388604581356
1694712869.4046583,2,0.005945222917944193
1694712920.433309,3,0.005713056772947311
1694712965.4124446,4,0.0056099658831954
1694713002.6205661,5,0.005486998241394758
1694713057.5665364,6,0.00539425341412425
1694713112.953729,7,0.005320386495441198
1694713165.0969577,8,0.0052433861419558525
1694713202.331765,9,0.005188842304050922
1694713228.3672483,10,0.005131429526954889
