Wall time,Step,Value
1694712166.0928411,0,33.12344741821289
1694712234.2806652,1,33.16471481323242
1694712300.5774033,2,33.165218353271484
1694712354.596085,3,33.17042541503906
1694712425.773852,4,33.189151763916016
1694712485.8690422,5,33.20016098022461
1694712519.2875502,6,33.20463943481445
1694712556.9298775,7,33.20475387573242
1694712586.923219,8,33.200626373291016
1694712631.319367,9,33.194496154785156
1694712673.1954603,10,33.194705963134766
