Wall time,Step,Value
1694714399.093261,0,0.9168670177459717
1694714436.0683548,1,0.9167722463607788
1694714466.496144,2,0.9160596132278442
1694714492.049204,3,0.9157801866531372
1694714526.7790504,4,0.9160977602005005
1694714559.458179,5,0.9163933396339417
1694714594.1128185,6,0.9164934754371643
1694714663.6696966,7,0.9163594841957092
1694714698.691881,8,0.9161916375160217
1694714751.529289,9,0.9160707592964172
1694714775.718312,10,0.9160109162330627
