Wall time,Step,Value
1694712166.0928056,0,0.00811755657196045
1694712234.2805736,1,0.008050345815718174
1694712300.5773814,2,0.008055556565523148
1694712354.5960598,3,0.00804702565073967
1694712425.7738085,4,0.008012267760932446
1694712485.8690171,5,0.007990879938006401
1694712519.287524,6,0.007981388829648495
1694712556.929856,7,0.007980450056493282
1694712586.9231894,8,0.007989466190338135
1694712631.3193278,9,0.008002086542546749
1694712673.195438,10,0.008001427166163921
