Wall time,Step,Value
1694714389.9294674,0,0.9168670177459717
1694714415.757417,1,0.9166285395622253
1694714443.1060412,2,0.9151740670204163
1694714474.4462285,3,0.9134002923965454
1694714501.4142885,4,0.9124491214752197
1694714534.0878005,5,0.9123808741569519
1694714561.1520944,6,0.9124608635902405
1694714630.5613334,7,0.9128836989402771
1694714658.6712282,8,0.9131180644035339
1694714691.3000298,9,0.9131559133529663
1694714739.0368207,10,0.9130679965019226
