Wall time,Step,Value
1694714392.7211447,0,0.007103437557816505
1694714442.409441,1,0.007133875973522663
1694714510.3505688,2,0.00722352834418416
1694714551.8385959,3,0.007262068334966898
1694714589.3864202,4,0.0072429850697517395
1694714641.1337352,5,0.007198613602668047
1694714704.4381065,6,0.007183768320828676
1694714755.7210517,7,0.007197730243206024
1694714778.6933138,8,0.007231491152197123
1694714808.9745061,9,0.007250557653605938
1694714826.3043323,10,0.0072715189307928085
