Wall time,Step,Value
1694714398.457228,1,0.008141702972352505
1694714423.9587517,2,0.007199205458164215
1694714447.89622,3,0.006696749944239855
1694714480.4704564,4,0.006441161967813969
1694714509.7952468,5,0.006250262726098299
1694714541.770866,6,0.00612051784992218
1694714571.6178865,7,0.005989088676869869
1694714637.9853773,8,0.005889946594834328
1694714664.2960787,9,0.005798100959509611
1694714699.5798693,10,0.005723928101360798
