Wall time,Step,Value
1694712039.5472958,1,0.007101115304976702
1694712070.0474143,2,0.0068033793941140175
1694712127.962402,3,0.006636536680161953
1694712183.8836403,4,0.006466795690357685
1694712223.2520745,5,0.006367670372128487
1694712259.5750325,6,0.006244571879506111
1694712330.657051,7,0.006157843396067619
1694712384.0497823,8,0.006093260832130909
1694712422.7775834,9,0.006009593140333891
1694712467.4986029,10,0.005953832529485226
