Wall time,Step,Value
1694714399.0932262,0,0.007103437557816505
1694714436.0683076,1,0.007106873206794262
1694714466.4961007,2,0.007156648673117161
1694714492.049156,3,0.007160789333283901
1694714526.7789724,4,0.007136322557926178
1694714559.4581304,5,0.007122390903532505
1694714594.1127715,6,0.007125455886125565
1694714663.669619,7,0.007143571972846985
1694714698.6918352,8,0.007162888068705797
1694714751.5292196,9,0.007178155239671469
1694714775.7182477,10,0.007190191186964512
