Wall time,Step,Value
1694712035.5956361,0,0.8620127439498901
1694712065.4733546,1,0.8622866272926331
1694712123.7026455,2,0.8624968528747559
1694712179.650562,3,0.8626096844673157
1694712217.4613714,4,0.8627215623855591
1694712252.0070174,5,0.8628429174423218
1694712325.6825333,6,0.8629842400550842
1694712379.0767775,7,0.8630867600440979
1694712416.0538864,8,0.8631235361099243
1694712461.734224,9,0.8631190061569214
1694712496.68008,10,0.8630995154380798
