Wall time,Step,Value
1694714405.8316422,1,0.006224708631634712
1694714442.4089184,2,0.005758149083703756
1694714472.1397362,3,0.005579009652137756
1694714499.5605462,4,0.0054720742627978325
1694714534.4692752,5,0.005337205715477467
1694714563.5728014,6,0.005253341048955917
1694714605.0326986,7,0.005183344706892967
1694714673.7199433,8,0.005105084739625454
1694714704.5307856,9,0.005048587918281555
1694714756.2221487,10,0.004993884824216366
