Wall time,Step,Value
1694714420.4108076,0,34.1806640625
1694714443.2987506,1,34.181724548339844
1694714490.5905025,2,34.11465072631836
1694714558.1989439,3,34.030208587646484
1694714598.6871538,4,33.95755386352539
1694714640.6091278,5,33.937252044677734
1694714687.6095357,6,33.956321716308594
1694714721.6817636,7,33.96571350097656
1694714747.2259398,8,33.97064971923828
1694714779.9726815,9,33.95924758911133
1694714809.6219301,10,33.961097717285156
