Wall time,Step,Value
1694713222.6444027,0,0.008046509698033333
1694713299.604661,1,0.00796846579760313
1694713334.9222977,2,0.007979831658303738
1694713398.0426648,3,0.00796075351536274
1694713485.3571875,4,0.007934224791824818
1694713515.0927143,5,0.007926824502646923
1694713544.7233953,6,0.007948256097733974
1694713609.954133,7,0.007959055714309216
1694713641.9532964,8,0.007976723834872246
1694713682.097797,9,0.007978742010891438
1694713726.320215,10,0.007980920374393463
