Wall time,Step,Value
1694712224.4562373,0,0.8620127439498901
1694712272.6266637,1,0.8624100685119629
1694712320.5530188,2,0.862532377243042
1694712361.2179618,3,0.8626951575279236
1694712449.0039845,4,0.862795352935791
1694712488.8335547,5,0.8629236221313477
1694712540.0613902,6,0.8630062937736511
1694712603.3718364,7,0.8631238341331482
1694712635.8167567,8,0.8632123470306396
1694712666.5536327,9,0.8632261753082275
1694712697.6525636,10,0.8631893396377563
