Wall time,Step,Value
1694713271.895374,1,0.007064980920404196
1694713308.6145148,2,0.006743661127984524
1694713393.4953148,3,0.006556278560310602
1694713445.6128752,4,0.006362756714224815
1694713489.0842376,5,0.006253082770854235
1694713545.973592,6,0.00612754886969924
1694713602.3256173,7,0.006039085797965527
1694713674.2205126,8,0.005969569087028503
1694713713.4257104,9,0.0058862618170678616
1694713776.7816777,10,0.0058309766463935375
