Wall time,Step,Value
1694712767.5600624,0,34.12086486816406
1694712796.3129795,1,33.9951286315918
1694712835.5560956,2,33.820552825927734
1694712866.7995684,3,33.63771057128906
1694712887.8401709,4,33.51382064819336
1694712927.399113,5,33.45235824584961
1694712961.0029166,6,33.41202163696289
1694712997.8796577,7,33.414764404296875
1694713026.0979023,8,33.42291259765625
1694713073.8003075,9,33.441104888916016
1694713107.3079967,10,33.458438873291016
