Wall time,Step,Value
1694713224.9770403,1,0.0069262124598026276
1694713306.6648843,2,0.006608788855373859
1694713342.232727,3,0.006427787709981203
1694713406.6114175,4,0.006297761108726263
1694713490.0687385,5,0.006179165095090866
1694713522.171277,6,0.00611595343798399
1694713549.6593437,7,0.00601093890145421
1694713614.3508065,8,0.005943590775132179
1694713649.993933,9,0.005873751826584339
1694713689.9460692,10,0.005814955569803715
