Wall time,Step,Value
1694714391.0235212,0,0.007103437557816505
1694714436.2478027,1,0.007103085517883301
1694714490.264688,2,0.007207109127193689
1694714551.3046396,3,0.0072798579931259155
1694714587.4297483,4,0.007241422776132822
1694714647.5962977,5,0.007197460159659386
1694714678.8716328,6,0.007156694773584604
1694714715.2870836,7,0.0071396976709365845
1694714755.5710473,8,0.007142738904803991
1694714781.099867,9,0.007151317782700062
1694714808.026731,10,0.007166564930230379
