Wall time,Step,Value
1694714420.4108295,0,0.9168670177459717
1694714443.2987716,1,0.9166749119758606
1694714490.590528,2,0.9152083992958069
1694714558.1989667,3,0.9136690497398376
1694714598.6871817,4,0.9123947620391846
1694714640.6091466,5,0.9121622443199158
1694714687.609558,6,0.9127605557441711
1694714721.6817832,7,0.9132342338562012
1694714747.2259588,8,0.9135250449180603
1694714779.9727166,9,0.9133855700492859
1694714809.6219532,10,0.9133607745170593
