Wall time,Step,Value
1694713262.7556107,0,0.8627821803092957
1694713301.4101422,1,0.8630986213684082
1694713387.2909908,2,0.8631065487861633
1694713439.3300312,3,0.8629356622695923
1694713482.998724,4,0.8628584146499634
1694713541.3701308,5,0.8628318905830383
1694713595.9020407,6,0.8628543615341187
1694713666.3693004,7,0.8628900647163391
1694713705.8427103,8,0.8629154562950134
1694713772.718122,9,0.8629212975502014
1694713838.1474752,10,0.8629211187362671
