Wall time,Step,Value
1694712770.0139434,0,0.9164551496505737
1694712811.7212853,1,0.914757490158081
1694712854.1018982,2,0.9124054312705994
1694712898.5946126,3,0.9108532071113586
1694712957.745423,4,0.9108942151069641
1694713007.4011185,5,0.9114733338356018
1694713057.1016045,6,0.9119933843612671
1694713102.577731,7,0.9121362566947937
1694713134.58212,8,0.912100613117218
1694713179.2945797,9,0.9119343161582947
1694713213.314793,10,0.9116440415382385
