Wall time,Step,Value
1694714399.0932448,0,34.1806640625
1694714436.0683324,1,34.17715072631836
1694714466.4961236,2,34.143314361572266
1694714492.0491817,3,34.139427185058594
1694714526.779018,4,34.15412902832031
1694714559.458157,5,34.163028717041016
1694714594.1127973,6,34.16090393066406
1694714663.6696618,7,34.14940643310547
1694714698.6918607,8,34.1371955871582
1694714751.5292568,9,34.127437591552734
1694714775.7182815,10,34.119407653808594
