Wall time,Step,Value
1694714389.9294217,0,34.1806640625
1694714415.7573924,1,34.15024948120117
1694714443.1060047,2,34.054752349853516
1694714474.4462051,3,33.94548034667969
1694714501.4142675,4,33.88970947265625
1694714534.087774,5,33.88656234741211
1694714561.1520686,6,33.8846435546875
1694714630.561308,7,33.8995361328125
1694714658.6712055,8,33.899505615234375
1694714691.3000028,9,33.89216995239258
1694714739.0367994,10,33.885616302490234
