Wall time,Step,Value
1694710902.466888,0,0.008046509698033333
1694710979.124734,1,0.007947123609483242
1694711099.0860245,2,0.007951315492391586
1694711235.3388646,3,0.007955066859722137
1694711317.2082987,4,0.007967608980834484
1694711416.4894428,5,0.00798442680388689
1694711502.1835358,6,0.007976345717906952
1694711585.307516,7,0.0079747773706913
1694711645.9800384,8,0.007987817749381065
1694711707.469284,9,0.007983236573636532
1694711810.9883592,10,0.008008970879018307
