Wall time,Step,Value
1694712196.8274248,0,0.8620127439498901
1694712243.0223348,1,0.8621876239776611
1694712328.8158429,2,0.8624340295791626
1694712412.9161756,3,0.8626792430877686
1694712504.7638414,4,0.8627529740333557
1694712552.4281085,5,0.8628546595573425
1694712598.2869515,6,0.8628737926483154
1694712649.450388,7,0.8628867864608765
1694712683.0647635,8,0.8629277348518372
1694712717.5610514,9,0.8629271984100342
1694712748.5642729,10,0.8628517389297485
