Wall time,Step,Value
1694712196.8274047,0,33.12344741821289
1694712243.0223002,1,33.16642379760742
1694712328.8158188,2,33.19309997558594
1694712412.9161525,3,33.20608901977539
1694712504.7638154,4,33.21083068847656
1694712552.428083,5,33.21256637573242
1694712598.2869291,6,33.20646667480469
1694712649.4503665,7,33.20573806762695
1694712683.064744,8,33.20137405395508
1694712717.5610282,9,33.195899963378906
1694712748.564256,10,33.188819885253906
