Wall time,Step,Value
1694712818.026648,0,34.12086486816406
1694712863.008185,1,34.0139045715332
1694712914.657888,2,33.89558792114258
1694712962.3039472,3,33.81843948364258
1694712996.4227326,4,33.78139877319336
1694713052.4361157,5,33.79963684082031
1694713107.7448912,6,33.80651092529297
1694713159.8055198,7,33.82390213012695
1694713197.4331872,8,33.83162307739258
1694713224.6557975,9,33.83162307739258
1694713274.432512,10,33.81414794921875
