Wall time,Step,Value
1694714392.721213,0,0.9168670177459717
1694714442.409495,1,0.9166721105575562
1694714510.350755,2,0.9154379963874817
1694714551.8386788,3,0.9146756529808044
1694714589.3864832,4,0.9146958589553833
1694714641.1337812,5,0.9152015447616577
1694714704.4381561,6,0.9155071973800659
1694714755.7211907,7,0.9154115915298462
1694714778.6934185,8,0.9150832295417786
1694714808.9745421,9,0.9148393273353577
1694714826.3043764,10,0.9146231412887573
