Wall time,Step,Value
1694714391.0235574,0,0.9168670177459717
1694714436.247878,1,0.9167591333389282
1694714490.2647755,2,0.915642499923706
1694714551.3046873,3,0.9148938655853271
1694714587.4297912,4,0.9152410626411438
1694714647.5963542,5,0.9157094359397888
1694714678.8716776,6,0.9161206483840942
1694714715.287127,7,0.9162230491638184
1694714755.5712295,8,0.9160985350608826
1694714781.0999238,9,0.9159947037696838
1694714808.0267677,10,0.9158334732055664
