Wall time,Step,Value
1694713410.0127234,1,0.00641864025965333
1694713446.6118522,2,0.006171185988932848
1694713488.0351362,3,0.006027975119650364
1694713554.4500194,4,0.005903808865696192
1694713614.3546553,5,0.005807112902402878
1694713666.7036238,6,0.005724867805838585
1694713750.5081136,7,0.005646613892167807
1694713826.1077268,8,0.00558340223506093
1694713853.0363095,9,0.0055265165865421295
1694713879.000894,10,0.005468293093144894
