Wall time,Step,Value
1694710878.1418908,0,0.9168670177459717
1694710999.1964674,1,0.9177867770195007
1694711068.0791354,2,0.9179093837738037
1694711154.4234233,3,0.9179338812828064
1694711231.7907715,4,0.9178968667984009
1694711319.3595674,5,0.9180273413658142
1694711393.9080756,6,0.9179627299308777
1694711484.6935432,7,0.9178423881530762
1694711590.0159693,8,0.9178378582000732
1694711678.2489395,9,0.9177677035331726
1694711785.9862835,10,0.9177600145339966
