Wall time,Step,Value
1694713400.4111083,0,0.8627821803092957
1694713441.6542695,1,0.8630741238594055
1694713481.6505334,2,0.8631208539009094
1694713548.8226962,3,0.8631629943847656
1694713608.8064299,4,0.863178014755249
1694713661.3080711,5,0.8631494641304016
1694713744.0054636,6,0.8631072044372559
1694713818.891113,7,0.8630212545394897
1694713847.4788785,8,0.8629772663116455
1694713875.218093,9,0.8629456162452698
1694713894.9569764,10,0.862869918346405
