Wall time,Step,Value
1694714398.7042987,1,0.006658714264631271
1694714450.0031888,2,0.00610236544162035
1694714518.7352834,3,0.005844753235578537
1694714558.3395188,4,0.005708345212042332
1694714595.6166496,5,0.005578380078077316
1694714650.2352977,6,0.00548336748033762
1694714713.6886222,7,0.0054106698371469975
1694714760.0366838,8,0.005333248525857925
1694714781.5637116,9,0.005257753189653158
1694714811.629279,10,0.005208209622651339
