Wall time,Step,Value
1694712773.7283568,1,0.006468066945672035
1694712818.7265751,2,0.005917558446526527
1694712859.8831856,3,0.005662594456225634
1694712905.712911,4,0.005521188490092754
1694712964.3990562,5,0.00536030950024724
1694713013.384507,6,0.0052580926567316055
1694713063.564285,7,0.00515303760766983
1694713107.854915,8,0.005060186609625816
1694713140.7096956,9,0.004994446411728859
1694713183.7086368,10,0.004918340127915144
