Wall time,Step,Value
1694712852.73729,0,34.12086486816406
1694712884.1747634,1,34.013919830322266
1694712915.1526449,2,33.8409423828125
1694712941.1369064,3,33.65913009643555
1694712975.554789,4,33.492855072021484
1694713009.8709128,5,33.40275573730469
1694713055.2744796,6,33.40100860595703
1694713081.4628203,7,33.40847396850586
1694713120.5868137,8,33.43104934692383
1694713147.877315,9,33.43495559692383
1694713190.8564613,10,33.460418701171875
