Wall time,Step,Value
1694710878.141832,0,0.007103437557816505
1694710999.196412,1,0.006923815235495567
1694711068.0790734,2,0.006922554224729538
1694711154.4233766,3,0.006922125816345215
1694711231.7907107,4,0.006921107415109873
1694711319.3595018,5,0.006909207906574011
1694711393.9080286,6,0.006941626779735088
1694711484.693486,7,0.006945838686078787
1694711590.0159183,8,0.006952230352908373
1694711678.24888,9,0.00695273419842124
1694711785.9861927,10,0.0069646211341023445
