Wall time,Step,Value
1694712039.863948,0,0.8620127439498901
1694712083.7334185,1,0.8623336553573608
1694712114.7070298,2,0.8626728057861328
1694712187.4360414,3,0.8629977107048035
1694712223.7851079,4,0.8631432056427002
1694712298.972068,5,0.863236665725708
1694712369.1946445,6,0.8633151650428772
1694712408.6116412,7,0.8633559346199036
1694712446.2644157,8,0.8634502291679382
1694712522.6197405,9,0.8635079860687256
1694712582.2271903,10,0.8634657859802246
