Wall time,Step,Value
1694712852.7372649,0,0.007186008617281914
1694712884.1747384,1,0.007354064378887415
1694712915.1525588,2,0.007633796893060207
1694712941.1368132,3,0.00794014148414135
1694712975.5547512,4,0.008231591433286667
1694713009.8708873,5,0.008394700475037098
1694713055.274458,6,0.008398490026593208
1694713081.4627955,7,0.008385091088712215
1694713120.586794,8,0.008344482630491257
1694713147.8772829,9,0.008337410166859627
1694713190.8564389,10,0.008291169069707394
