Wall time,Step,Value
1694713222.644467,0,0.8627821803092957
1694713299.6047053,1,0.8630831837654114
1694713334.9223917,2,0.8630622029304504
1694713398.0427089,3,0.8632674217224121
1694713485.3572428,4,0.8633785247802734
1694713515.092766,5,0.8634215593338013
1694713544.7234569,6,0.8634352684020996
1694713609.9541972,7,0.863416314125061
1694713641.953339,8,0.8634371757507324
1694713682.0978432,9,0.8634745478630066
1694713726.3202734,10,0.8634684681892395
