Wall time,Step,Value
1694712818.0266707,0,0.9164551496505737
1694712863.0082123,1,0.9146443605422974
1694712914.6579177,2,0.912574052810669
1694712962.3039775,3,0.9112243056297302
1694712996.4227695,4,0.9106642007827759
1694713052.4361513,5,0.9110226035118103
1694713107.7449305,6,0.9112453460693359
1694713159.8055482,7,0.9116464257240295
1694713197.43323,8,0.9118728041648865
1694713224.6558259,9,0.9119192361831665
1694713274.4325364,10,0.9116353392601013
