Wall time,Step,Value
1694714389.929339,0,0.007103437557816505
1694714415.7573595,1,0.007150213699787855
1694714443.105965,2,0.007297273259609938
1694714474.4461672,3,0.0074696592055261135
1694714501.414244,4,0.007557472214102745
1694714534.087741,5,0.007562125101685524
1694714561.1520402,6,0.007564879022538662
1694714630.561276,7,0.007540981750935316
1694714658.6711798,8,0.00754309818148613
1694714691.2999685,9,0.007556249853223562
1694714739.0367758,10,0.007567696273326874
