Wall time,Step,Value
1694712166.0928764,0,0.8620127439498901
1694712234.280706,1,0.8622320890426636
1694712300.5774238,2,0.8621566295623779
1694712354.5961072,3,0.8622311353683472
1694712425.7738745,4,0.8624416589736938
1694712485.8690648,5,0.8626076579093933
1694712519.2875738,6,0.862737774848938
1694712556.9298973,7,0.862837553024292
1694712586.9232564,8,0.8628811240196228
1694712631.3193948,9,0.8628761172294617
1694712673.195481,10,0.8628758788108826
