Wall time,Step,Value
1694713222.6444368,0,33.15054702758789
1694713299.604684,1,33.187129974365234
1694713334.9223475,2,33.17886734008789
1694713398.0426884,3,33.19086837768555
1694713485.3572176,4,33.20805740356445
1694713515.092741,5,33.21331787109375
1694713544.7234204,6,33.201927185058594
1694713609.9541678,7,33.19699478149414
1694713641.953319,8,33.187835693359375
1694713682.0978217,9,33.18765640258789
1694713726.320246,10,33.18735122680664
