Wall time,Step,Value
1691361876.0419242,0,0.8587921857833862
1691361892.96922,1,0.8729093670845032
1691361915.8901877,2,0.8742953538894653
1691361946.5166738,3,0.8729307651519775
1691361982.025961,4,0.8755441904067993
1691362017.0762126,5,0.8764321804046631
1691362050.9396515,6,0.8753662109375
1691362087.0132682,7,0.876767098903656
1691362123.4375331,8,0.8766533732414246
1691362161.1383934,9,0.8765312433242798
1691362199.0962882,10,0.8760145902633667
1691362234.2259865,11,0.876943826675415
1691362271.5351655,12,0.8756431341171265
1691362310.035583,13,0.8762621879577637
1691362345.0822673,14,0.8767200112342834
1691362380.0991404,15,0.8752038478851318
1691362415.7503777,16,0.8761718273162842
1691362452.6346307,17,0.875865638256073
1691362490.8148215,18,0.8754057884216309
1691362526.1375606,19,0.8759278059005737
1691362562.7383022,20,0.8754680752754211
1691362597.3262155,21,0.8755786418914795
1691362635.4129097,22,0.8757598400115967
1691362670.0031981,23,0.8753721714019775
1691362704.757008,24,0.8752675652503967
1691362739.1988285,25,0.8754211664199829
1691362775.1749437,26,0.8753727078437805
1691362814.7088177,27,0.8752437233924866
1691362852.7114854,28,0.8751891851425171
1691362888.928763,29,0.8752003312110901
1691362926.9007611,30,0.8752203583717346
