Wall time,Step,Value
1691361918.2721872,0,0.8587921857833862
1691361954.7662654,1,0.8727664351463318
1691361992.59543,2,0.8750832676887512
1691362030.153285,3,0.8754587173461914
1691362068.6654167,4,0.8764557242393494
1691362106.3520765,5,0.8759966492652893
1691362146.1047451,6,0.8762486577033997
1691362182.2325828,7,0.8757201433181763
1691362220.819857,8,0.8763425350189209
1691362254.0879352,9,0.8765268921852112
1691362290.1064572,10,0.875765323638916
1691362327.6358294,11,0.8752716779708862
1691362362.9429588,12,0.8758243918418884
1691362400.3650079,13,0.8750540614128113
1691362438.1973763,14,0.8746229410171509
1691362472.4853423,15,0.874912679195404
1691362509.2895756,16,0.8747357726097107
1691362542.80516,17,0.8743517994880676
1691362578.1994545,18,0.8740845322608948
1691362615.1851482,19,0.8742555975914001
1691362652.2207437,20,0.8739980459213257
1691362687.1740618,21,0.8737910985946655
1691362721.453156,22,0.8737682700157166
1691362758.161841,23,0.8737398386001587
1691362791.8823183,24,0.8736066818237305
1691362826.8654258,25,0.8736034631729126
1691362862.3171508,26,0.8734989166259766
1691362899.3776863,27,0.8735116720199585
1691362930.9297981,28,0.8734825253486633
1691362957.1406062,29,0.8734633326530457
1691362979.153626,30,0.8734130263328552
