Wall time,Step,Value
1691360762.4083998,0,0.8537271022796631
1691360800.4468076,1,0.8660373687744141
1691360838.2728586,2,0.8691568374633789
1691360872.6582646,3,0.868124783039093
1691360909.0697668,4,0.8703386187553406
1691360945.5887532,5,0.8708386421203613
1691360982.924036,6,0.8715232014656067
1691361018.377974,7,0.8719728589057922
1691361054.837531,8,0.8719491362571716
1691361090.6712353,9,0.8724984526634216
1691361127.425081,10,0.8719461560249329
1691361163.5493503,11,0.8717402815818787
1691361201.0841842,12,0.8721745610237122
1691361235.3137238,13,0.8724095821380615
1691361274.2629633,14,0.8717516660690308
1691361311.7245898,15,0.871762752532959
1691361345.8155406,16,0.8718056678771973
1691361382.0064614,17,0.8717789649963379
1691361418.8736653,18,0.8718316555023193
1691361455.1253424,19,0.8716729879379272
1691361489.2716253,20,0.8715933561325073
1691361524.5401585,21,0.8712755441665649
1691361561.5179079,22,0.8713902235031128
1691361596.9888995,23,0.8712795972824097
1691361631.4544122,24,0.8712907433509827
1691361667.6572695,25,0.8712345361709595
1691361703.8891523,26,0.8712019324302673
1691361742.7961078,27,0.8711728453636169
1691361780.5995226,28,0.87112957239151
1691361814.650006,29,0.8711387515068054
1691361840.0221334,30,0.8711145520210266
