Wall time,Step,Value
1690023135.038921,0,0.8614586591720581
1690023178.5386894,1,0.8787317276000977
1690023219.092078,2,0.8810566067695618
1690023261.6439884,3,0.88374924659729
1690023302.2426279,4,0.882343590259552
1690023344.2663004,5,0.884036660194397
1690023383.7416344,6,0.8844053745269775
1690023426.833818,7,0.8844592571258545
1690023467.7342422,8,0.8839731216430664
1690023511.1595669,9,0.8841963410377502
1690023552.262983,10,0.8842345476150513
1690023599.1787348,11,0.8836585283279419
1690023643.9817085,12,0.8837171196937561
1690023684.4702463,13,0.883596658706665
1690023724.2889888,14,0.8834365010261536
1690023759.4336543,15,0.8834185004234314
1690023795.9246655,16,0.8833832740783691
1690023834.731171,17,0.8832418322563171
1690023878.2929351,18,0.8832293748855591
1690023921.803441,19,0.8831008076667786
1690023964.0638943,20,0.8829705119132996
1690024001.8217742,21,0.8829715847969055
1690024046.4208972,22,0.8829650282859802
1690024089.0882492,23,0.8828763365745544
1690024128.4809618,24,0.8827939033508301
1690024162.0128348,25,0.8828005790710449
1690024189.5909889,26,0.8828229904174805
1690024221.0795577,27,0.8827714323997498
1690024254.3810754,28,0.882743775844574
1690024280.6620011,29,0.8827149868011475
1690024303.2313418,30,0.8826949596405029
