Wall time,Step,Value
1690025403.6127262,0,0.8504575490951538
1690025417.4910405,1,0.8767972588539124
1690025438.1524973,2,0.8774535059928894
1690025457.820568,3,0.880666196346283
1690025476.4499595,4,0.8798200488090515
1690025496.4262476,5,0.8809316754341125
1690025520.372962,6,0.8808739185333252
1690025554.0568683,7,0.8819379806518555
1690025593.9678433,8,0.8815833330154419
1690025631.2109284,9,0.8801324367523193
1690025665.7620654,10,0.8817502856254578
1690025701.1594355,11,0.8805637359619141
1690025734.8821855,12,0.8802072405815125
1690025771.7757087,13,0.8810226917266846
1690025805.3272212,14,0.8809168338775635
1690025840.0266378,15,0.8791250586509705
1690025880.2132914,16,0.8812873363494873
1690025913.726083,17,0.8787432909011841
1690025949.7657535,18,0.8805919289588928
1690025984.6681974,19,0.8798321485519409
1690026019.8353598,20,0.8794448375701904
1690026056.0730927,21,0.880087673664093
1690026090.8957872,22,0.8791465759277344
1690026127.2878518,23,0.8796800971031189
1690026165.57217,24,0.8796433806419373
1690026197.3237271,25,0.8792038559913635
1690026234.6649635,26,0.8793803453445435
1690026273.762296,27,0.8794199228286743
1690026314.8201172,28,0.8792595267295837
1690026351.5814562,29,0.8792014122009277
1690026384.1121886,30,0.8792329430580139
