Wall time,Step,Value
1690023070.2605636,0,0.8614586591720581
1690023110.8764827,1,0.8723572492599487
1690023154.9320455,2,0.8782052993774414
1690023197.744053,3,0.8821347951889038
1690023241.4755487,4,0.8814899325370789
1690023285.979567,5,0.8821123838424683
1690023329.7730496,6,0.882331907749176
1690023372.5236866,7,0.8815929293632507
1690023419.4635057,8,0.881521999835968
1690023459.6619663,9,0.8820532560348511
1690023503.8058288,10,0.8816227912902832
1690023549.849105,11,0.8808408379554749
1690023595.8516295,12,0.8811275362968445
1690023644.5697882,13,0.8812917470932007
1690023690.6954293,14,0.8805675506591797
1690023732.2019184,15,0.8804600238800049
1690023774.2192872,16,0.8805539011955261
1690023816.5831928,17,0.8805248737335205
1690023860.7783668,18,0.8801997900009155
1690023898.678943,19,0.8800255060195923
1690023942.3285038,20,0.8800725340843201
1690023986.8144412,21,0.8800792694091797
1690024028.2085366,22,0.8799696564674377
1690024072.5226207,23,0.8798501491546631
1690024114.7525246,24,0.879791796207428
1690024153.5162284,25,0.8797745704650879
1690024186.1848931,26,0.8796952962875366
1690024216.7280138,27,0.8796690702438354
1690024251.4144704,28,0.8796069025993347
1690024277.6762989,29,0.8795971274375916
1690024301.7984538,30,0.8795739412307739
