Wall time,Step,Value
1690375225.8834803,0,0.8872364163398743
1690375280.327279,1,0.9123402833938599
1690375385.7555115,2,0.9051684737205505
1690375429.9322362,3,0.9130010008811951
1690375482.3307743,4,0.9140915870666504
1690375560.9174054,5,0.9128237962722778
1690375671.215014,6,0.9149085879325867
1690375710.0951686,7,0.9138998985290527
1690375760.986666,8,0.9151960015296936
1690375796.163486,9,0.9157286882400513
1690375838.1842585,10,0.9150412082672119
1690375885.2846622,11,0.9158338904380798
1690375981.1547866,12,0.9157660603523254
1690376083.5146384,13,0.91544109582901
1690376129.1157463,14,0.9156355857849121
1690376208.0538266,15,0.9157839417457581
1690376304.0308986,16,0.9155761003494263
1690376355.254107,17,0.9155088067054749
1690376431.124852,18,0.9152640700340271
1690376476.4829366,19,0.9153487682342529
1690376525.405359,20,0.9153963923454285
1690376565.9618812,21,0.9152733683586121
1690376656.226269,22,0.9151846170425415
1690376694.4086444,23,0.9152158498764038
1690376778.6585002,24,0.9151889085769653
1690376871.9673882,25,0.915147066116333
1690376921.8171527,26,0.9150508642196655
1690376972.2471023,27,0.9150493144989014
1690377019.7122216,28,0.915084183216095
1690377058.6775026,29,0.9151034355163574
1690377102.212983,30,0.9150446653366089
