Wall time,Step,Value
1690023033.0988405,0,0.8614586591720581
1690023074.3366215,1,0.8799148797988892
1690023111.5030112,2,0.8806742429733276
1690023153.9348443,3,0.8842658400535583
1690023198.8999624,4,0.8827523589134216
1690023236.943533,5,0.8839558362960815
1690023277.3298929,6,0.8837676644325256
1690023320.6227918,7,0.8831900358200073
1690023363.7361093,8,0.8838107585906982
1690023404.5745635,9,0.8838737607002258
1690023449.5208912,10,0.8831567764282227
1690023488.539469,11,0.8833727240562439
1690023535.6092696,12,0.8836323022842407
1690023578.8772695,13,0.8829792141914368
1690023623.0591645,14,0.8830488324165344
1690023666.610433,15,0.8831568360328674
1690023708.686286,16,0.882860004901886
1690023747.5738363,17,0.8828606009483337
1690023785.6379535,18,0.8826884627342224
1690023825.285454,19,0.8825253844261169
1690023867.757219,20,0.8825699090957642
1690023911.1505418,21,0.8825546503067017
1690023950.2918978,22,0.882432222366333
1690023992.5516634,23,0.8823256492614746
1690024035.4837,24,0.8823150396347046
1690024076.9412324,25,0.8823469877243042
1690024119.69419,26,0.8822850584983826
1690024155.6756032,27,0.8822499513626099
1690024186.8567867,28,0.8822183609008789
1690024219.003882,29,0.8822017908096313
1690024251.961341,30,0.8821837306022644
