Wall time,Step,Value
1690381210.9182053,0,0.9085522890090942
1690381222.8362288,1,0.8474264144897461
1690381235.091485,2,0.9072369337081909
1690381251.951649,3,0.9070126414299011
1690381268.0055315,4,0.9067519903182983
1690381282.0897815,5,0.9097338914871216
1690381296.561103,6,0.9108185172080994
1690381309.9336746,7,0.912097156047821
1690381324.0574462,8,0.9107794165611267
1690381338.2615519,9,0.91208416223526
1690381352.9655235,10,0.9122799038887024
1690381366.3065119,11,0.9119977951049805
1690381382.313629,12,0.9112072587013245
1690381399.5376425,13,0.9128760695457458
1690381415.5094888,14,0.9121352434158325
1690381433.238849,15,0.911996603012085
1690381452.0747929,16,0.9118866920471191
1690381467.3216662,17,0.9120849967002869
1690381487.780527,18,0.9123141765594482
1690381506.4903207,19,0.9117096662521362
1690381522.5256472,20,0.9120399951934814
1690381538.7100701,21,0.912212073802948
1690381554.7613037,22,0.9118800759315491
1690381569.6503823,23,0.9118857383728027
1690381587.4206767,24,0.9118337631225586
1690381605.2927206,25,0.9119526147842407
1690381619.7511926,26,0.9119765758514404
1690381636.5946095,27,0.9118221998214722
1690381652.2800095,28,0.9117570519447327
1690381668.7998207,29,0.9117351174354553
1690381685.2785587,30,0.9117043018341064
