Wall time,Step,Value
1690378683.8386612,0,0.8985151052474976
1690378728.1615574,1,0.9088310599327087
1690378835.0849676,2,0.9165073037147522
1690378874.9318857,3,0.9157196879386902
1690378920.0200105,4,0.911844789981842
1690378957.1526964,5,0.915045440196991
1690379053.8847992,6,0.9168626666069031
1690379097.8686821,7,0.9159799218177795
1690379144.3151245,8,0.9150088429450989
1690379207.570307,9,0.9163964986801147
1690379358.864052,10,0.9171772599220276
1690379435.1856844,11,0.9154468774795532
1690379470.6077387,12,0.9161614179611206
1690379579.687744,13,0.917181134223938
1690379668.2949677,14,0.9159905314445496
1690379728.2292013,15,0.9158862829208374
1690379768.4106383,16,0.91646409034729
1690379859.031595,17,0.9161751866340637
1690379910.9483097,18,0.9157175421714783
1690379945.6966507,19,0.9158725738525391
1690379982.0018845,20,0.9160782694816589
1690380079.7950392,21,0.9158332943916321
1690380129.7856503,22,0.9157403707504272
1690380175.752338,23,0.9157719612121582
1690380209.443646,24,0.915786623954773
1690380243.7831628,25,0.9157441258430481
1690380290.3795216,26,0.9157005548477173
1690380327.65625,27,0.9156865477561951
1690380413.2476275,28,0.9157019257545471
1690380503.5507634,29,0.9156942963600159
1690380572.02286,30,0.9156772494316101
