Wall time,Step,Value
1690382312.5886052,0,0.9084563851356506
1690382325.7519643,1,0.9081336855888367
1690382338.43,2,0.9120495915412903
1690382352.9183939,3,0.9124779105186462
1690382367.0424538,4,0.912193775177002
1690382383.8587723,5,0.9135550856590271
1690382398.79111,6,0.912908136844635
1690382414.2447183,7,0.91245436668396
1690382430.2791958,8,0.9135392308235168
1690382446.0386503,9,0.913180947303772
1690382462.637713,10,0.9125422835350037
1690382481.6519573,11,0.9125621914863586
1690382500.8233547,12,0.9127694368362427
1690382518.6436684,13,0.9129443168640137
1690382533.0519235,14,0.912794291973114
1690382553.7747936,15,0.9125609397888184
1690382569.341381,16,0.9123789668083191
1690382587.089038,17,0.9122422933578491
1690382606.6748505,18,0.9121685028076172
1690382623.5346603,19,0.9120701551437378
1690382639.9914446,20,0.9119055271148682
1690382654.8542278,21,0.9119100570678711
1690382671.137368,22,0.9118083119392395
1690382683.7380853,23,0.9117336869239807
1690382697.8298845,24,0.9116427898406982
1690382712.8318167,25,0.9116161465644836
1690382727.827269,26,0.9115744233131409
1690382742.3087034,27,0.9115394353866577
1690382755.1636953,28,0.911509096622467
1690382768.6811044,29,0.9114896655082703
1690382781.6399667,30,0.9114488363265991
