Wall time,Step,Value
1690375242.3577707,0,0.8872364163398743
1690375360.4268665,1,0.9159911870956421
1690375456.786575,2,0.9178260564804077
1690375539.9536183,3,0.9169614315032959
1690375629.6945074,4,0.9165856838226318
1690375753.9997559,5,0.9182341694831848
1690375843.4541528,6,0.9165042638778687
1690375978.988881,7,0.9189707040786743
1690376072.4082677,8,0.9192410111427307
1690376163.1534162,9,0.9180184006690979
1690376265.9506438,10,0.9178096652030945
1690376349.3104222,11,0.9187353253364563
1690376428.784802,12,0.9185049533843994
1690376521.5250995,13,0.9185404181480408
1690376617.832461,14,0.9181711673736572
1690376707.927303,15,0.9185478687286377
1690376813.092509,16,0.918373703956604
1690376848.2385702,17,0.9182945489883423
1690376904.8811746,18,0.9183127880096436
1690376959.141373,19,0.9181357622146606
1690377013.8064024,20,0.9181039929389954
1690377062.8367648,21,0.9179345965385437
1690377105.6152258,22,0.9180973768234253
1690377138.479864,23,0.9179384708404541
1690377167.4819705,24,0.9178876876831055
1690377200.2098048,25,0.917904257774353
1690377231.52387,26,0.9179192781448364
1690377263.2905488,27,0.9178853631019592
1690377294.875628,28,0.9178447723388672
1690377318.9351487,29,0.9178839325904846
1690377344.7455971,30,0.9178358316421509
