Wall time,Step,Value
1690381240.1161401,0,0.9085522890090942
1690381252.125043,1,0.9061204791069031
1690381268.9924176,2,0.9117637872695923
1690381283.1068437,3,0.9015649557113647
1690381296.7380853,4,0.9102291464805603
1690381310.0247264,5,0.9068086743354797
1690381326.171989,6,0.9134902358055115
1690381346.808667,7,0.91363924741745
1690381362.4453413,8,0.9121887683868408
1690381378.9206045,9,0.913908839225769
1690381394.510078,10,0.9116531610488892
1690381409.9469419,11,0.9140586256980896
1690381425.7628753,12,0.9123106002807617
1690381439.8518946,13,0.9133407473564148
1690381454.5836637,14,0.9127188920974731
1690381477.541647,15,0.9128868579864502
1690381494.600179,16,0.9128242135047913
1690381514.4360147,17,0.9124122262001038
1690381528.502628,18,0.9132105112075806
1690381542.3911028,19,0.9122369885444641
1690381559.3294606,20,0.912761390209198
1690381575.5300303,21,0.9128627181053162
1690381589.916669,22,0.9124972820281982
1690381607.004562,23,0.9122892618179321
1690381620.6466208,24,0.9122754335403442
1690381636.3885233,25,0.9124724268913269
1690381652.6081212,26,0.9124813079833984
1690381666.2069035,27,0.9123905897140503
1690381680.0178127,28,0.9122521281242371
1690381693.2802074,29,0.912112295627594
1690381705.498407,30,0.9121197462081909
