Wall time,Step,Value
1688927252.3302727,0,0.8309105634689331
1688927282.0406604,1,0.8352867364883423
1688927321.438074,2,0.837659478187561
1688927365.282702,3,0.8381001949310303
1688927417.8088949,4,0.8392845392227173
1688927470.5719433,5,0.8395485281944275
1688927525.6272852,6,0.8398416042327881
1688927566.874736,7,0.8399069905281067
1688927607.8718095,8,0.8398754000663757
1688927658.6946552,9,0.8388648629188538
1688927714.1570995,10,0.8388776183128357
1688927766.0466456,11,0.8381059765815735
1688927819.5754428,12,0.8378210067749023
1688927873.5072334,13,0.8379196524620056
1688927929.5297906,14,0.8372953534126282
1688927983.3978906,15,0.8372116684913635
1688928034.8201017,16,0.8364872932434082
1688928080.398174,17,0.8364141583442688
1688928120.3639884,18,0.8360863924026489
1688928159.5435114,19,0.8361263871192932
1688928199.5715604,20,0.8358035683631897
1688928250.129037,21,0.8355584144592285
1688928299.9343586,22,0.8352984189987183
1688928351.8887465,23,0.8353043794631958
1688928409.5819373,24,0.8350922465324402
1688928462.8039558,25,0.8349034786224365
1688928516.491968,26,0.8348483443260193
1688928569.6592147,27,0.8347702622413635
1688928622.5384955,28,0.8346776366233826
1688928675.8744624,29,0.8345136642456055
1688928722.1185265,30,0.8345276713371277
