Wall time,Step,Value
1688926882.1053653,0,0.8266242146492004
1688926896.925386,1,0.8321688175201416
1688926911.7213051,2,0.8372634649276733
1688926927.4106288,3,0.838060200214386
1688926942.9140687,4,0.8373623490333557
1688926957.5331888,5,0.8389384150505066
1688926972.7461,6,0.8385000228881836
1688926987.432045,7,0.8389655351638794
1688927002.8806233,8,0.8375946283340454
1688927017.8692052,9,0.8370233774185181
1688927033.002172,10,0.834615170955658
1688927047.9026222,11,0.8370069265365601
1688927063.1527276,12,0.8345796465873718
1688927078.257422,13,0.8355381488800049
1688927093.5531316,14,0.8354576230049133
1688927108.83436,15,0.834800124168396
1688927124.1326013,16,0.8351936340332031
1688927139.3860052,17,0.8350139856338501
1688927154.9380808,18,0.834594190120697
1688927171.1476607,19,0.8326026797294617
1688927185.82065,20,0.8333398699760437
1688927201.0099099,21,0.8334675431251526
1688927216.325077,22,0.8323729038238525
1688927231.429844,23,0.8329780101776123
1688927252.697163,24,0.8325396776199341
1688927280.8767405,25,0.8320336937904358
1688927321.2726502,26,0.8323314189910889
1688927366.9460647,27,0.8320679664611816
1688927421.0791543,28,0.8318035006523132
1688927472.671076,29,0.8317796587944031
1688927529.1870236,30,0.8316027522087097
