Wall time,Step,Value
1688928233.440168,0,0.8643192052841187
1688928285.074322,1,0.8732196688652039
1688928334.1550264,2,0.8771954774856567
1688928386.8040774,3,0.8794457912445068
1688928438.792768,4,0.8824042677879333
1688928490.8121378,5,0.8821133971214294
1688928540.623527,6,0.8828437328338623
1688928591.4263,7,0.8827343583106995
1688928642.5801802,8,0.8820531964302063
1688928691.3558764,9,0.8827423453330994
1688928735.3716316,10,0.8815006017684937
1688928765.9001846,11,0.8821486234664917
1688928793.542803,12,0.8812421560287476
1688928816.9526832,13,0.8816173076629639
1688928841.9508708,14,0.8811895251274109
1688928868.428834,15,0.8811574578285217
1688928894.1070862,16,0.8811733722686768
1688928920.0795991,17,0.881300687789917
1688928940.3781745,18,0.8808794021606445
1688928954.360789,19,0.8807483315467834
1688928968.8854613,20,0.8809210658073425
1688928983.8710074,21,0.8806129097938538
1688928998.3324215,22,0.8805509805679321
1688929012.7811716,23,0.8804841637611389
1688929027.0737472,24,0.8804985284805298
1688929041.6694887,25,0.8803722858428955
1688929055.7144644,26,0.8802530169487
1688929070.700827,27,0.8802984952926636
1688929085.1565778,28,0.8801533579826355
1688929099.6693811,29,0.8801426291465759
1688929114.0487747,30,0.8801232576370239
