Wall time,Step,Value
1684666250.2401452,1,0.12738633155822754
1684668630.868613,2,0.10297581553459167
1684670912.8372178,3,0.10375117510557175
1684673272.7215705,4,0.10492175817489624
1684675625.3201993,5,0.09850689768791199
1684678066.773421,6,0.0816650316119194
1684680398.3489006,7,0.08360585570335388
1684682716.3155117,8,0.08086466789245605
1684685053.2927785,9,0.09593918919563293
1684687349.0529187,10,0.0775851234793663
1684689926.0572925,11,0.07771751284599304
