Wall time,Step,Value
1686901949.3433056,1,0.8259349465370178
1686902002.4212563,2,0.828835129737854
1686902185.8649147,3,0.831974446773529
1686902255.1886914,4,0.8328614234924316
1686902354.6187694,5,0.833512008190155
1686902454.1301768,6,0.8338637351989746
1686902554.7012918,7,0.8347559571266174
1686902648.1462379,8,0.8349034190177917
1686902742.449377,9,0.8349898457527161
1686902843.7001214,10,0.8349566459655762
1686902942.922908,11,0.8347446322441101
1686903033.3716264,12,0.834371030330658
1686903129.7852194,13,0.8348193168640137
1686903223.0211866,14,0.8340826034545898
1686903319.8935804,15,0.8335673213005066
1686903415.4465203,16,0.8341547846794128
1686903507.6217365,17,0.8331460356712341
1686903596.9832635,18,0.8332850337028503
1686903680.0742853,19,0.8328344225883484
1686903760.3069966,20,0.8325721025466919
1686903841.5258343,21,0.8322057723999023
1686903920.5406554,22,0.8322269320487976
1686904001.7479458,23,0.831971287727356
1686904078.9942362,24,0.8316939473152161
1686904150.7635474,25,0.8315153121948242
1686904220.064985,26,0.8314297795295715
1686904281.1052346,27,0.8313813805580139
1686904343.153871,28,0.830900251865387
1686904400.1214104,29,0.8313389420509338
1686904448.673618,30,0.8309991359710693
