Wall time,Step,Value
1686902378.4498117,1,0.7239470481872559
1686902470.6274247,2,0.7252404093742371
1686902574.9443793,3,0.724097728729248
1686902676.9957194,4,0.7242534756660461
1686902779.287653,5,0.7244172692298889
1686902877.6233943,6,0.7245262861251831
1686902977.4420958,7,0.724212110042572
1686903077.779524,8,0.7235758304595947
1686903170.080068,9,0.7235885858535767
1686903256.0457442,10,0.7230514287948608
1686903353.2869623,11,0.7227490544319153
1686903443.977609,12,0.7223626971244812
1686903529.0127501,13,0.7225639224052429
1686903618.5096645,14,0.7218843698501587
1686903694.7987504,15,0.7215705513954163
1686903775.0504475,16,0.7212640643119812
1686903855.9518518,17,0.721099317073822
1686903931.980268,18,0.7205361723899841
1686904011.8927543,19,0.7205450534820557
1686904088.6800783,20,0.720037579536438
1686904167.0503633,21,0.7199780344963074
1686904230.6054714,22,0.7189529538154602
1686904285.8562577,23,0.7193616032600403
1686904343.5894387,24,0.7192219495773315
1686904402.8620908,25,0.7188265919685364
1686904448.5733309,26,0.7188976407051086
1686904479.6388233,27,0.7175887227058411
1686904499.4886801,28,0.7183955311775208
1686904518.0781026,29,0.7183679938316345
1686904533.0014596,30,0.7176514863967896
