Wall time,Step,Value
1686902104.1771295,1,0.8594897985458374
1686902146.5363417,2,0.8648771047592163
1686902202.3640811,3,0.8686432838439941
1686902277.7663543,4,0.8700342774391174
1686902362.3317456,5,0.8700626492500305
1686902457.5655963,6,0.8710063695907593
1686902560.2824166,7,0.8709294199943542
1686902656.6147866,8,0.8703169226646423
1686902748.2739913,9,0.8711001873016357
1686902847.1668394,10,0.8699296712875366
1686902949.8955758,11,0.8706241846084595
1686903040.946749,12,0.8697054386138916
1686903131.4901726,13,0.8707558512687683
1686903222.9747612,14,0.868485689163208
1686903315.7372935,15,0.8708581328392029
1686903406.2348294,16,0.8708716034889221
1686903498.4906685,17,0.8697128891944885
1686903582.141465,18,0.8708037734031677
1686903654.4274955,19,0.8699241280555725
1686903734.9363914,20,0.869247555732727
1686903811.8867722,21,0.8697949051856995
1686903891.6387,22,0.8702956438064575
1686903974.94109,23,0.8694837689399719
1686904056.449123,24,0.870773196220398
1686904131.4732618,25,0.8698846697807312
1686904205.9672935,26,0.8694291114807129
1686904264.225416,27,0.870612621307373
1686904322.5888631,28,0.8702009916305542
1686904376.1175108,29,0.8700498342514038
1686904425.159452,30,0.8698209524154663
