Wall time,Step,Value
1686902031.264446,1,0.8588833808898926
1686902056.6360545,2,0.8631305694580078
1686902082.045083,3,0.8675823211669922
1686902127.3440642,4,0.869494616985321
1686902168.1726449,5,0.8703143000602722
1686902229.3858306,6,0.8712567090988159
1686902310.8174648,7,0.8715234398841858
1686902403.23807,8,0.8716241717338562
1686902501.6817782,9,0.8721110820770264
1686902583.7704656,10,0.8722329139709473
1686902680.3061175,11,0.8723628520965576
1686902782.4655497,12,0.8720217347145081
1686902888.0866737,13,0.871577262878418
1686902983.2403593,14,0.872149646282196
1686903078.4801357,15,0.8715282082557678
1686903162.3903182,16,0.8701876997947693
1686903248.9453492,17,0.8702595233917236
1686903336.017632,18,0.8706245422363281
1686903429.0428033,19,0.8713560104370117
1686903512.892212,20,0.8711221218109131
1686903590.7632735,21,0.8701338171958923
1686903665.2080898,22,0.8702503442764282
1686903742.0817723,23,0.870447039604187
1686903820.1516721,24,0.8705596923828125
1686903888.3335545,25,0.870383083820343
1686903963.713717,26,0.8701644539833069
1686904038.5406876,27,0.8698258996009827
1686904108.4861088,28,0.8695652484893799
1686904176.4759774,29,0.8694438934326172
1686904239.5058777,30,0.8690453171730042
