Wall time,Step,Value
1686902431.0568624,1,0.8712638020515442
1686902517.1677427,2,0.8720120787620544
1686902591.1029713,3,0.8712999224662781
1686902674.664897,4,0.871789276599884
1686902752.1075006,5,0.8717162013053894
1686902831.46968,6,0.870848536491394
1686902910.6599946,7,0.8711353540420532
1686903006.5430005,8,0.870669424533844
1686903091.2929792,9,0.8707214593887329
1686903176.9122763,10,0.8697905540466309
1686903252.792468,11,0.8699886798858643
1686903343.124948,12,0.869753897190094
1686903422.9752645,13,0.8683223128318787
1686903504.0384245,14,0.8693779706954956
1686903575.8189368,15,0.8689121007919312
1686903647.3473623,16,0.868453860282898
1686903716.8917108,17,0.8684791922569275
1686903798.6213422,18,0.868369996547699
1686903867.5067968,19,0.8673222064971924
1686903929.806665,20,0.8679750561714172
1686904001.5543778,21,0.8670179843902588
1686904071.2818775,22,0.8679336309432983
1686904146.805321,23,0.8672197461128235
1686904205.7780924,24,0.8674103021621704
1686904263.1972826,25,0.8671838641166687
1686904308.3108516,26,0.867092490196228
1686904352.8124182,27,0.8669111728668213
1686904401.8332283,28,0.8668237328529358
1686904441.8590448,29,0.8666985630989075
1686904476.5321581,30,0.8662441968917847
