Wall time,Step,Value
1686901878.5019627,1,0.8849332332611084
1686901888.0616987,2,0.8905226588249207
1686901896.449851,3,0.8922445774078369
1686901904.3489559,4,0.8947582840919495
1686901912.4066114,5,0.8950067162513733
1686901922.1737535,6,0.8948262333869934
1686901932.671454,7,0.8961439728736877
1686901944.4918492,8,0.8947713971138
1686901953.0680952,9,0.8961188197135925
1686901964.17555,10,0.8958349227905273
1686901976.6326766,11,0.8958339095115662
1686901989.0529819,12,0.8949242234230042
1686902002.4979854,13,0.8950873613357544
1686902019.1627345,14,0.8950893878936768
1686902033.309362,15,0.8947157263755798
1686902045.3708475,16,0.8946013450622559
1686902057.6850638,17,0.8939890265464783
1686902070.9414427,18,0.8941895365715027
1686902086.412857,19,0.8938705921173096
1686902100.4921741,20,0.8934022784233093
1686902117.7292686,21,0.8938552737236023
1686902133.739293,22,0.893480122089386
1686902149.9009142,23,0.8934391736984253
1686902167.0527506,24,0.8931919932365417
1686902187.5764718,25,0.8936153054237366
1686902211.4504716,26,0.8925197124481201
1686902237.6570258,27,0.8929191827774048
1686902264.933248,28,0.8912860155105591
1686902292.8158495,29,0.8921718597412109
1686902320.2081194,30,0.8902894258499146
