Wall time,Step,Value
1686901713.3107016,1,0.8762825727462769
1686901728.743256,2,0.8753458857536316
1686901741.3855863,3,0.8754462599754333
1686901756.80222,4,0.8751350045204163
1686901769.6257448,5,0.8752511739730835
1686901785.127747,6,0.8750962018966675
1686901800.9778163,7,0.8746956586837769
1686901823.4433322,8,0.8748930096626282
1686901847.4801462,9,0.8741809129714966
1686901871.3494067,10,0.8744192719459534
1686901894.9899256,11,0.8739562630653381
1686901927.970389,12,0.8738747239112854
1686901967.4917784,13,0.8736441731452942
1686902112.147887,14,0.8733610510826111
1686902213.0400152,15,0.8734375238418579
1686902288.438366,16,0.8728649020195007
1686902386.1254666,17,0.8729691505432129
1686902476.0213227,18,0.8725510239601135
1686902571.7686234,19,0.8722865581512451
1686902665.4133248,20,0.8721348643302917
1686902764.276393,21,0.8720422983169556
1686902846.5788963,22,0.8718594312667847
1686902943.8746004,23,0.8719431161880493
1686903020.1736794,24,0.8717209100723267
1686903107.649613,25,0.871461033821106
1686903200.8785646,26,0.8712500929832458
1686903293.6116843,27,0.871108889579773
1686903378.724402,28,0.8710313439369202
1686903477.4238133,29,0.871008574962616
1686903574.4024863,30,0.8707166910171509
