Wall time,Step,Value
1686902201.9497013,1,0.8216624855995178
1686902293.7397566,2,0.8257430195808411
1686902392.544452,3,0.830483615398407
1686902500.6193624,4,0.8303039073944092
1686902596.0060754,5,0.8321712613105774
1686902697.5903516,6,0.8322893977165222
1686902804.5891254,7,0.8308337330818176
1686902901.7871003,8,0.8315247893333435
1686902995.4276917,9,0.8301308751106262
1686903090.500203,10,0.8308454751968384
1686903191.2358842,11,0.8311589956283569
1686903285.9772935,12,0.8300677537918091
1686903376.3628168,13,0.83151775598526
1686903466.6852627,14,0.8300207853317261
1686903559.7142935,15,0.8309180736541748
1686903646.0212045,16,0.8289231061935425
1686903719.8560388,17,0.8309924006462097
1686903799.179341,18,0.8294382095336914
1686903881.1021624,19,0.8307502865791321
1686903960.5196185,20,0.8290284276008606
1686904041.3919296,21,0.8299087882041931
1686904124.388845,22,0.8296499252319336
1686904203.5600173,23,0.8291991353034973
1686904264.7019184,24,0.8296443819999695
1686904323.9717274,25,0.8295102119445801
1686904378.9196334,26,0.8290586471557617
1686904429.4769437,27,0.8280173540115356
1686904466.4267278,28,0.8290470838546753
1686904489.8113267,29,0.8301320672035217
1686904511.2183864,30,0.8292367458343506
