Wall time,Step,Value
1686902248.4754903,1,0.8818740248680115
1686902273.0964096,2,0.8838263750076294
1686902293.8899763,3,0.8905358910560608
1686902315.945395,4,0.8918331861495972
1686902337.3490944,5,0.8922515511512756
1686902360.969429,6,0.8910840749740601
1686902384.3074934,7,0.8921486139297485
1686902408.0465002,8,0.8931539058685303
1686902433.9376512,9,0.8929231762886047
1686902459.806397,10,0.8929615616798401
1686902482.8533015,11,0.8925068378448486
1686902509.0787897,12,0.8917900323867798
1686902533.8083827,13,0.8922647833824158
1686902560.7322354,14,0.8925546407699585
1686902583.3541605,15,0.8917249441146851
1686902605.3058903,16,0.8919132947921753
1686902633.4251213,17,0.8923682570457458
1686902660.5403874,18,0.8913383483886719
1686902681.5531502,19,0.8920104503631592
1686902707.5128977,20,0.891126811504364
1686902735.495671,21,0.8919814229011536
1686902758.1231265,22,0.8928813934326172
1686902780.8084755,23,0.8926757574081421
1686902808.3210003,24,0.8935197591781616
1686902837.190028,25,0.8929179310798645
1686902859.7867877,26,0.8926287889480591
1686902886.9389596,27,0.8926053643226624
1686902913.1780639,28,0.8913465738296509
1686902940.7632048,29,0.8932048678398132
1686902963.7794106,30,0.8905530571937561
