Wall time,Step,Value
1687717630.67875,0,0.830597996711731
1687717667.2146835,1,0.8368502259254456
1687717696.867213,2,0.8387990593910217
1687717725.5397985,3,0.8406482338905334
1687717757.4165554,4,0.8409247398376465
1687717786.2750838,5,0.8412173390388489
1687717815.2649376,6,0.8412321209907532
1687717843.4406064,7,0.8413634300231934
1687717871.8829026,8,0.8414978981018066
1687717901.5402231,9,0.8411500453948975
1687717930.0835924,10,0.8412967324256897
1687717959.2310545,11,0.8410192131996155
1687717988.8279912,12,0.8408415913581848
1687718017.2157764,13,0.8405771255493164
1687718047.789534,14,0.8404844999313354
1687718080.1878586,15,0.8405063152313232
1687718112.027401,16,0.8401811718940735
1687718142.508193,17,0.8397783041000366
1687718172.9007204,18,0.8399694561958313
1687718203.3635948,19,0.8395244479179382
1687718234.1687465,20,0.8392044901847839
1687718263.6793242,21,0.8391324281692505
1687718295.356965,22,0.8388996124267578
1687718329.347093,23,0.838553249835968
1687718364.7446904,24,0.8388733267784119
1687718397.1500578,25,0.8385471701622009
1687718428.9109743,26,0.8380216360092163
1687718461.8083143,27,0.8380627036094666
1687718495.223667,28,0.8378741145133972
1687718525.8994336,29,0.8379183411598206
1687718559.0814745,30,0.8374167084693909
