Wall time,Step,Value
1687939144.152354,0,0.8305853009223938
1687939172.2747567,1,0.8330445289611816
1687939197.255378,2,0.8361315727233887
1687939222.8993974,3,0.8373775482177734
1687939247.527721,4,0.8380922079086304
1687939272.934075,5,0.8385993242263794
1687939297.8793156,6,0.8392099142074585
1687939321.4057713,7,0.8387810587882996
1687939344.9519534,8,0.839282751083374
1687939368.3768265,9,0.8389148116111755
1687939392.4704306,10,0.8393944501876831
1687939417.323298,11,0.8390129804611206
1687939441.7619324,12,0.8389350175857544
1687939466.8934994,13,0.8385943174362183
1687939491.9489446,14,0.8385145664215088
1687939517.693576,15,0.8378577828407288
1687939542.1625307,16,0.8381161689758301
1687939566.3691294,17,0.8376024961471558
1687939589.9156663,18,0.837490975856781
1687939614.268737,19,0.8372628092765808
1687939638.341991,20,0.8366785645484924
1687939663.8891091,21,0.8370712399482727
1687939687.9047832,22,0.8361287713050842
1687939712.9681706,23,0.8364657163619995
1687939736.9802155,24,0.8359014391899109
1687939755.2720392,25,0.8358573317527771
1687939771.43536,26,0.835247814655304
1687939787.7098572,27,0.8348625302314758
1687939803.5052085,28,0.8361300826072693
1687939819.273052,29,0.8335162997245789
1687939835.2117336,30,0.8360061049461365
