Wall time,Step,Value
1687939067.3516567,0,0.8331735134124756
1687939087.69413,1,0.8381085395812988
1687939107.1465223,2,0.8410691022872925
1687939128.106117,3,0.8413239121437073
1687939154.5456233,4,0.8418477773666382
1687939179.3004,5,0.8420370817184448
1687939202.7693388,6,0.8425641059875488
1687939225.4704957,7,0.8423095941543579
1687939249.6341515,8,0.8420642018318176
1687939273.9598558,9,0.8421470522880554
1687939296.0747285,10,0.8420944213867188
1687939319.7218225,11,0.8416033983230591
1687939343.5194364,12,0.8417563438415527
1687939366.1895003,13,0.8414047360420227
1687939389.4557548,14,0.8412441611289978
1687939411.0259597,15,0.8411865830421448
1687939433.2858355,16,0.8406091928482056
1687939454.5327163,17,0.841067910194397
1687939476.2055316,18,0.840276300907135
1687939498.8904793,19,0.8405994772911072
1687939519.8967733,20,0.8400366902351379
1687939542.6615465,21,0.8400852680206299
1687939565.771894,22,0.8397329449653625
1687939588.458097,23,0.8396692872047424
1687939610.81595,24,0.8394702672958374
1687939632.969855,25,0.8390652537345886
1687939654.3003294,26,0.838993489742279
1687939676.6397767,27,0.8387812972068787
1687939698.114639,28,0.8386525511741638
1687939719.4290645,29,0.8384754657745361
1687939743.32532,30,0.8381094336509705
