Wall time,Step,Value
1687720454.1133194,0,0.8191235065460205
1687720459.0894942,1,0.8560260534286499
1687720463.9200435,2,0.8727750778198242
1687720469.2845242,3,0.8775043487548828
1687720474.977044,4,0.8801704049110413
1687720480.852417,5,0.8825986385345459
1687720486.3002357,6,0.8845137357711792
1687720491.6764858,7,0.8855726718902588
1687720497.1683517,8,0.8868851661682129
1687720502.532232,9,0.8878771662712097
1687720508.0502198,10,0.8889601230621338
1687720513.7708173,11,0.8892406821250916
1687720519.8742507,12,0.8901070952415466
1687720525.3606617,13,0.8905013203620911
1687720530.8037622,14,0.8909972906112671
1687720536.3183248,15,0.8917784094810486
1687720542.0444255,16,0.8921791315078735
1687720547.8459306,17,0.8922079205513
1687720553.9281702,18,0.8926836848258972
1687720559.6658416,19,0.8929198384284973
1687720565.3313549,20,0.8933641910552979
1687720571.0995336,21,0.8933195471763611
1687720575.8350782,22,0.8939335346221924
1687720580.5352817,23,0.8938630819320679
1687720585.1884313,24,0.8941910862922668
1687720590.2444313,25,0.8944238424301147
1687720595.03309,26,0.8943418264389038
1687720599.6056442,27,0.8948430418968201
1687720604.3209887,28,0.8947179317474365
1687720608.9232607,29,0.8949835896492004
1687720613.6187267,30,0.8951388597488403
