Wall time,Step,Value
1687718966.1621435,0,0.8660263419151306
1687719008.0670197,1,0.8733450174331665
1687719039.5093513,2,0.8758101463317871
1687719064.6633282,3,0.8772314190864563
1687719090.9181402,4,0.8782405257225037
1687719119.4815824,5,0.8781768679618835
1687719148.75757,6,0.8786957263946533
1687719178.3877368,7,0.8790244460105896
1687719208.296452,8,0.8789963722229004
1687719236.8687544,9,0.878689169883728
1687719264.0616894,10,0.878718912601471
1687719292.3259246,11,0.8787330985069275
1687719323.1609173,12,0.8784474730491638
1687719352.5541499,13,0.8784815073013306
1687719382.2398539,14,0.8785955905914307
1687719409.936979,15,0.8780650496482849
1687719439.1613705,16,0.878081738948822
1687719467.7136848,17,0.8778662085533142
1687719497.4360898,18,0.877989649772644
1687719526.729885,19,0.8777586817741394
1687719553.8565786,20,0.8773274421691895
1687719582.647999,21,0.877352237701416
1687719611.6632888,22,0.8774390816688538
1687719641.1467977,23,0.876882791519165
1687719670.717333,24,0.8770211338996887
1687719698.3659801,25,0.8768771290779114
1687719726.270714,26,0.8766242861747742
1687719755.0581899,27,0.8767487406730652
1687719784.2484162,28,0.8762307167053223
1687719813.0575664,29,0.8764851093292236
1687719841.2527192,30,0.8760388493537903
