Wall time,Step,Value
1687718966.1708438,0,0.8660263419151306
1687719027.4322703,1,0.8723565936088562
1687719075.4444768,2,0.8759605288505554
1687719113.1464686,3,0.8775797486305237
1687719146.9322999,4,0.8781020641326904
1687719180.0535862,5,0.8786846399307251
1687719210.4887943,6,0.8795834183692932
1687719242.9188404,7,0.8797094821929932
1687719275.6669364,8,0.8789434432983398
1687719309.1296523,9,0.8797556161880493
1687719340.7471836,10,0.8796622157096863
1687719374.3770123,11,0.8790457844734192
1687719414.2660391,12,0.8794076442718506
1687719447.241743,13,0.8794429302215576
1687719479.3045259,14,0.8787439465522766
1687719519.1995525,15,0.8788967728614807
1687719549.824001,16,0.8785778880119324
1687719582.5829713,17,0.8788226246833801
1687719615.039803,18,0.8781684637069702
1687719646.8045292,19,0.8781711459159851
1687719679.7179499,20,0.8782052397727966
1687719714.3971353,21,0.8779138922691345
1687719752.2048922,22,0.8776114583015442
1687719791.3903604,23,0.8777661323547363
1687719823.7497413,24,0.8771080374717712
1687719852.891148,25,0.877440869808197
1687719876.4397614,26,0.8771258592605591
1687719899.8073902,27,0.8767703175544739
1687719917.9823399,28,0.8769331574440002
1687719933.153126,29,0.876448929309845
1687719948.5243344,30,0.8766669631004333
