Wall time,Step,Value
1687721235.2292895,0,0.8328886032104492
1687721262.5608668,1,0.8353646993637085
1687721294.5818872,2,0.8369807600975037
1687721324.9501703,3,0.8379437327384949
1687721356.7996914,4,0.8386136889457703
1687721388.2799165,5,0.8390506505966187
1687721417.961586,6,0.8394688367843628
1687721445.5951567,7,0.8397222757339478
1687721475.8806272,8,0.8398716449737549
1687721507.8925803,9,0.8400580286979675
1687721548.1554751,10,0.8403197526931763
1687721577.386947,11,0.8405375480651855
1687721608.7498093,12,0.8405290842056274
1687721637.6961923,13,0.8406901359558105
1687721667.9310887,14,0.840791642665863
1687721713.5415056,15,0.840890645980835
1687721744.2553754,16,0.8409307599067688
1687721772.7232094,17,0.8410065174102783
1687721806.6022327,18,0.8409245014190674
1687721836.7079988,19,0.8409326076507568
1687721870.6629739,20,0.8410307168960571
1687721905.8251686,21,0.8410804867744446
1687721936.5273688,22,0.8410625457763672
1687721968.395644,23,0.8409814238548279
1687722005.5229778,24,0.8411126136779785
1687722047.4928892,25,0.8410075306892395
1687722078.280477,26,0.8409367799758911
1687722108.4020076,27,0.8409454226493835
1687722137.9118202,28,0.8409301042556763
1687722168.1417496,29,0.8408976197242737
1687722189.801763,30,0.8408949971199036
