Wall time,Step,Value
1687721196.0935981,0,0.8328886032104492
1687721224.6202028,1,0.8346841931343079
1687721256.9524035,2,0.8348169326782227
1687721287.2069626,3,0.8346580862998962
1687721320.784393,4,0.8353335857391357
1687721352.638899,5,0.8351802825927734
1687721388.1275096,6,0.8347992300987244
1687721422.968402,7,0.8347547054290771
1687721457.4300468,8,0.8351364731788635
1687721487.6973157,9,0.8353325128555298
1687721520.1847868,10,0.8350688815116882
1687721558.672657,11,0.8355667591094971
1687721589.8912828,12,0.835822582244873
1687721622.5263646,13,0.8356223702430725
1687721664.0849946,14,0.8353450894355774
1687721705.1499143,15,0.8352721333503723
1687721742.5203247,16,0.8355348706245422
1687721783.118828,17,0.835594117641449
1687721813.5059824,18,0.8359256386756897
1687721843.4319003,19,0.8358460068702698
1687721876.1538925,20,0.8357492089271545
1687721904.7029347,21,0.8357335329055786
1687721934.8902464,22,0.8360171318054199
1687721973.8367462,23,0.8359381556510925
1687722009.156568,24,0.8360918164253235
1687722046.666438,25,0.8362162709236145
1687722078.4008203,26,0.8362892866134644
1687722111.7371898,27,0.8364585041999817
1687722144.6887171,28,0.8365569710731506
1687722174.3466866,29,0.8365770578384399
1687722194.4849558,30,0.8367733955383301
