Wall time,Step,Value
1685353067.1089692,0,0.801112174987793
1685353173.264051,1,0.8069741129875183
1685353190.2483423,2,0.810181200504303
1685353207.0959978,3,0.8149147033691406
1685353223.6902225,4,0.8170662522315979
1685353240.784402,5,0.8188415765762329
1685353257.343733,6,0.8204535841941833
1685353273.7951455,7,0.8214799165725708
1685353290.0944693,8,0.8226665258407593
1685353306.1874578,9,0.8223682045936584
1685353322.5304785,10,0.8236477375030518
1685353339.382458,11,0.8234617114067078
1685353355.7711465,12,0.8212057948112488
1685353372.4408317,13,0.822569727897644
1685353389.1963022,14,0.8225134611129761
1685353405.7959583,15,0.8249126076698303
1685353422.4549496,16,0.8262749910354614
1685353438.0669007,17,0.8271013498306274
1685353454.7572286,18,0.8276347517967224
1685353470.7577834,19,0.8271230459213257
1685353487.6495938,20,0.8263828754425049
1685353504.2677672,21,0.826700747013092
1685353520.5496047,22,0.8239414095878601
1685353538.1307838,23,0.8264280557632446
1685353554.5540876,24,0.8268370628356934
1685353570.841178,25,0.8271344304084778
1685353587.1957202,26,0.8288300037384033
1685353603.7475038,27,0.8286349177360535
1685353620.552547,28,0.8295031785964966
1685353636.8995743,29,0.8297348618507385
