Wall time,Step,Value
1685524099.7383537,0,0.8464969396591187
1685524253.3359072,1,0.870465099811554
1685524544.4550092,2,0.8791934847831726
1685524837.4715517,3,0.8835245370864868
1685525124.0602067,4,0.8879871368408203
1685525420.3327904,5,0.890371561050415
1685525719.761941,6,0.8926868438720703
1685526029.240073,7,0.8943784832954407
1685526330.2001877,8,0.8974572420120239
1685526630.9372036,9,0.8977739810943604
1685526928.3896816,10,0.8985999226570129
1685527230.6213822,11,0.8986854553222656
1685527523.8017416,12,0.9009919762611389
1685527810.8969858,13,0.9015336036682129
1685528089.0054605,14,0.9031392931938171
1685528359.9444928,15,0.903739869594574
1685528642.6811857,16,0.904292643070221
1685528910.708259,17,0.9050033688545227
1685529176.7023096,18,0.9052945375442505
1685529446.2592473,19,0.9060736894607544
1685529729.923805,20,0.9055708050727844
1685530006.3579977,21,0.9064090847969055
1685530295.0350869,22,0.9073867797851562
1685530588.7263439,23,0.9073564410209656
1685530892.4883456,24,0.9090243577957153
1685531193.4632764,25,0.9089886546134949
1685531502.927822,26,0.9086015224456787
1685531848.6546216,27,0.9102817177772522
1685532202.6628401,28,0.9093202352523804
1685532450.997718,29,0.9092718362808228
