Wall time,Step,Value
1685533966.6688154,0,0.8840242028236389
1685534086.0145915,1,0.9076480269432068
1685534208.5565808,2,0.9142268300056458
1685534330.823643,3,0.9179427623748779
1685534455.0090656,4,0.9230821132659912
1685534603.3609643,5,0.9253823161125183
1685534720.47446,6,0.9271811842918396
1685534859.715497,7,0.9277350306510925
1685534974.1227047,8,0.9303091168403625
1685535090.5631268,9,0.9305524826049805
1685535210.0669563,10,0.9317225217819214
1685535325.8946624,11,0.9320336580276489
1685535431.4191873,12,0.9331965446472168
1685535478.7640154,13,0.93294757604599
1685535505.848777,14,0.9347124099731445
1685535533.6626234,15,0.9352335929870605
1685535558.23783,16,0.9345557689666748
1685535581.8472843,17,0.9351825714111328
1685535604.2594182,18,0.935551106929779
1685535640.262377,19,0.9355780482292175
1685535670.422477,20,0.9333358407020569
1685535758.8331292,21,0.9350129961967468
1685535861.7912028,22,0.9371834993362427
1685535901.2420976,23,0.9380903840065002
1685535984.8026018,24,0.9384546279907227
1685536038.9241185,25,0.9370959997177124
1685536133.6873646,26,0.9386450052261353
1685536251.954324,27,0.9400085210800171
1685536375.0275648,28,0.9403255581855774
1685536515.2730873,29,0.9399383068084717
