Wall time,Step,Value
1685534079.5531523,0,0.8437157869338989
1685534201.199949,1,0.844566285610199
1685534324.2802973,2,0.8453989624977112
1685534449.3525052,3,0.8478007912635803
1685534597.9014452,4,0.8487458825111389
1685534714.6454532,5,0.8480538725852966
1685534853.9182882,6,0.8461675047874451
1685534968.4238539,7,0.8467918038368225
1685535084.9938338,8,0.8454033136367798
1685535204.830587,9,0.8456745743751526
1685535320.1261947,10,0.8466174006462097
1685535425.8749583,11,0.8456506133079529
1685535475.710489,12,0.8452571630477905
1685535502.6491332,13,0.8455886840820312
1685535530.8767376,14,0.844993531703949
1685535555.1005425,15,0.8420813679695129
1685535579.062768,16,0.8428092002868652
1685535601.6278698,17,0.8433084487915039
1685535635.3876865,18,0.8434159159660339
1685535665.6086829,19,0.8410198092460632
1685535754.67593,20,0.840678334236145
1685535858.9191656,21,0.8465874791145325
1685535898.383729,22,0.8455315232276917
1685535980.1206775,23,0.8432127833366394
1685536034.6753428,24,0.8429833650588989
1685536128.9190543,25,0.8430314064025879
1685536247.3718657,26,0.845403790473938
1685536369.4101946,27,0.8446296453475952
1685536509.870206,28,0.8443798422813416
1685536644.3271232,29,0.8452500104904175
