Wall time,Step,Value
1685358075.4705522,0,0.9232909083366394
1685358275.9639962,1,0.9281182289123535
1685358361.9776924,2,0.9294247031211853
1685358381.1941204,3,0.9295825958251953
1685358397.9161975,4,0.893815279006958
1685358414.7622147,5,0.9281488656997681
1685358431.5740814,6,0.9334721565246582
1685358447.8961267,7,0.9353702068328857
1685358464.8010051,8,0.938439130783081
1685358481.2827187,9,0.941326916217804
1685358497.9826233,10,0.9424442648887634
1685358514.655404,11,0.9435931444168091
1685358532.0902193,12,0.9440584778785706
1685358549.0563948,13,0.9453073143959045
1685358566.4811716,14,0.9444137811660767
1685358583.4232948,15,0.9459276795387268
1685358599.8053992,16,0.9468160271644592
1685358616.9747922,17,0.9474108219146729
1685358632.620813,18,0.947948157787323
1685358649.1207018,19,0.9473975896835327
1685358666.281761,20,0.9472725987434387
1685358683.4836004,21,0.9478244185447693
1685358700.6619182,22,0.9469828605651855
1685358717.0664241,23,0.9484408497810364
1685358734.814016,24,0.948160707950592
1685358751.7933266,25,0.9477881193161011
1685358768.9203906,26,0.948127031326294
1685358785.8333774,27,0.9474818706512451
1685358803.1032937,28,0.9492151737213135
1685358814.7511015,29,0.9489876627922058
