Wall time,Step,Value
1685540337.875024,0,0.7724323272705078
1685540502.0351741,1,0.7800902128219604
1685540667.078568,2,0.7835348844528198
1685540836.3414314,3,0.7817739248275757
1685541025.5125294,4,0.7817479968070984
1685541185.7726042,5,0.7809690833091736
1685541334.9153829,6,0.7802351117134094
1685541481.7345874,7,0.7821176648139954
1685541628.4475327,8,0.7801153659820557
1685541788.2896512,9,0.7820037007331848
1685541944.6148868,10,0.7787983417510986
1685542119.883113,11,0.7798303365707397
1685542294.8375978,12,0.776654064655304
1685542469.8007047,13,0.7785695195198059
1685542639.514441,14,0.7764046788215637
1685542806.1692123,15,0.7773639559745789
1685542961.1380193,16,0.7769734263420105
1685543121.053553,17,0.774424135684967
1685543278.3245432,18,0.7781901359558105
1685543435.7876425,19,0.7755271196365356
1685543595.2374053,20,0.7772948145866394
1685543752.2224097,21,0.7749974727630615
1685543903.02077,22,0.7768528461456299
1685544066.0635622,23,0.7750066518783569
1685544228.559076,24,0.7735694646835327
1685544415.0741432,25,0.7758863568305969
1685544631.8930361,26,0.7762426137924194
1685544861.5295613,27,0.7735158801078796
1685545124.4684963,28,0.7775862216949463
1685545261.4643137,29,0.7759233117103577
