Wall time,Step,Value
1685524246.6584892,0,0.7765121459960938
1685524530.2775624,1,0.771882951259613
1685524824.0288246,2,0.7783640027046204
1685525112.7271297,3,0.7737641334533691
1685525408.3789206,4,0.7734925746917725
1685525708.7568145,5,0.7745903134346008
1685526018.867422,6,0.7764299511909485
1685526316.7385619,7,0.7738816738128662
1685526619.9350286,8,0.7743811011314392
1685526916.3634834,9,0.7739861607551575
1685527219.815399,10,0.774751603603363
1685527513.4090626,11,0.7743780016899109
1685527800.468596,12,0.7743886113166809
1685528080.896263,13,0.7739467024803162
1685528350.426955,14,0.7745965123176575
1685528630.5670738,15,0.7735428214073181
1685528900.0107424,16,0.773080050945282
1685529167.7941597,17,0.7727324962615967
1685529433.6953793,18,0.772407054901123
1685529718.512227,19,0.7706717848777771
1685529997.3799362,20,0.7719116806983948
1685530283.1081185,21,0.7726103067398071
1685530577.3200016,22,0.771847665309906
1685530880.7466938,23,0.7730993628501892
1685531181.5037112,24,0.7730263471603394
1685531489.102451,25,0.7690603733062744
1685531835.4019208,26,0.7703676819801331
1685532188.6007936,27,0.7704675793647766
1685532443.8542116,28,0.7704530954360962
1685532491.720887,29,0.7708430886268616
