Wall time,Step,Value
1688904475.232587,0,0.8186880350112915
1688904480.8859246,1,0.8861084580421448
1688904486.3209956,2,0.8887983560562134
1688904492.3124807,3,0.8945306539535522
1688904498.3064504,4,0.8938111662864685
1688904504.4095654,5,0.8958526849746704
1688904510.3444052,6,0.8996907472610474
1688904516.5125625,7,0.898857057094574
1688904523.882012,8,0.89737868309021
1688904532.4559488,9,0.8988062739372253
1688904542.6359353,10,0.8983703255653381
1688904552.664425,11,0.9004881381988525
1688904564.2307012,12,0.8943846225738525
1688904577.7395167,13,0.8994305729866028
1688904592.4000762,14,0.8990478515625
1688904607.0628786,15,0.8951815366744995
1688904621.3479495,16,0.8956844806671143
1688904636.1628728,17,0.898220956325531
1688904650.4116197,18,0.8971271514892578
1688904665.2381334,19,0.8988973498344421
1688904679.6355903,20,0.8985174298286438
1688904694.2192316,21,0.8990116119384766
1688904708.6183379,22,0.8988310098648071
1688904723.3002176,23,0.8987378478050232
1688904737.7426095,24,0.898026704788208
1688904752.2853775,25,0.8970850110054016
1688904766.9796746,26,0.8961745500564575
1688904781.6304858,27,0.8967925906181335
1688904796.1588542,28,0.8981060981750488
1688904810.4396052,29,0.8972808718681335
1688904825.4312882,30,0.8968125581741333
