Wall time,Step,Value
1688906983.0863383,0,0.8179606199264526
1688906994.988965,1,0.8590721487998962
1688907007.569979,2,0.874358057975769
1688907022.06387,3,0.8770509362220764
1688907036.8681142,4,0.8786767721176147
1688907050.957921,5,0.8815615773200989
1688907065.4058485,6,0.88409423828125
1688907080.2257702,7,0.8857524394989014
1688907093.902726,8,0.8869467377662659
1688907108.1082273,9,0.8874500393867493
1688907123.7847788,10,0.8884548544883728
1688907137.3770046,11,0.8888302445411682
1688907151.2843487,12,0.8903127312660217
1688907166.3680215,13,0.8897703289985657
1688907181.8255613,14,0.8906051516532898
1688907195.5054457,15,0.8915827870368958
1688907208.604598,16,0.8913789391517639
1688907222.2564583,17,0.8920556306838989
1688907234.902609,18,0.8923923969268799
1688907246.217333,19,0.8920475840568542
1688907258.1376457,20,0.8934540152549744
1688907268.5399823,21,0.8935689330101013
1688907279.1219535,22,0.8929426670074463
1688907288.92259,23,0.8937351703643799
1688907298.5750043,24,0.8944555521011353
1688907307.0004802,25,0.8942689895629883
1688907314.1637204,26,0.8939182758331299
1688907320.8561287,27,0.8944385647773743
1688907327.044149,28,0.8946828842163086
1688907332.6270614,29,0.8946741819381714
1688907338.5870914,30,0.8945591449737549
