Wall time,Step,Value
1688904489.2598958,0,0.8186880350112915
1688904495.5982275,1,0.8794897198677063
1688904501.6468709,2,0.8921432495117188
1688904507.7252245,3,0.8922090530395508
1688904513.6391017,4,0.8989722728729248
1688904520.389192,5,0.8992376923561096
1688904528.809714,6,0.9002423882484436
1688904538.0182896,7,0.9011698961257935
1688904547.7455502,8,0.9004571437835693
1688904558.3449638,9,0.9011462926864624
1688904572.2181246,10,0.9001246690750122
1688904588.1235836,11,0.8987988829612732
1688904603.4482918,12,0.8986737728118896
1688904618.0787575,13,0.9002869725227356
1688904633.0359473,14,0.9009745717048645
1688904647.9542632,15,0.8997548818588257
1688904662.5546465,16,0.8977795243263245
1688904677.818733,17,0.8994986414909363
1688904692.1052942,18,0.8999868035316467
1688904705.734817,19,0.8988310098648071
1688904721.4085135,20,0.9000282883644104
1688904735.8810983,21,0.900949239730835
1688904750.430077,22,0.901283860206604
1688904765.05503,23,0.8999242782592773
1688904779.7067826,24,0.8984734416007996
1688904795.1677392,25,0.8983306288719177
1688904810.5902493,26,0.8992233276367188
1688904825.3603597,27,0.900442898273468
1688904838.3936393,28,0.9003092646598816
1688904850.3093731,29,0.8994041681289673
1688904861.9953556,30,0.8989715576171875
