Wall time,Step,Value
1688904481.0595493,0,0.8186880350112915
1688904486.7905934,1,0.8859823942184448
1688904492.9046786,2,0.8944134712219238
1688904498.9600852,3,0.8988566398620605
1688904504.9900053,4,0.8981221318244934
1688904510.9950383,5,0.8997990489006042
1688904517.5052686,6,0.8997693061828613
1688904524.993815,7,0.9005147218704224
1688904533.6021955,8,0.9012123942375183
1688904543.3421924,9,0.9010846018791199
1688904553.7507715,10,0.8997021317481995
1688904565.4630508,11,0.9000411629676819
1688904578.5190856,12,0.901374101638794
1688904592.9152262,13,0.9006374478340149
1688904607.4602404,14,0.8990842700004578
1688904622.2544796,15,0.9003100991249084
1688904636.7121255,16,0.8992182016372681
1688904651.1635716,17,0.9009477496147156
1688904665.8535995,18,0.900097668170929
1688904680.534252,19,0.8994237780570984
1688904694.8185287,20,0.8995183706283569
1688904709.1750548,21,0.9005892872810364
1688904723.983139,22,0.9004446268081665
1688904738.6004868,23,0.90129154920578
1688904753.2623928,24,0.8997831344604492
1688904767.7354183,25,0.9011238217353821
1688904782.3304882,26,0.9004479050636292
1688904796.958137,27,0.8993523120880127
1688904811.3571546,28,0.8999255895614624
1688904826.5809813,29,0.8982043266296387
1688904839.8016043,30,0.8994458317756653
