Wall time,Step,Value
1685115945.6245856,0,0.8587461709976196
1685116283.3987296,1,0.9009132385253906
1685116377.2312343,2,0.9093972444534302
1685116395.6772113,3,0.9123567342758179
1685116412.7891674,4,0.9155548810958862
1685116430.0997224,5,0.917007327079773
1685116448.4089391,6,0.9169715642929077
1685116463.9223492,7,0.9192209839820862
1685116475.9594445,8,0.9199492931365967
1685116486.3215985,9,0.920099675655365
1685116499.3359034,10,0.9212986826896667
1685116510.5990415,11,0.9222257137298584
1685116523.1336184,12,0.9219908118247986
1685116534.9222887,13,0.9231811761856079
1685116546.5818834,14,0.9228836894035339
1685116558.2569208,15,0.9239006638526917
1685116569.6619303,16,0.9247265458106995
1685116582.3197713,17,0.9250857830047607
1685116595.5667922,18,0.9255520105361938
1685116606.9667273,19,0.9243206977844238
1685116619.0694134,20,0.9238244891166687
1685116630.7001884,21,0.9240971207618713
1685116642.7405117,22,0.9216880202293396
1685116653.5017638,23,0.9251018762588501
1685116665.184138,24,0.923865556716919
1685116677.1846242,25,0.924259603023529
1685116689.1036944,26,0.926514744758606
1685116701.4585142,27,0.9239158034324646
1685116713.4141667,28,0.926796019077301
1685116725.1329181,29,0.9271113872528076
