Wall time,Step,Value
1685105581.2281075,0,0.622565746307373
1685105887.7015307,1,0.7904672622680664
1685105905.578879,2,0.8502656817436218
1685105918.4032955,3,0.8909717798233032
1685105933.1519644,4,0.8837549686431885
1685105945.5991006,5,0.8974605798721313
1685105957.5247023,6,0.9039340615272522
1685105972.2691712,7,0.9053763151168823
1685105990.9364514,8,0.9074954986572266
1685106004.7078514,9,0.9106767177581787
1685106017.077881,10,0.9121397137641907
1685106034.80159,11,0.913229763507843
1685106046.4400403,12,0.9140982031822205
1685106057.070382,13,0.915781557559967
1685106067.8253117,14,0.9162924289703369
1685106081.7088232,15,0.9178506135940552
1685106093.3489556,16,0.9186236262321472
1685106105.8924582,17,0.9195052981376648
1685106120.418689,18,0.9200557470321655
1685106134.8435986,19,0.9201847910881042
1685106146.401082,20,0.920578122138977
1685106160.0078886,21,0.9204020500183105
1685106173.0620146,22,0.9207289814949036
1685106184.868996,23,0.922261118888855
1685106198.1831782,24,0.9217039942741394
1685106209.957045,25,0.9204972982406616
1685106222.397227,26,0.9200280904769897
1685106236.386868,27,0.9219961166381836
1685106246.911735,28,0.9170412421226501
1685106257.683672,29,0.9220150113105774
