Wall time,Step,Value
1685114705.417438,0,0.7259029150009155
1685114770.6485555,1,0.746863067150116
1685114800.116054,2,0.7525005340576172
1685114819.8146796,3,0.756769061088562
1685114831.6313941,4,0.7593154907226562
1685114851.1470249,5,0.7609211206436157
1685114869.4719725,6,0.7625534534454346
1685114880.6726387,7,0.7640771269798279
1685114896.5526373,8,0.7648114562034607
1685114909.2724476,9,0.7656258344650269
1685114920.915919,10,0.767634391784668
1685114932.259336,11,0.7676095366477966
1685114943.4282403,12,0.7691240906715393
1685114954.8412075,13,0.7694510817527771
1685114965.94622,14,0.7715109586715698
1685114977.1236722,15,0.7719873189926147
1685114988.295604,16,0.7731795310974121
1685114999.71046,17,0.7738184332847595
1685115011.0300539,18,0.7738022804260254
1685115022.3441427,19,0.7758599519729614
1685115035.4580243,20,0.7763639092445374
1685115049.837993,21,0.7759932279586792
1685115062.313755,22,0.7765272259712219
1685115077.1709032,23,0.7768986821174622
1685115092.4969254,24,0.7784958481788635
1685115107.7200413,25,0.7784985899925232
1685115129.881802,26,0.7782604694366455
1685115141.295455,27,0.7791969776153564
1685115153.7029147,28,0.7796323299407959
1685115174.483499,29,0.7799850702285767
