Wall time,Step,Value
1685351333.7100744,0,0.9008188247680664
1685351413.235316,1,0.9032356142997742
1685351492.9573193,2,0.9190848469734192
1685351520.8533785,3,0.9198510050773621
1685351536.540146,4,0.9267678260803223
1685351552.9549081,5,0.9292708039283752
1685351568.049911,6,0.9319010972976685
1685351582.822164,7,0.9325761198997498
1685351602.7837787,8,0.9344698786735535
1685351617.7100692,9,0.9337124824523926
1685351633.661064,10,0.9363512396812439
1685351649.7724707,11,0.9358071088790894
1685351665.903775,12,0.9350689053535461
1685351682.0068417,13,0.9355320930480957
1685351697.8901036,14,0.934870719909668
1685351711.259567,15,0.9366240501403809
1685351727.408277,16,0.9347648620605469
1685351743.4605622,17,0.9379003643989563
1685351758.7578273,18,0.9384140372276306
1685351774.8242128,19,0.9359774589538574
1685351791.8405485,20,0.9309098720550537
1685351807.4948332,21,0.9351957440376282
1685351823.3614416,22,0.9344778656959534
1685351835.2479994,23,0.9382653832435608
1685351847.0728712,24,0.934934139251709
1685351857.7022817,25,0.9361550211906433
1685351868.4433012,26,0.9407804012298584
1685351880.1398966,27,0.9417060613632202
1685351892.1674716,28,0.9432006478309631
1685351903.9160748,29,0.9422389268875122
