Wall time,Step,Value
1685357516.2942429,0,0.8090420365333557
1685357531.3361301,1,0.8022488355636597
1685357546.100498,2,0.8098494410514832
1685357561.0610006,3,0.8156455755233765
1685357575.534482,4,0.8227296471595764
1685357591.5639017,5,0.8248793482780457
1685357606.3515809,6,0.8262089490890503
1685357621.6386595,7,0.8274505138397217
1685357638.9583242,8,0.828764796257019
1685357655.0858638,9,0.8287067413330078
1685357671.5537586,10,0.8301029205322266
1685357686.992565,11,0.8304470777511597
1685357703.1953728,12,0.8311499953269958
1685357727.7084346,13,0.8316757678985596
1685357743.0275753,14,0.8309292793273926
1685357758.4056213,15,0.8321787118911743
1685357773.1523964,16,0.8323194980621338
1685357788.1993282,17,0.8335086107254028
1685357804.0602357,18,0.8336104154586792
1685357820.390909,19,0.8329069018363953
1685357836.2772849,20,0.8318635821342468
1685357851.9986434,21,0.8305522203445435
1685357866.524819,22,0.8275976777076721
1685357883.3574915,23,0.8309005498886108
1685357898.7425368,24,0.8307874798774719
1685357916.4095097,25,0.8313446640968323
1685357932.0048258,26,0.8327648639678955
1685357947.813852,27,0.8332034945487976
1685357963.807586,28,0.8337388038635254
1685357976.4739552,29,0.8361915349960327
