Wall time,Step,Value
1685540178.4838576,0,0.8418951034545898
1685540345.4523993,1,0.8633344173431396
1685540509.4587533,2,0.8697194457054138
1685540674.8846595,3,0.8754169344902039
1685540843.801127,4,0.8793677091598511
1685541034.2977867,5,0.8824691772460938
1685541192.75838,6,0.8840378522872925
1685541342.9453492,7,0.8845143914222717
1685541489.626753,8,0.8868911862373352
1685541636.3419223,9,0.8878869414329529
1685541796.1927793,10,0.8892333507537842
1685541952.8191004,11,0.8898283839225769
1685542128.3218415,12,0.8907783031463623
1685542303.0102036,13,0.8925543427467346
1685542478.4869905,14,0.8935010433197021
1685542647.1369765,15,0.8928402662277222
1685542814.1619911,16,0.8942404985427856
1685542969.607963,17,0.8960464000701904
1685543128.7694743,18,0.8961473703384399
1685543286.2878988,19,0.8978768587112427
1685543442.9288576,20,0.8960672616958618
1685543603.0218482,21,0.8976821303367615
1685543760.081314,22,0.8989032506942749
1685543910.1784294,23,0.8999567031860352
1685544073.7342882,24,0.8998786807060242
1685544235.476733,25,0.899224579334259
1685544422.8769896,26,0.9000767469406128
1685544640.4562154,27,0.9014824628829956
1685544868.8439155,28,0.8999032378196716
1685545132.3902326,29,0.9019582271575928
