Wall time,Step,Value
1685547355.8107355,0,0.7604814171791077
1685547476.531082,1,0.7565688490867615
1685547620.351625,2,0.7637134194374084
1685547734.0762482,3,0.7633344531059265
1685547775.2357635,4,0.761959433555603
1685547838.7144847,5,0.7645582556724548
1685547971.6702344,6,0.7657902836799622
1685548013.702526,7,0.7647091746330261
1685548164.026206,8,0.7629046440124512
1685548299.0896912,9,0.7629155516624451
1685548447.8337114,10,0.759276270866394
1685548586.721812,11,0.7601592540740967
1685548761.849078,12,0.7611371874809265
1685548900.795759,13,0.7590307593345642
1685549036.657149,14,0.7610771059989929
1685549166.5984113,15,0.759917140007019
1685549340.7182298,16,0.7615948915481567
1685549507.7315738,17,0.760960042476654
1685549655.6430533,18,0.7608702182769775
1685549808.8733153,19,0.7600875496864319
1685549958.460126,20,0.7575105428695679
1685550065.0508182,21,0.7593465447425842
1685550152.1617846,22,0.7616948485374451
1685550310.6694336,23,0.7612709999084473
1685550356.5258346,24,0.7600024342536926
1685550515.4901412,25,0.7553449273109436
1685550705.2761788,26,0.7630373239517212
1685550811.0391943,27,0.7576407790184021
1685550873.8583875,28,0.7606732249259949
1685551039.0208373,29,0.7610124945640564
