Wall time,Step,Value
1692000868.1757169,0,0.8656177520751953
1692000914.423199,1,0.8723453283309937
1692000955.0900078,2,0.8766496181488037
1692000996.71925,3,0.8766587972640991
1692001036.503856,4,0.879106342792511
1692001076.7764668,5,0.8774713277816772
1692001117.3954053,6,0.8777074813842773
1692001155.0680552,7,0.8788793087005615
1692001194.4673953,8,0.8786944150924683
1692001235.0026195,9,0.8787952661514282
1692001273.7739553,10,0.8786791563034058
1692001316.3140419,11,0.8782037496566772
1692001354.343087,12,0.8788201808929443
1692001394.5339632,13,0.8778486251831055
1692001434.3572965,14,0.8782538175582886
1692001472.7350342,15,0.8779686689376831
1692001511.392664,16,0.8775401711463928
1692001552.372228,17,0.8778769373893738
1692001591.6186545,18,0.8775510787963867
1692001633.7464702,19,0.877350389957428
1692001674.5058715,20,0.8774365186691284
1692001715.5119312,21,0.8772755265235901
1692001753.8711042,22,0.8770886063575745
1692001795.2816582,23,0.8770648241043091
1692001837.5967946,24,0.8770308494567871
1692001877.4498885,25,0.8770252466201782
1692001918.319673,26,0.8769679069519043
1692001957.904908,27,0.8769050240516663
1692002000.0174286,28,0.8768529891967773
1692002040.2177136,29,0.8768109679222107
1692002082.5830257,30,0.8767794370651245
