Wall time,Step,Value
1691999094.1340458,0,30.36070442199707
1691999131.856171,1,30.96088409423828
1691999175.291288,2,30.946027755737305
1691999215.8656306,3,30.839252471923828
1691999265.6916404,4,30.934995651245117
1691999305.476512,5,31.0256404876709
1691999347.0763783,6,30.972997665405273
1691999388.587134,7,30.925260543823242
1691999428.4341938,8,30.981531143188477
1691999471.1696675,9,30.88119125366211
1691999512.7689104,10,30.89019203186035
1691999554.4431865,11,30.89289665222168
1691999598.5840669,12,30.860761642456055
1691999640.6626477,13,30.830280303955078
1691999680.7170532,14,30.828649520874023
1691999724.181376,15,30.811077117919922
1691999766.6937118,16,30.793874740600586
1691999804.9335153,17,30.769580841064453
1691999847.426382,18,30.761157989501953
1691999886.187052,19,30.76099395751953
1691999927.5064745,20,30.740013122558594
1691999965.2787282,21,30.726688385009766
1692000003.9756293,22,30.71292495727539
1692000045.8663044,23,30.710840225219727
1692000083.9075108,24,30.71065902709961
1692000109.572446,25,30.69912338256836
1692000126.5694962,26,30.693876266479492
1692000141.068014,27,30.696931838989258
1692000156.343388,28,30.688274383544922
1692000170.7489374,29,30.686372756958008
1692000186.3176947,30,30.681900024414062
