Wall time,Step,Value
1691877695.1377459,0,0.8309105634689331
1691877720.212992,1,0.8321191072463989
1691877753.219622,2,0.833229660987854
1691877783.7153757,3,0.8373180627822876
1691877817.9964056,4,0.8381849527359009
1691877852.3259692,5,0.8373766541481018
1691877890.1733902,6,0.8386580944061279
1691877922.2722864,7,0.8386971950531006
1691877955.4587078,8,0.838067352771759
1691877987.4455075,9,0.8383660912513733
1691878022.040655,10,0.8380155563354492
1691878057.980757,11,0.8378574848175049
1691878089.3670707,12,0.837752103805542
1691878124.7752213,13,0.8371878266334534
1691878159.3493044,14,0.8370431661605835
1691878189.0195558,15,0.8367852568626404
1691878224.1823277,16,0.8365055918693542
1691878259.4877882,17,0.8362258076667786
1691878296.6302102,18,0.8361170291900635
1691878330.9230466,19,0.8360930681228638
1691878361.6983793,20,0.8356704711914062
1691878396.131948,21,0.8355570435523987
1691878429.2354035,22,0.8354235887527466
1691878463.634788,23,0.8353410959243774
1691878498.3614938,24,0.8352295756340027
1691878534.8928633,25,0.8350605368614197
1691878566.843591,26,0.8349604606628418
1691878603.1918063,27,0.8349847197532654
1691878639.6832318,28,0.8348903656005859
1691878675.640862,29,0.8348058462142944
1691878712.0999432,30,0.8347513675689697
