Wall time,Step,Value
1691953229.0239878,0,33.61547088623047
1691953266.5126262,1,34.27894592285156
1691953302.876476,2,34.626220703125
1691953340.5870001,3,34.529510498046875
1691953378.6128643,4,34.78728485107422
1691953416.572876,5,34.889068603515625
1691953452.3856432,6,34.875518798828125
1691953490.4900649,7,35.0255126953125
1691953525.7113774,8,35.02790832519531
1691953564.1322627,9,34.99357604980469
1691953600.5750866,10,34.988956451416016
1691953634.0494158,11,34.99546813964844
1691953669.7266638,12,35.00092697143555
1691953708.3218212,13,35.01198196411133
1691953745.8349817,14,35.040714263916016
1691953781.6598525,15,35.02414321899414
1691953820.6315143,16,35.02902603149414
1691953860.383386,17,35.02366638183594
1691953896.783017,18,35.00621032714844
1691953931.1921127,19,35.000274658203125
1691953967.6923833,20,34.99933624267578
1691954003.5119514,21,35.0007438659668
1691954039.1402333,22,35.000308990478516
1691954074.4116821,23,34.995235443115234
1691954111.4031699,24,34.98857116699219
1691954148.301903,25,34.987823486328125
1691954187.3018882,26,34.987796783447266
1691954222.6305757,27,34.98468017578125
1691954254.9705248,28,34.983829498291016
1691954282.6801553,29,34.980552673339844
1691954299.4012277,30,34.980098724365234
