Wall time,Step,Value
1691879321.666718,0,30.60588264465332
1691879355.2777529,1,31.026458740234375
1691879387.3515575,2,31.206052780151367
1691879419.2100832,3,31.268020629882812
1691879452.7595825,4,31.32430648803711
1691879487.174114,5,31.310518264770508
1691879522.8790195,6,31.34261131286621
1691879556.0522978,7,31.342227935791016
1691879589.485179,8,31.346052169799805
1691879621.0358565,9,31.274032592773438
1691879651.9275916,10,31.318998336791992
1691879685.0244758,11,31.344974517822266
1691879716.2550583,12,31.299346923828125
1691879744.4574573,13,31.318368911743164
1691879777.7651238,14,31.287038803100586
1691879809.4685194,15,31.227201461791992
1691879841.682918,16,31.274194717407227
1691879875.4494853,17,31.263469696044922
1691879908.0955443,18,31.22998809814453
1691879940.6347988,19,31.226211547851562
1691879972.2152479,20,31.230838775634766
1691880007.0668535,21,31.219852447509766
1691880040.5573924,22,31.208126068115234
1691880072.8648016,23,31.20217514038086
1691880103.4870913,24,31.201107025146484
1691880137.4039125,25,31.20162582397461
1691880170.2935317,26,31.193628311157227
1691880202.6199052,27,31.19196891784668
1691880235.0921316,28,31.188602447509766
1691880264.1453192,29,31.185131072998047
1691880297.6768873,30,31.181730270385742
