Wall time,Step,Value
1691879324.5159357,0,30.60588264465332
1691879359.7993991,1,30.913616180419922
1691879392.8942976,2,31.2103271484375
1691879426.4665992,3,31.27056121826172
1691879458.6503627,4,31.25168228149414
1691879492.484207,5,31.20411491394043
1691879524.7856472,6,31.260242462158203
1691879557.5950649,7,31.209518432617188
1691879590.450477,8,31.26384925842285
1691879620.6252818,9,31.21742057800293
1691879652.8925836,10,31.21599006652832
1691879686.9241362,11,31.188695907592773
1691879718.90632,12,31.1530704498291
1691879751.9598157,13,31.16900062561035
1691879785.5452635,14,31.14679718017578
1691879819.6080942,15,31.112089157104492
1691879852.3384476,16,31.10171890258789
1691879883.7223942,17,31.091251373291016
1691879916.2503579,18,31.089147567749023
1691879951.4075773,19,31.082233428955078
1691879984.9441895,20,31.066740036010742
1691880018.3414376,21,31.04969024658203
1691880050.9269767,22,31.04233169555664
1691880083.3004656,23,31.04218292236328
1691880116.810222,24,31.030452728271484
1691880147.5372756,25,31.02880096435547
1691880179.399138,26,31.027650833129883
1691880212.4767268,27,31.0194091796875
1691880246.3678584,28,31.016082763671875
1691880281.5062542,29,31.010257720947266
1691880311.172264,30,31.009965896606445
