Wall time,Step,Value
1691877754.9649568,0,30.51791763305664
1691877786.876402,1,30.7689266204834
1691877822.1359339,2,31.011707305908203
1691877858.7905316,3,31.068572998046875
1691877892.0221934,4,31.01913070678711
1691877926.1406922,5,31.113279342651367
1691877962.0776334,6,31.030473709106445
1691877997.399086,7,31.058277130126953
1691878032.1751256,8,31.094446182250977
1691878064.9454362,9,31.02390480041504
1691878097.353251,10,31.07151985168457
1691878131.2026205,11,31.031761169433594
1691878165.470329,12,30.998703002929688
1691878200.150545,13,31.023101806640625
1691878234.6916711,14,30.969463348388672
1691878266.0179198,15,30.973939895629883
1691878300.7370706,16,30.973648071289062
1691878334.4467592,17,30.937047958374023
1691878368.3275669,18,30.931747436523438
1691878403.052628,19,30.93271827697754
1691878437.1439562,20,30.9085693359375
1691878470.7179427,21,30.9029598236084
1691878504.5665998,22,30.89847755432129
1691878539.7626204,23,30.89290428161621
1691878574.7172432,24,30.886791229248047
1691878609.9153755,25,30.877290725708008
1691878644.4937634,26,30.871410369873047
1691878678.4286134,27,30.87013053894043
1691878712.819707,28,30.868932723999023
1691878729.930209,29,30.864990234375
1691878743.0635412,30,30.860332489013672
