Wall time,Step,Value
1691879324.5159698,0,0.867307722568512
1691879359.799423,1,0.871518075466156
1691879392.8943346,2,0.8765465617179871
1691879426.4666252,3,0.8781850337982178
1691879458.6503863,4,0.8783479928970337
1691879492.4842436,5,0.8780220746994019
1691879524.7856681,6,0.8776138424873352
1691879557.595114,7,0.8780924677848816
1691879590.4505227,8,0.8778150677680969
1691879620.625303,9,0.877785861492157
1691879652.8926158,10,0.8776943683624268
1691879686.9241538,11,0.8772554993629456
1691879718.9063463,12,0.8773837089538574
1691879751.959845,13,0.8771976828575134
1691879785.545284,14,0.8769614696502686
1691879819.6081283,15,0.8767790198326111
1691879852.3384717,16,0.8764514923095703
1691879883.7224283,17,0.8765110969543457
1691879916.2503808,18,0.8763931393623352
1691879951.4075975,19,0.8762269020080566
1691879984.944501,20,0.876181960105896
1691880018.3414612,21,0.8758957386016846
1691880050.9269974,22,0.8758611679077148
1691880083.3005047,23,0.875891387462616
1691880116.810247,24,0.8756760954856873
1691880147.5372996,25,0.8756697177886963
1691880179.3991635,26,0.8756487369537354
1691880212.4767628,27,0.8755913972854614
1691880246.3678894,28,0.8755422830581665
1691880281.5062785,29,0.8755015730857849
1691880311.172285,30,0.8754978775978088
