Wall time,Step,Value
1692002188.422223,0,33.52204132080078
1692002227.8815584,1,34.077247619628906
1692002269.019048,2,34.70948791503906
1692002311.3321192,3,34.83625030517578
1692002350.3586996,4,34.76688766479492
1692002395.99778,5,34.686134338378906
1692002437.1673458,6,34.912166595458984
1692002476.0568523,7,34.869327545166016
1692002512.9746945,8,34.798030853271484
1692002552.3702216,9,34.904701232910156
1692002592.4518,10,34.90261459350586
1692002631.1831152,11,34.83784103393555
1692002670.0730605,12,34.86744689941406
1692002710.7498877,13,34.90665054321289
1692002749.401005,14,34.84053421020508
1692002784.8811681,15,34.845123291015625
1692002821.9345238,16,34.873046875
1692002857.8985426,17,34.8545036315918
1692002903.5386343,18,34.838401794433594
1692002945.457462,19,34.84139633178711
1692002986.72978,20,34.8481330871582
1692003025.220859,21,34.84701919555664
1692003063.1060169,22,34.830326080322266
1692003104.319645,23,34.830326080322266
1692003149.4441457,24,34.82322311401367
1692003187.7616267,25,34.830257415771484
1692003230.0060015,26,34.82637405395508
1692003272.4520266,27,34.82663345336914
1692003311.921654,28,34.82073974609375
1692003349.5252697,29,34.8173942565918
1692003385.2920263,30,34.82078552246094
