Wall time,Step,Value
1691878767.7668667,0,30.866992950439453
1691878775.0386744,1,32.34090042114258
1691878783.1726449,2,32.62517547607422
1691878791.1248918,3,32.68549728393555
1691878799.9179237,4,32.72891616821289
1691878809.9679856,5,32.802005767822266
1691878819.4677038,6,32.834896087646484
1691878828.4655926,7,32.822021484375
1691878838.2006524,8,32.80024337768555
1691878847.1177378,9,32.8236083984375
1691878857.0967486,10,32.82657241821289
1691878866.317693,11,32.786842346191406
1691878875.579397,12,32.77969741821289
1691878885.0678647,13,32.76710510253906
1691878893.7464194,14,32.75633239746094
1691878903.2810838,15,32.7584228515625
1691878912.7640765,16,32.73237991333008
1691878922.295095,17,32.72185516357422
1691878931.4822245,18,32.72256851196289
1691878940.9856265,19,32.70493698120117
1691878950.5493977,20,32.68621063232422
1691878959.4087644,21,32.6927490234375
1691878968.3033803,22,32.686336517333984
1691878977.47622,23,32.67127990722656
1691878986.5769458,24,32.66812515258789
1691878996.5715444,25,32.66773986816406
1691879004.2629216,26,32.66219711303711
1691879012.213143,27,32.656578063964844
1691879019.9129264,28,32.654273986816406
1691879027.1113436,29,32.65223693847656
1691879033.7877712,30,32.6474494934082
