Wall time,Step,Value
1691878780.468485,0,0.8179606199264526
1691878788.6665308,1,0.8778233528137207
1691878796.5590734,2,0.8852235674858093
1691878806.2430913,3,0.890660285949707
1691878814.9454632,4,0.8924555778503418
1691878823.9376645,5,0.8937124013900757
1691878833.211171,6,0.8940167427062988
1691878842.7321713,7,0.8943452835083008
1691878851.1784148,8,0.8946272730827332
1691878860.0001106,9,0.8950086832046509
1691878869.150905,10,0.8947849273681641
1691878878.3740633,11,0.8944988250732422
1691878887.5846689,12,0.8949407935142517
1691878897.1889672,13,0.8949949741363525
1691878906.1787872,14,0.8946853280067444
1691878915.1714895,15,0.8945857286453247
1691878924.591936,16,0.8943919539451599
1691878933.779348,17,0.8945388197898865
1691878942.8353004,18,0.8944582939147949
1691878951.4550698,19,0.8943502306938171
1691878960.5682795,20,0.8943721055984497
1691878969.8180766,21,0.8942907452583313
1691878979.5027444,22,0.8942261338233948
1691878988.9701507,23,0.8941532373428345
1691878997.8664963,24,0.8940582871437073
1691879005.7356987,25,0.894113302230835
1691879013.7789404,26,0.8940586447715759
1691879020.9502904,27,0.8940315246582031
1691879027.688877,28,0.8939566016197205
1691879034.4468873,29,0.8939725160598755
1691879039.6446033,30,0.8940010666847229
