Wall time,Step,Value
1691953202.5175602,0,0.8968337178230286
1691953240.1902432,1,0.9082445502281189
1691953275.4954143,2,0.9119541049003601
1691953310.6325936,3,0.9133498072624207
1691953346.7471988,4,0.9136719107627869
1691953384.664629,5,0.9150208830833435
1691953422.0449905,6,0.9148713946342468
1691953457.5901024,7,0.914395272731781
1691953495.9323306,8,0.9151703715324402
1691953533.751471,9,0.915815532207489
1691953569.1928837,10,0.915876030921936
1691953606.3024118,11,0.9157876968383789
1691953645.431322,12,0.9160447120666504
1691953682.6170278,13,0.9161581993103027
1691953718.8926697,14,0.9161865711212158
1691953755.6687582,15,0.9162926077842712
1691953794.5633295,16,0.9162957072257996
1691953832.0052986,17,0.9162481427192688
1691953866.9639003,18,0.9162064790725708
1691953904.1883037,19,0.9162971377372742
1691953943.0405164,20,0.9162536859512329
1691953980.7606013,21,0.9162619113922119
1691954018.5354526,22,0.9162063002586365
1691954058.5282052,23,0.91623854637146
1691954096.1704597,24,0.9162102341651917
1691954135.4720294,25,0.9162425994873047
1691954173.4427607,26,0.916199266910553
1691954209.5468395,27,0.9162211418151855
1691954241.9314291,28,0.9161806106567383
1691954272.517822,29,0.9161615371704102
1691954293.9972367,30,0.9161776304244995
