Wall time,Step,Value
1691877677.7572424,0,30.51791763305664
1691877695.5653477,1,30.72332000732422
1691877721.3092158,2,31.050796508789062
1691877757.372478,3,30.79319953918457
1691877791.5871725,4,31.06861114501953
1691877825.44418,5,31.091129302978516
1691877858.3924754,6,31.031675338745117
1691877892.779541,7,31.055553436279297
1691877927.4225717,8,31.06568717956543
1691877963.3553576,9,31.01900863647461
1691877999.320791,10,31.030500411987305
1691878035.8419156,11,30.984230041503906
1691878071.1192033,12,30.99178695678711
1691878109.033493,13,30.94683265686035
1691878144.2647276,14,30.938613891601562
1691878180.186737,15,30.938343048095703
1691878215.4078927,16,30.905914306640625
1691878250.3877373,17,30.888643264770508
1691878283.9485714,18,30.887252807617188
1691878319.1731784,19,30.886157989501953
1691878355.4896393,20,30.86331558227539
1691878391.352732,21,30.846275329589844
1691878425.4920528,22,30.8372802734375
1691878462.5999267,23,30.845813751220703
1691878496.869382,24,30.840965270996094
1691878530.3304396,25,30.82305908203125
1691878568.073627,26,30.818946838378906
1691878604.6163933,27,30.823854446411133
1691878639.9285154,28,30.816200256347656
1691878672.5336144,29,30.812589645385742
1691878707.3682134,30,30.8074951171875
