Wall time,Step,Value
1691879322.2792044,0,0.867307722568512
1691879362.291094,1,0.8748533129692078
1691879393.3840418,2,0.8775599598884583
1691879428.04577,3,0.876833438873291
1691879460.3932607,4,0.8787924647331238
1691879492.1505108,5,0.8790001273155212
1691879524.9777255,6,0.8791824579238892
1691879560.3047462,7,0.8785005807876587
1691879592.3241878,8,0.8787024617195129
1691879625.812097,9,0.8793501257896423
1691879658.8459783,10,0.8787846565246582
1691879692.9933863,11,0.8783196210861206
1691879725.9404836,12,0.8788127899169922
1691879757.7694256,13,0.8783132433891296
1691879791.6373646,14,0.8782052993774414
1691879824.0861502,15,0.8782508373260498
1691879856.1094544,16,0.8781276345252991
1691879890.10534,17,0.878007709980011
1691879921.2353094,18,0.8777652382850647
1691879952.251078,19,0.8777704834938049
1691879982.8462157,20,0.8777686953544617
1691880014.5420482,21,0.8776684403419495
1691880048.946531,22,0.8774988055229187
1691880083.2797768,23,0.8774515986442566
1691880114.057756,24,0.8774170875549316
1691880147.4199927,25,0.8774217367172241
1691880180.487102,26,0.8773274421691895
1691880216.0182106,27,0.8773015141487122
1691880250.6869664,28,0.8772698044776917
1691880282.8280118,29,0.8772618174552917
1691880311.4195912,30,0.8772256970405579
