Wall time,Step,Value
1688983366.4953482,0,0.8643192052841187
1688983399.172152,1,0.8671259880065918
1688983437.9471827,2,0.8730116486549377
1688983479.6688192,3,0.876389741897583
1688983534.6760113,4,0.8765759468078613
1688983596.5510573,5,0.8783938884735107
1688983658.4980292,6,0.878426194190979
1688983718.645687,7,0.8788607120513916
1688983776.4550238,8,0.8795543313026428
1688983840.9072306,9,0.8784516453742981
1688983904.4744306,10,0.8788519501686096
1688983966.8677173,11,0.8782411217689514
1688984031.7503045,12,0.8782791495323181
1688984095.5185108,13,0.877890944480896
1688984156.5715609,14,0.877705991268158
1688984219.446612,15,0.8775608539581299
1688984281.5797455,16,0.8775913715362549
1688984345.1946406,17,0.8774273991584778
1688984405.3768544,18,0.8771582841873169
1688984471.1528943,19,0.8773082494735718
1688984531.3655012,20,0.8768848776817322
1688984588.916587,21,0.8768765330314636
1688984649.5060403,22,0.8768988251686096
1688984709.9369142,23,0.8767527937889099
1688984772.3091402,24,0.8766487240791321
1688984826.653329,25,0.8765717148780823
1688984888.0508225,26,0.8765177726745605
1688984946.9085472,27,0.8765438795089722
1688985005.6753001,28,0.8764458298683167
1688985062.7521596,29,0.8764141798019409
1688985108.7234006,30,0.8763458728790283
