Wall time,Step,Value
1688983462.4250975,0,0.867307722568512
1688983510.0635388,1,0.873694896697998
1688983570.5501144,2,0.8762744069099426
1688983631.3231552,3,0.8779947757720947
1688983688.937748,4,0.8789709806442261
1688983745.5543501,5,0.8785690665245056
1688983807.844349,6,0.879984974861145
1688983865.3259594,7,0.8795046210289001
1688983924.0157795,8,0.8796249032020569
1688983981.7437766,9,0.8785751461982727
1688984038.1797307,10,0.8795230388641357
1688984097.8825934,11,0.8796494603157043
1688984156.614082,12,0.8797423243522644
1688984214.2553596,13,0.8798570036888123
1688984271.5056229,14,0.879132091999054
1688984326.3186083,15,0.8788647651672363
1688984386.7640226,16,0.8791770935058594
1688984449.8616347,17,0.8789430260658264
1688984506.5766006,18,0.878784716129303
1688984567.0395925,19,0.8787306547164917
1688984626.6814177,20,0.8788483142852783
1688984687.3094547,21,0.8787968158721924
1688984750.7992167,22,0.8785871267318726
1688984811.8667603,23,0.8784753680229187
1688984872.2772672,24,0.8784827589988708
1688984930.8304472,25,0.8785277605056763
1688984988.4303718,26,0.8784381747245789
1688985045.0620854,27,0.8783764839172363
1688985094.5027335,28,0.878362774848938
1688985133.993606,29,0.8783285021781921
1688985164.9758835,30,0.8782956600189209
