Wall time,Step,Value
1688983313.3620155,0,0.8643192052841187
1688983330.4518206,1,0.8661274909973145
1688983351.129048,2,0.8718007206916809
1688983383.1324267,3,0.8782687783241272
1688983418.6399202,4,0.8762977123260498
1688983463.4358425,5,0.8802365660667419
1688983513.0175858,6,0.8773752450942993
1688983575.4528422,7,0.8808807134628296
1688983635.8822126,8,0.8793829679489136
1688983704.4842498,9,0.8798609375953674
1688983771.325017,10,0.8797248601913452
1688983838.0035336,11,0.8807553052902222
1688983902.4696956,12,0.8794279098510742
1688983968.2266195,13,0.8802306056022644
1688984029.32305,14,0.8809059858322144
1688984091.757394,15,0.8793414831161499
1688984157.7080297,16,0.8800865411758423
1688984226.1176229,17,0.8797561526298523
1688984292.1532137,18,0.8796771168708801
1688984358.382614,19,0.8795661330223083
1688984420.3403907,20,0.8794196844100952
1688984484.9955404,21,0.8796823620796204
1688984547.2332551,22,0.879326581954956
1688984613.83679,23,0.8792945742607117
1688984682.826245,24,0.8791968822479248
1688984751.5969636,25,0.8792231678962708
1688984814.4071457,26,0.8791696429252625
1688984879.6914423,27,0.8791061639785767
1688984941.2829022,28,0.8790760040283203
1688985005.3666675,29,0.8789446353912354
1688985062.3709888,30,0.878965437412262
