Wall time,Step,Value
1688979603.6878514,0,0.8179606199264526
1688979616.6334531,1,0.8756270408630371
1688979630.821528,2,0.8874989748001099
1688979646.57374,3,0.8911606073379517
1688979661.7428784,4,0.8935328722000122
1688979677.2477407,5,0.8950598835945129
1688979692.164247,6,0.8937397599220276
1688979708.043985,7,0.8958587050437927
1688979723.6061025,8,0.8960616588592529
1688979739.2003772,9,0.8967485427856445
1688979754.457893,10,0.8961284756660461
1688979770.037525,11,0.8962854146957397
1688979785.2294989,12,0.896592915058136
1688979800.9914768,13,0.8958923816680908
1688979816.5240607,14,0.8964072465896606
1688979831.3152192,15,0.8964400291442871
1688979845.692579,16,0.8958379030227661
1688979859.300354,17,0.8962249755859375
1688979872.3746703,18,0.8962632417678833
1688979884.4812703,19,0.8959221839904785
1688979897.122219,20,0.8958430886268616
1688979907.8383121,21,0.8960142135620117
1688979918.525013,22,0.8959553241729736
1688979927.8189063,23,0.8957747220993042
1688979937.682701,24,0.8957675695419312
1688979947.06977,25,0.8958344459533691
1688979955.1246963,26,0.8957269787788391
1688979963.0541532,27,0.8956730961799622
1688979969.9192255,28,0.8956704139709473
1688979976.2839458,29,0.8956832885742188
1688979982.2841053,30,0.8956419229507446
