Wall time,Step,Value
1688983321.4884048,0,0.8643192052841187
1688983337.9518945,1,0.8700535297393799
1688983361.2045665,2,0.8729608654975891
1688983390.6790047,3,0.8766335844993591
1688983427.250153,4,0.8775702714920044
1688983471.3346062,5,0.8791452646255493
1688983526.8711843,6,0.8782523274421692
1688983584.5157967,7,0.8780960440635681
1688983646.3565755,8,0.879786491394043
1688983710.618041,9,0.8790435194969177
1688983774.2575488,10,0.8786727786064148
1688983834.607816,11,0.8797212243080139
1688983894.2992911,12,0.8796951770782471
1688983955.4922025,13,0.8792527318000793
1688984017.2337449,14,0.8792049288749695
1688984072.4464989,15,0.8790606260299683
1688984134.1560202,16,0.8791455626487732
1688984197.8839128,17,0.8788992166519165
1688984254.7530138,18,0.8788162469863892
1688984314.0131655,19,0.8787816166877747
1688984372.1266112,20,0.8787577152252197
1688984431.4182978,21,0.8786810636520386
1688984487.3964446,22,0.8786032199859619
1688984546.5076675,23,0.8784397840499878
1688984615.2159154,24,0.8784115314483643
1688984681.6930935,25,0.8783663511276245
1688984738.5230207,26,0.8783614039421082
1688984801.8118093,27,0.8783102631568909
1688984863.7037988,28,0.8782849907875061
1688984925.3386295,29,0.8782293200492859
1688984985.4846938,30,0.8781890273094177
