Wall time,Step,Value
1688729111.253625,0,0.8185661435127258
1688729115.358233,1,0.8782193660736084
1688729118.7249832,2,0.8880417346954346
1688729122.109721,3,0.8949370980262756
1688729125.566541,4,0.8970364332199097
1688729129.006237,5,0.8966701626777649
1688729132.3681304,6,0.8978599309921265
1688729135.7238429,7,0.898228645324707
1688729139.0508835,8,0.8977294564247131
1688729142.4379594,9,0.8969712257385254
1688729145.7979655,10,0.8980919122695923
1688729149.162709,11,0.8965238332748413
1688729152.5904024,12,0.8982377648353577
1688729156.0093844,13,0.8969982862472534
1688729159.3809001,14,0.8973793387413025
1688729162.7892592,15,0.8978692889213562
1688729166.1891274,16,0.8985342979431152
1688729169.562977,17,0.8978513479232788
1688729172.9535117,18,0.8968806862831116
1688729176.311385,19,0.8973882794380188
1688729179.7144713,20,0.8970436453819275
1688729183.0627003,21,0.8945519924163818
1688729186.472569,22,0.8966992497444153
1688729189.8586679,23,0.8984554409980774
1688729193.2016077,24,0.8943639993667603
1688729196.58353,25,0.8911193013191223
1688729199.9549203,26,0.8941138982772827
1688729203.3851676,27,0.8907246589660645
1688729206.751952,28,0.8916140198707581
1688729210.1164563,29,0.8974968194961548
1688729213.4809136,30,0.8908048868179321
