Wall time,Step,Value
1688731249.2184703,0,0.830235481262207
1688731305.3325255,1,0.8234809041023254
1688731375.3301666,2,0.8362929821014404
1688731462.957848,3,0.8366926312446594
1688731549.6584961,4,0.8390311002731323
1688731639.5949366,5,0.8389215469360352
1688731728.72006,6,0.8392266631126404
1688731815.4548156,7,0.8389201760292053
1688731902.0277555,8,0.8390769958496094
1688731987.615986,9,0.8383135795593262
1688732069.3713715,10,0.838005542755127
1688732159.0741851,11,0.8380674123764038
1688732250.0562208,12,0.8382452130317688
1688732337.3636544,13,0.8371127247810364
1688732423.5784376,14,0.8352857828140259
1688732509.7211454,15,0.8378352522850037
1688732599.8165061,16,0.834237277507782
1688732687.734815,17,0.8364687561988831
1688732778.4248543,18,0.8329293131828308
1688732867.0093832,19,0.8384038805961609
1688732955.9161067,20,0.8387913703918457
1688733035.3611715,21,0.8379059433937073
1688733115.884844,22,0.8378945589065552
1688733202.5321777,23,0.838496744632721
1688733287.0237117,24,0.8375639915466309
1688733369.9739907,25,0.8356395959854126
1688733447.722404,26,0.8380387425422668
1688733524.5311544,27,0.8383846282958984
1688733584.4518535,28,0.8363890647888184
1688733641.0043776,29,0.8355458378791809
1688733691.1623092,30,0.8362575173377991
