Wall time,Step,Value
1688733796.8217282,0,0.8637089133262634
1688733818.8682928,1,0.8723050355911255
1688733848.6814141,2,0.8793855309486389
1688733879.0841336,3,0.8818023204803467
1688733907.0659375,4,0.8814290761947632
1688733935.1028469,5,0.8813253045082092
1688733964.9558148,6,0.8797459602355957
1688733993.2571106,7,0.8757166266441345
1688734018.351784,8,0.8735225200653076
1688734046.8129184,9,0.8710795044898987
1688734075.3069718,10,0.8773130178451538
1688734106.2492409,11,0.8739234209060669
1688734136.7727544,12,0.8784698247909546
1688734163.7110033,13,0.8798477649688721
1688734189.7087324,14,0.8804333806037903
1688734217.357834,15,0.8810598254203796
1688734245.7642176,16,0.8796695470809937
1688734274.3262017,17,0.8805125951766968
1688734304.4988453,18,0.8800821304321289
1688734331.534259,19,0.8789509534835815
1688734358.5767505,20,0.8790283203125
1688734385.4112687,21,0.8779720067977905
1688734413.4411464,22,0.8779667615890503
1688734440.7163053,23,0.8773530721664429
1688734469.9771173,24,0.8768802285194397
1688734496.297638,25,0.8795030117034912
1688734524.4843805,26,0.8741708993911743
1688734552.2566955,27,0.8784629106521606
1688734580.1466303,28,0.8785243630409241
1688734607.7282116,29,0.8781923055648804
1688734635.4369044,30,0.8764334917068481
