Wall time,Step,Value
1688731304.2301803,0,0.830235481262207
1688731376.6941628,1,0.8262012004852295
1688731468.397381,2,0.8332703709602356
1688731547.3743575,3,0.8384442329406738
1688731632.5244133,4,0.8389217853546143
1688731724.3996713,5,0.8397756218910217
1688731814.5507717,6,0.8411323428153992
1688731902.187149,7,0.840071976184845
1688731985.9032974,8,0.8394492268562317
1688732068.9463723,9,0.8372330665588379
1688732146.1909697,10,0.8347321152687073
1688732238.7027862,11,0.8374013304710388
1688732318.1437705,12,0.8274849653244019
1688732403.7920682,13,0.8381546139717102
1688732496.4994273,14,0.8364353179931641
1688732582.0655093,15,0.835548460483551
1688732658.905245,16,0.8385559320449829
1688732750.7400498,17,0.8378929495811462
1688732836.7623355,18,0.8379243612289429
1688732926.1574404,19,0.8383047580718994
1688733022.7705445,20,0.83702152967453
1688733105.847421,21,0.8366149067878723
1688733191.1649954,22,0.8366548418998718
1688733281.5432622,23,0.8335335850715637
1688733369.1870651,24,0.836530327796936
1688733445.7528791,25,0.8358293175697327
1688733520.526559,26,0.8332452178001404
1688733583.250139,27,0.8348830342292786
1688733641.1704054,28,0.8373748064041138
1688733692.3464284,29,0.836823046207428
1688733727.968576,30,0.8367414474487305
