Wall time,Step,Value
1688733842.2700047,0,0.8637089133262634
1688733868.9247105,1,0.8759382963180542
1688733894.6358867,2,0.8767992258071899
1688733923.2109895,3,0.8808081746101379
1688733952.628577,4,0.8788327574729919
1688733979.080632,5,0.8793606162071228
1688734010.2696128,6,0.8811171650886536
1688734039.5642262,7,0.879908561706543
1688734067.0198622,8,0.8678920269012451
1688734093.5341468,9,0.8785364031791687
1688734120.1069493,10,0.87669837474823
1688734145.2835958,11,0.8785701990127563
1688734175.5541291,12,0.8811747431755066
1688734206.789653,13,0.8800488114356995
1688734236.4894416,14,0.8806686401367188
1688734265.024359,15,0.8813212513923645
1688734292.3526444,16,0.8811658620834351
1688734320.756199,17,0.8807576298713684
1688734352.1615157,18,0.8786314725875854
1688734382.2112834,19,0.8764898777008057
1688734408.765793,20,0.8772007822990417
1688734435.4359474,21,0.8781206607818604
1688734463.6649015,22,0.8766350150108337
1688734493.9230325,23,0.8763062357902527
1688734520.661592,24,0.8789554238319397
1688734548.431432,25,0.8761959075927734
1688734576.999535,26,0.8788267970085144
1688734603.4741783,27,0.8779221177101135
1688734633.534794,28,0.8775882720947266
1688734653.1225462,29,0.8791967034339905
1688734674.7893336,30,0.8779869675636292
