Wall time,Step,Value
1688731458.5474203,0,0.8665232062339783
1688731544.5758176,1,0.8715330362319946
1688731626.1477644,2,0.8796844482421875
1688731715.7638872,3,0.8807485103607178
1688731796.143068,4,0.8815789222717285
1688731877.3194828,5,0.880761444568634
1688731967.272979,6,0.8807012438774109
1688732048.8527212,7,0.8818114399909973
1688732138.0064673,8,0.8815203309059143
1688732218.9580781,9,0.8809368014335632
1688732312.9277005,10,0.878402054309845
1688732406.174812,11,0.8772069215774536
1688732489.5258064,12,0.8775730729103088
1688732579.8108056,13,0.879844069480896
1688732669.6141453,14,0.8785502910614014
1688732757.446439,15,0.8775228261947632
1688732848.0380647,16,0.8794552683830261
1688732935.0198443,17,0.8807979822158813
1688733025.629232,18,0.8811240792274475
1688733110.828533,19,0.8791607022285461
1688733198.4616814,20,0.8798518180847168
1688733286.3810291,21,0.8805809617042542
1688733369.0393548,22,0.8804677724838257
1688733446.817257,23,0.8801411390304565
1688733526.38068,24,0.8786180019378662
1688733588.4297957,25,0.8772431015968323
1688733645.2588034,26,0.8802919983863831
1688733693.2955475,27,0.8792158365249634
1688733726.5650723,28,0.8797905445098877
1688733747.129884,29,0.8768922686576843
1688733763.019234,30,0.8778238892555237
