Wall time,Step,Value
1694690352.2425265,0,0.844144880771637
1694690393.68155,1,0.8448415398597717
1694690445.5435996,2,0.8449658155441284
1694690496.7918234,3,0.8449035882949829
1694690537.9619138,4,0.8449796438217163
1694690570.9494412,5,0.8449394106864929
1694690611.7416017,6,0.8448983430862427
1694690653.4521575,7,0.8448721170425415
1694690699.9537833,8,0.844792366027832
1694690743.9090023,9,0.8446999192237854
1694690791.6175022,10,0.8446094393730164
