Wall time,Step,Value
1694696023.5214968,0,0.8675985932350159
1694696119.6933067,1,0.8685480356216431
1694696185.650341,2,0.8685898780822754
1694696250.2084296,3,0.8685848116874695
1694696312.1103976,4,0.8688185214996338
1694696393.2930312,5,0.8683702349662781
1694696472.9837828,6,0.8687006235122681
1694696542.810699,7,0.8687605261802673
1694696630.4925992,8,0.8685750365257263
1694696730.532012,9,0.8687645792961121
1694696787.1786544,10,0.8683186173439026
