Wall time,Step,Value
1694690440.9916954,0,0.006152064073830843
1694690488.0540352,1,0.0060310629196465015
1694690556.8193703,2,0.00602234760299325
1694690656.2866163,3,0.006014155689626932
1694690742.5146635,4,0.006010542158037424
1694690820.1636333,5,0.0060089631006121635
1694690863.298518,6,0.006001673638820648
1694690912.0690293,7,0.005999824497848749
1694690959.8491657,8,0.006001086439937353
1694690979.4825184,9,0.006006072275340557
1694691000.2006278,10,0.006011189892888069
