Wall time,Step,Value
1694690390.8197777,0,0.006152064073830843
1694690439.8807757,1,0.006069074384868145
1694690538.367666,2,0.006046331953257322
1694690619.2465725,3,0.006021641660481691
1694690743.9647927,4,0.006001860834658146
1694690824.764517,5,0.006001245696097612
1694690885.8422315,6,0.006005983799695969
1694690908.543605,7,0.006013826932758093
1694690934.209165,8,0.0060260663740336895
1694690955.5571485,9,0.006030036136507988
1694690992.4598753,10,0.0060350350104272366
