Wall time,Step,Value
1694689271.7994428,0,34.417415618896484
1694689348.9298785,1,34.41163635253906
1694689424.3142438,2,34.42062759399414
1694689496.4283993,3,34.42854309082031
1694689530.840368,4,34.43357467651367
1694689611.0139806,5,34.43352127075195
1694689672.9021852,6,34.431549072265625
1694689720.9330082,7,34.42045593261719
1694689787.7101655,8,34.41438293457031
1694689859.0627742,9,34.4084358215332
1694689924.8244247,10,34.401214599609375
