Wall time,Step,Value
1694687150.146667,1,0.0073561472818255424
1694687199.4047115,2,0.007134267594665289
1694687267.5724347,3,0.006954282522201538
1694687330.523741,4,0.006827458273619413
1694687359.9984035,5,0.006706107873469591
1694687434.7420251,6,0.006603113375604153
1694687477.276726,7,0.006520248018205166
1694687515.34508,8,0.006422541569918394
1694687553.517043,9,0.006346026435494423
1694687616.3695834,10,0.006276181433349848
