Wall time,Step,Value
1694688008.2092247,0,0.006154797039926052
1694688035.5864308,1,0.006125039421021938
1694688062.0966423,2,0.00611229008063674
1694688094.0333016,3,0.00611504353582859
1694688136.730182,4,0.006144599989056587
1694688182.8490427,5,0.006151353940367699
1694688231.2955244,6,0.006158674135804176
1694688277.264701,7,0.00615695072337985
1694688353.338,8,0.006158054806292057
1694688426.778989,9,0.0061716060154139996
1694688473.5644639,10,0.006176259368658066
