Wall time,Step,Value
1694687971.0086257,0,32.60531234741211
1694687991.207674,1,32.643104553222656
1694688016.2505367,2,32.63329315185547
1694688043.0424354,3,32.63701629638672
1694688074.2882001,4,32.63999938964844
1694688121.4283576,5,32.64488220214844
1694688171.1373608,6,32.63686752319336
1694688222.6634593,7,32.633060455322266
1694688276.6170678,8,32.62899398803711
1694688314.2808995,9,32.62525939941406
1694688355.450063,10,32.621673583984375
