Wall time,Step,Value
1694696023.5214295,0,0.008473319932818413
1694696119.6932395,1,0.008304279297590256
1694696185.650295,2,0.008290497586131096
1694696250.208386,3,0.008299131877720356
1694696312.1103432,4,0.008283796720206738
1694696393.2929118,5,0.008301476947963238
1694696472.9837322,6,0.008313605561852455
1694696542.8105745,7,0.008312400430440903
1694696630.4925494,8,0.008317059837281704
1694696730.5319598,9,0.008330756798386574
1694696787.178568,10,0.008322193287312984
