Wall time,Step,Value
1694687081.518721,0,0.008473319932818413
1694687114.361888,1,0.008374382741749287
1694687160.2684948,2,0.008357003331184387
1694687250.0524223,3,0.008360222913324833
1694687311.4589686,4,0.008365761488676071
1694687356.6487026,5,0.008375883102416992
1694687396.7859674,6,0.008387314155697823
1694687455.401819,7,0.00839666835963726
1694687498.5655768,8,0.008399334736168385
1694687541.7973235,9,0.008407344110310078
1694687600.249157,10,0.008422360755503178
