Wall time,Step,Value
1694690567.811988,0,0.008473319932818413
1694690665.9396338,1,0.008427890948951244
1694690762.136831,2,0.008371766656637192
1694690862.4240048,3,0.008347097784280777
1694690918.5543914,4,0.008389951661229134
1694690968.9542823,5,0.008367512375116348
1694691000.8328857,6,0.008380750194191933
1694691025.7508943,7,0.008376343175768852
1694691044.7370481,8,0.0083505529910326
1694691069.5620806,9,0.008375533856451511
1694691090.3259547,10,0.008377269841730595
