Wall time,Step,Value
1694689267.7909555,0,0.008410893380641937
1694689359.9678152,1,0.00842342246323824
1694689436.1863015,2,0.00837638322263956
1694689500.201248,3,0.008324773982167244
1694689586.3684707,4,0.008321252651512623
1694689663.907314,5,0.008317899890244007
1694689727.164703,6,0.00833228137344122
1694689808.8508945,7,0.008319185115396976
1694689895.1149013,8,0.008297432214021683
1694689943.7000506,9,0.008312980644404888
1694689973.1536098,10,0.008332835510373116
