Wall time,Step,Value
1694690406.4306738,1,0.005576106254011393
1694690452.6879313,2,0.005338825285434723
1694690537.742839,3,0.005149144679307938
1694690608.7072763,4,0.005045947153121233
1694690649.5051687,5,0.004924648907035589
1694690691.6101704,6,0.004839350935071707
1694690736.255665,7,0.004770815838128328
1694690806.4913068,8,0.004691621288657188
1694690870.3477836,9,0.004636564292013645
1694690912.351896,10,0.004580545239150524
