Wall time,Step,Value
1694689266.3402693,0,34.417415618896484
1694689304.1334407,1,34.4213752746582
1694689339.3476639,2,34.42559051513672
1694689399.6687632,3,34.415687561035156
1694689480.9291577,4,34.4176025390625
1694689572.5287445,5,34.420440673828125
1694689640.2284646,6,34.4188232421875
1694689705.6534462,7,34.40973663330078
1694689787.4965363,8,34.402732849121094
1694689856.5656872,9,34.39573287963867
1694689913.6874535,10,34.385154724121094
