Wall time,Step,Value
1694688158.081245,1,0.007648766506463289
1694688214.9288979,2,0.0073686884716153145
1694688262.4392312,3,0.007148446515202522
1694688300.40062,4,0.007020782679319382
1694688341.2208629,5,0.006910786963999271
1694688384.2115254,6,0.006807627156376839
1694688427.0365615,7,0.006718853488564491
1694688473.7429292,8,0.006634209770709276
1694688507.4305155,9,0.0065646045841276646
1694688542.2435353,10,0.006505069322884083
