Wall time,Step,Value
1694689278.293595,1,0.009479882195591927
1694689354.5701194,2,0.009158613160252571
1694689433.0545666,3,0.008931082673370838
1694689502.9705338,4,0.00877540186047554
1694689535.7627277,5,0.00862874835729599
1694689615.997194,6,0.008511948399245739
1694689677.3091688,7,0.008406468667089939
1694689725.343981,8,0.008303225040435791
1694689794.888155,9,0.008207479491829872
1694689863.7698328,10,0.008120969869196415
