Wall time,Step,Value
1694698443.6007771,0,0.008410893380641937
1694698551.9702766,1,0.008354607038199902
1694698690.6921341,2,0.008339216001331806
1694698796.5140314,3,0.008368808776140213
1694698893.8859508,4,0.008397012017667294
1694698972.2790961,5,0.008387885056436062
1694699050.7151792,6,0.008402838371694088
1694699134.2418394,7,0.00838687177747488
1694699227.627923,8,0.008393908850848675
1694699312.4665174,9,0.008431828580796719
1694699363.4995465,10,0.00842841062694788
