Wall time,Step,Value
1694690390.8198016,0,32.616310119628906
1694690439.8808103,1,32.675933837890625
1694690538.3677514,2,32.68974685668945
1694690619.2465973,3,32.7076530456543
1694690743.964822,4,32.72344207763672
1694690824.7645469,5,32.72411346435547
1694690885.84229,6,32.72075271606445
1694690908.5436292,7,32.714698791503906
1694690934.2091877,8,32.706016540527344
1694690955.5571718,9,32.70293426513672
1694690992.459909,10,32.699188232421875
