Wall time,Step,Value
1694688111.7590208,0,0.8433136343955994
1694688156.281612,1,0.8438571691513062
1694688204.8613846,2,0.8441742062568665
1694688257.1819565,3,0.8442161083221436
1694688294.5836189,4,0.8440899848937988
1694688330.9395876,5,0.8440436124801636
1694688373.1720402,6,0.8439357876777649
1694688421.146383,7,0.8439426422119141
1694688466.7038887,8,0.8439091444015503
1694688503.2148952,9,0.8439018130302429
1694688536.2337534,10,0.8439207673072815
