Wall time,Step,Value
1694689276.169211,0,0.008410893380641937
1694689359.8036442,1,0.008373093791306019
1694689451.5265203,2,0.008350974880158901
1694689542.8703792,3,0.008336038328707218
1694689589.3378053,4,0.00833038054406643
1694689683.2848926,5,0.008331239223480225
1694689747.4571435,6,0.008331555873155594
1694689782.1748538,7,0.008342244662344456
1694689860.8297148,8,0.008352256380021572
1694689925.8755932,9,0.008364591747522354
1694689980.2238789,10,0.008378306403756142
