Wall time,Step,Value
1694688150.544702,0,32.60531234741211
1694688204.4741495,1,32.65373229980469
1694688257.3110437,2,32.652793884277344
1694688294.124955,3,32.64881134033203
1694688333.4970245,4,32.64668273925781
1694688378.486499,5,32.646358489990234
1694688420.9413416,6,32.64781951904297
1694688467.386052,7,32.64961242675781
1694688505.1259136,8,32.646995544433594
1694688536.4846864,9,32.64435577392578
1694688564.061083,10,32.64287185668945
