Wall time,Step,Value
1694688116.4626172,0,0.8433136343955994
1694688168.2270892,1,0.8438165187835693
1694688244.49759,2,0.84416264295578
1694688284.7362826,3,0.8441625237464905
1694688348.4838028,4,0.8440039157867432
1694688419.638804,5,0.8438916206359863
1694688458.6111374,6,0.843932569026947
1694688501.0803325,7,0.8440449833869934
1694688559.8694856,8,0.8440436124801636
1694688584.044635,9,0.8440129160881042
1694688603.5151145,10,0.8440085649490356
