Wall time,Step,Value
1694690440.991753,0,0.844144880771637
1694690488.0541947,1,0.8453002572059631
1694690556.8194125,2,0.8454905152320862
1694690656.2866795,3,0.8457605838775635
1694690742.5147157,4,0.8460052609443665
1694690820.1637013,5,0.8461305499076843
1694690863.2985678,6,0.8461738228797913
1694690912.06915,7,0.8462575078010559
1694690959.8492181,8,0.8462787866592407
1694690979.4825604,9,0.8462919592857361
1694691000.200686,10,0.846267819404602
