Wall time,Step,Value
1694689257.3744636,1,0.014140760526061058
1694689342.5251503,2,0.013849115930497646
1694689399.470474,3,0.013707823120057583
1694689476.797058,4,0.01357931550592184
1694689569.9607818,5,0.013474731706082821
1694689650.6700284,6,0.013396430760622025
1694689713.979402,7,0.013314113952219486
1694689794.1964364,8,0.0132507449015975
1694689878.2089393,9,0.013177193701267242
1694689943.7198417,10,0.013113666325807571
