Wall time,Step,Value
1694687018.8701541,1,0.014167948625981808
1694687033.1299765,2,0.013925070874392986
1694687060.765492,3,0.013815759681165218
1694687093.897578,4,0.013711358420550823
1694687166.1107264,5,0.013621675781905651
1694687210.540302,6,0.013563640415668488
1694687246.0235188,7,0.013504337519407272
1694687304.0837214,8,0.013455204665660858
1694687330.6419451,9,0.013403049670159817
1694687381.0029767,10,0.013360017910599709
