Wall time,Step,Value
1694690575.7034876,1,0.007875262759625912
1694690676.6283941,2,0.007643507793545723
1694690773.3817399,3,0.0075326766818761826
1694690867.3780825,4,0.007414910010993481
1694690924.057854,5,0.007330142427235842
1694690972.6755157,6,0.0072341118939220905
1694691002.9180508,7,0.007162875030189753
1694691028.553831,8,0.007123738061636686
1694691047.3600256,9,0.007053793407976627
1694691072.9486473,10,0.007005318533629179
