Wall time,Step,Value
1694690448.0406349,1,0.007538043428212404
1694690496.4126463,2,0.007240585517138243
1694690565.1149683,3,0.006986824795603752
1694690665.9289653,4,0.006830823142081499
1694690751.4446366,5,0.006695970892906189
1694690826.293704,6,0.006585757248103619
1694690867.5275574,7,0.006477050483226776
1694690915.5895908,8,0.006383253261446953
1694690963.3840334,9,0.006303052883595228
1694690983.2997098,10,0.006234344560652971
