Wall time,Step,Value
1694690311.1257894,0,0.006152064073830843
1694690333.6405218,1,0.0060631451196968555
1694690394.333124,2,0.006085225380957127
1694690443.8595667,3,0.006083414889872074
1694690497.3713574,4,0.00606544828042388
1694690537.3022137,5,0.006053074728697538
1694690573.2434447,6,0.006058393511921167
1694690617.3497646,7,0.006068385671824217
1694690687.3721776,8,0.006081336177885532
1694690736.0530229,9,0.006091041024774313
1694690780.7817519,10,0.006092140916734934
