Wall time,Step,Value
1694687169.157919,1,0.009463930502533913
1694687256.098259,2,0.009161488153040409
1694687324.9412777,3,0.0089866416528821
1694687396.295706,4,0.008866495452821255
1694687455.796398,5,0.008749382570385933
1694687506.2858732,6,0.008644765242934227
1694687549.3544543,7,0.00856082420796156
1694687615.6163368,8,0.008481440134346485
1694687662.355416,9,0.00840398296713829
1694687675.6106055,10,0.008330811746418476
