Wall time,Step,Value
1694690399.4244957,1,0.005619450006633997
1694690447.8119109,2,0.00539964297786355
1694690542.420838,3,0.005255534313619137
1694690626.2005174,4,0.005138805601745844
1694690751.6582663,5,0.005026520695537329
1694690829.712349,6,0.004950238857418299
1694690890.931957,7,0.004879845306277275
1694690912.4218931,8,0.004803978372365236
1694690938.7846959,9,0.004734409507364035
1694690958.7735934,10,0.004685199353843927
