Wall time,Step,Value
1694688008.2092667,0,0.8433136343955994
1694688035.5864673,1,0.8438194990158081
1694688062.0966914,2,0.8441098928451538
1694688094.0333428,3,0.8441864252090454
1694688136.7302263,4,0.8440387845039368
1694688182.849088,5,0.8438847064971924
1694688231.29557,6,0.843791127204895
1694688277.2647853,7,0.8437541723251343
1694688353.3380513,8,0.8436747193336487
1694688426.7790306,9,0.8436005115509033
1694688473.5645173,10,0.8435407280921936
