Wall time,Step,Value
1694688118.186153,1,0.005503441672772169
1694688163.885363,2,0.005320752039551735
1694688214.1300414,3,0.005187229253351688
1694688262.7019663,4,0.005098079331219196
1694688300.3505113,5,0.005000332836061716
1694688338.3749099,6,0.004928823094815016
1694688379.218136,7,0.0048722270876169205
1694688426.9731271,8,0.004804627504199743
1694688472.5209644,9,0.004758438095450401
1694688506.0235522,10,0.004710474517196417
