Wall time,Step,Value
1694690567.812057,0,34.37095260620117
1694690665.9396613,1,34.3897705078125
1694690762.136909,2,34.42097473144531
1694690862.4240406,3,34.43476486206055
1694690918.5544312,4,34.40873336791992
1694690968.9543073,5,34.422542572021484
1694691000.8329048,6,34.41508483886719
1694691025.7509186,7,34.41805648803711
1694691044.7370744,8,34.434146881103516
1694691069.5621054,9,34.41960144042969
1694691090.325974,10,34.4193229675293
