Wall time,Step,Value
1694689271.7994642,0,0.8684050440788269
1694689348.929908,1,0.8685231804847717
1694689424.3142648,2,0.8683271408081055
1694689496.4284244,3,0.8683121204376221
1694689530.8403902,4,0.8681661486625671
1694689611.0140066,5,0.868107259273529
1694689672.902208,6,0.8680368661880493
1694689720.9330368,7,0.8679792881011963
1694689787.7102153,8,0.867992103099823
1694689859.062801,9,0.8679409027099609
1694689924.8244476,10,0.8678789138793945
