Wall time,Step,Value
1694688123.1275883,1,0.005655607208609581
1694688179.4141004,2,0.005430042743682861
1694688256.250533,3,0.005288874264806509
1694688291.3892155,4,0.00519514037296176
1694688357.490636,5,0.005104915238916874
1694688425.0290236,6,0.005041535943746567
1694688466.532149,7,0.004987209569662809
1694688505.4046888,8,0.0049280403181910515
1694688563.5556512,9,0.004870200529694557
1694688587.0421493,10,0.0048300581984221935
