Wall time,Step,Value
1694687140.292903,0,34.37095260620117
1694687191.8242717,1,34.414039611816406
1694687263.908757,2,34.43336486816406
1694687326.1301308,3,34.441532135009766
1694687354.5010514,4,34.445716857910156
1694687426.0002332,5,34.44652557373047
1694687469.0564816,6,34.44516372680664
1694687509.306992,7,34.43831253051758
1694687548.5879636,8,34.43526840209961
1694687614.2365854,9,34.43095397949219
1694687659.260905,10,34.422401428222656
