Wall time,Step,Value
1694698444.4225528,0,0.844144880771637
1694698500.9925995,1,0.8451095819473267
1694698583.0233495,2,0.8450096249580383
1694698631.7993684,3,0.8451879620552063
1694698688.3908787,4,0.8452200293540955
1694698766.9846096,5,0.8448706865310669
1694698852.2900703,6,0.8447054028511047
1694698949.090393,7,0.8448260426521301
1694699010.2163444,8,0.8449705839157104
1694699072.122502,9,0.844658374786377
1694699115.0407827,10,0.844619631767273
