Wall time,Step,Value
1694690567.812111,0,0.8675985932350159
1694690665.939683,1,0.867797315120697
1694690762.1369493,2,0.8681393265724182
1694690862.4240704,3,0.8683356046676636
1694690918.5544612,4,0.8682048320770264
1694690968.95433,5,0.8682268857955933
1694691000.8329213,6,0.8681589365005493
1694691025.7509396,7,0.8681617975234985
1694691044.737098,8,0.8682469129562378
1694691069.5621285,9,0.8681946992874146
1694691090.3259912,10,0.8681681752204895
