Wall time,Step,Value
1694689276.1692474,0,34.417415618896484
1694689359.8036692,1,34.43381881713867
1694689451.5265446,2,34.44523620605469
1694689542.8704476,3,34.45491409301758
1694689589.3378487,4,34.45817184448242
1694689683.28492,5,34.45853805541992
1694689747.4571986,6,34.45842742919922
1694689782.1748955,7,34.45265579223633
1694689860.8297405,8,34.447486877441406
1694689925.8756127,9,34.44123458862305
1694689980.2239273,10,34.433990478515625
