Wall time,Step,Value
1694689267.791002,0,0.8684050440788269
1694689359.9678504,1,0.868274986743927
1694689436.1863396,2,0.8682703375816345
1694689500.2012923,3,0.8683930039405823
1694689586.3685267,4,0.868410587310791
1694689663.907377,5,0.868447482585907
1694689727.1647658,6,0.8684505224227905
1694689808.850968,7,0.8685673475265503
1694689895.1149597,8,0.8686731457710266
1694689943.7000964,9,0.8686239123344421
1694689973.1537883,10,0.8685253858566284
