Wall time,Step,Value
1694689276.1692836,0,0.8684050440788269
1694689359.8036911,1,0.8682532906532288
1694689451.5265658,2,0.8683570623397827
1694689542.8704872,3,0.868419349193573
1694689589.3378892,4,0.868410587310791
1694689683.2849443,5,0.8683971762657166
1694689747.457236,6,0.8683536648750305
1694689782.174928,7,0.8683302998542786
1694689860.8297634,8,0.8683110475540161
1694689925.8756301,9,0.868308961391449
1694689980.2239716,10,0.8682428598403931
