Wall time,Step,Value
1694690352.2424924,0,32.616310119628906
1694690393.681516,1,32.6735954284668
1694690445.5435805,2,32.69163513183594
1694690496.7918031,3,32.69048309326172
1694690537.9618738,4,32.692081451416016
1694690570.9494119,5,32.68739318847656
1694690611.7415793,6,32.678977966308594
1694690653.4520874,7,32.675418853759766
1694690699.9537606,8,32.67148971557617
1694690743.908954,9,32.6639289855957
1694690791.6174686,10,32.660091400146484
