Wall time,Step,Value
1694690390.8198214,0,0.844144880771637
1694690439.8808424,1,0.8447801470756531
1694690538.3678267,2,0.8449504971504211
1694690619.2466192,3,0.8451058864593506
1694690743.9648461,4,0.8453087210655212
1694690824.7645748,5,0.8453598618507385
1694690885.8423429,6,0.8454621434211731
1694690908.5436506,7,0.8455710411071777
1694690934.2092097,8,0.8455735445022583
1694690955.5571926,9,0.8455230593681335
1694690992.459938,10,0.8455154895782471
