Wall time,Step,Value
1694690311.1258168,0,32.616310119628906
1694690333.6405506,1,32.6803092956543
1694690394.333154,2,32.66133499145508
1694690443.859641,3,32.66155242919922
1694690497.3713875,4,32.674800872802734
1694690537.3022377,5,32.683902740478516
1694690573.2434824,6,32.67989730834961
1694690617.349835,7,32.67251205444336
1694690687.3722045,8,32.66299057006836
1694690736.053062,9,32.655818939208984
1694690780.7817922,10,32.65542984008789
