Wall time,Step,Value
1694690440.991726,0,32.616310119628906
1694690488.054114,1,32.701995849609375
1694690556.8193924,2,32.70549011230469
1694690656.2866514,3,32.7101936340332
1694690742.5146909,4,32.711952209472656
1694690820.163674,5,32.71236801147461
1694690863.2985456,6,32.71721649169922
1694690912.0690928,7,32.71836853027344
1694690959.8491936,8,32.7171516418457
1694690979.4825408,9,32.713375091552734
1694691000.2006614,10,32.70949172973633
