Wall time,Step,Value
1694687081.5187764,0,0.8675985932350159
1694687114.3619356,1,0.8682811260223389
1694687160.2685444,2,0.8685646057128906
1694687250.0524795,3,0.8686877489089966
1694687311.4591043,4,0.8687096238136292
1694687356.648811,5,0.8686498999595642
1694687396.786016,6,0.8685662150382996
1694687455.4018633,7,0.8685756325721741
1694687498.5656238,8,0.8685773611068726
1694687541.797379,9,0.8685464859008789
1694687600.2492118,10,0.8684931397438049
