Wall time,Step,Value
1694687974.1331043,1,0.006145178806036711
1694687994.454512,2,0.005892835557460785
1694688019.1135435,3,0.005760572385042906
1694688046.9645371,4,0.005649950820952654
1694688081.3488226,5,0.005559212993830442
1694688130.3906648,6,0.005478328559547663
1694688182.0655434,7,0.005397845525294542
1694688232.8925493,8,0.005341125652194023
1694688285.8107293,9,0.005282792262732983
1694688321.1128876,10,0.005227860063314438
