Wall time,Step,Value
1694696055.7843757,0,0.8433136343955994
1694696089.1592748,1,0.8450098633766174
1694696140.364807,2,0.8450692892074585
1694696192.4960973,3,0.8452229499816895
1694696236.4244497,4,0.8453102111816406
1694696322.348604,5,0.8450050354003906
1694696369.2106051,6,0.8447224497795105
1694696402.578106,7,0.845268189907074
1694696484.878043,8,0.8452479243278503
1694696554.9746108,9,0.8450574278831482
1694696657.5156152,10,0.8449475765228271
