Wall time,Step,Value
1694687971.0086815,0,0.8433136343955994
1694687991.2076972,1,0.8437642455101013
1694688016.250557,2,0.8437811732292175
1694688043.0424647,3,0.8438718914985657
1694688074.2882245,4,0.8438262343406677
1694688121.4283955,5,0.8438093662261963
1694688171.1373868,6,0.8438354134559631
1694688222.6634805,7,0.8437883257865906
1694688276.6170907,8,0.8438171744346619
1694688314.2809327,9,0.8437706232070923
1694688355.450097,10,0.8437113761901855
