Wall time,Step,Value
1694688008.2092466,0,32.60531234741211
1694688035.5864499,1,32.62821578979492
1694688062.0966685,2,32.63716125488281
1694688094.033323,3,32.63474655151367
1694688136.730206,4,32.614234924316406
1694688182.8490665,5,32.60980987548828
1694688231.2955496,6,32.60481643676758
1694688277.264746,7,32.60594177246094
1694688353.3380282,8,32.60519790649414
1694688426.7790112,9,32.59571838378906
1694688473.5644922,10,32.59248733520508
