Wall time,Step,Value
1694689249.733152,0,34.417415618896484
1694689335.4281094,1,34.429073333740234
1694689394.8799846,2,34.44615173339844
1694689468.0501063,3,34.44184875488281
1694689561.7145927,4,34.43692398071289
1694689645.1869106,5,34.43608474731445
1694689708.7653332,6,34.43939208984375
1694689786.810721,7,34.430702209472656
1694689870.887055,8,34.41423797607422
1694689937.5450284,9,34.402950286865234
1694689988.176762,10,34.402488708496094
