Wall time,Step,Value
1694698443.6008286,0,0.8684050440788269
1694698551.9703186,1,0.8685925006866455
1694698690.6921918,2,0.8683141469955444
1694698796.5140848,3,0.8684270977973938
1694698893.8860714,4,0.8685460686683655
1694698972.2791483,5,0.8680984377861023
1694699050.7152364,6,0.8683087229728699
1694699134.2418785,7,0.8684452176094055
1694699227.6279657,8,0.8682193756103516
1694699312.4666007,9,0.8684468269348145
1694699363.4995823,10,0.868079423904419
