Wall time,Step,Value
1694688111.7589662,0,32.60531234741211
1694688156.2815897,1,32.655330657958984
1694688204.8613381,2,32.64891052246094
1694688257.1819289,3,32.636009216308594
1694688294.5835948,4,32.63833999633789
1694688330.939565,5,32.64564895629883
1694688373.1720026,6,32.64826202392578
1694688421.1463587,7,32.64034652709961
1694688466.7038462,8,32.630123138427734
1694688503.2148752,9,32.61990737915039
1694688536.233732,10,32.617835998535156
