Wall time,Step,Value
1694690399.586891,0,0.844144880771637
1694690444.8371384,1,0.8449023962020874
1694690532.2944772,2,0.8451747298240662
1694690600.0864277,3,0.845349133014679
1694690643.488794,4,0.8453342914581299
1694690680.9629016,5,0.845330536365509
1694690727.5670993,6,0.845274806022644
1694690801.6176493,7,0.8452614545822144
1694690866.0712721,8,0.8452162146568298
1694690907.6406538,9,0.8451496362686157
1694690934.3401954,10,0.8451006412506104
