Wall time,Step,Value
1694688116.4624982,0,0.006154797039926052
1694688168.2270463,1,0.006115118972957134
1694688244.4975164,2,0.0060725342482328415
1694688284.7362084,3,0.006061252672225237
1694688348.4837537,4,0.006069828290492296
1694688419.6387494,5,0.00607433682307601
1694688458.6110764,6,0.0060783508233726025
1694688501.0802832,7,0.0060812933370471
1694688559.8694375,8,0.0060937730595469475
1694688584.0445092,9,0.0060957688838243484
1694688603.515066,10,0.006098477635532618
