Wall time,Step,Value
1694690357.5765595,1,0.0056509776040911674
1694690400.9990716,2,0.005336197558790445
1694690452.9540908,3,0.005171423777937889
1694690500.6284873,4,0.00505701033398509
1694690542.8516452,5,0.004892135504633188
1694690576.5152206,6,0.004807231482118368
1694690618.9700263,7,0.00469930749386549
1694690661.9413311,8,0.00460122711956501
1694690707.190246,9,0.004535279702395201
1694690750.3009326,10,0.004449157975614071
