Wall time,Step,Value
1694696055.7843297,0,0.006154797039926052
1694696089.159225,1,0.005997893866151571
1694696140.3647578,2,0.005988691467791796
1694696192.4960518,3,0.006007764022797346
1694696236.4244068,4,0.006005209404975176
1694696322.3485067,5,0.006044045556336641
1694696369.2105563,6,0.006058930419385433
1694696402.5780435,7,0.006022615823894739
1694696484.877978,8,0.006015429273247719
1694696554.9745297,9,0.006039634812623262
1694696657.5155668,10,0.00600796053186059
