Wall time,Step,Value
1694689249.7331257,0,0.008410893380641937
1694689335.4280808,1,0.008384507149457932
1694689394.879953,2,0.008356882259249687
1694689468.050053,3,0.008365174755454063
1694689561.7145433,4,0.008373325690627098
1694689645.1868877,5,0.008374784141778946
1694689708.7652857,6,0.008372443728148937
1694689786.8106894,7,0.00838716421276331
1694689870.8870287,8,0.008414524607360363
1694689937.5450058,9,0.008434231393039227
1694689988.1767435,10,0.008435437455773354
