Wall time,Step,Value
1694687017.009019,0,34.37095260620117
1694687031.4900808,1,34.353599548339844
1694687056.4619493,2,34.397178649902344
1694687089.2709076,3,34.42292785644531
1694687159.2305083,4,34.421695709228516
1694687203.5647275,5,34.421688079833984
1694687242.1168678,6,34.422828674316406
1694687298.4801004,7,34.41725540161133
1694687325.6694648,8,34.412933349609375
1694687372.318712,9,34.4083137512207
1694687413.950795,10,34.40666961669922
