Wall time,Step,Value
1694689266.3402915,0,0.8684050440788269
1694689304.1334658,1,0.8684478998184204
1694689339.3476899,2,0.8685114979743958
1694689399.6687834,3,0.8684789538383484
1694689480.9291787,4,0.8685352206230164
1694689572.5287657,5,0.8685764074325562
1694689640.2284813,6,0.8686040043830872
1694689705.6534646,7,0.8686069250106812
1694689787.4965608,8,0.8686018586158752
1694689856.5657098,9,0.8685753345489502
1694689913.687474,10,0.8685618042945862
