Wall time,Step,Value
1694690352.2424548,0,0.006152064073830843
1694690393.6814795,1,0.0060732681304216385
1694690445.5435581,2,0.006046133115887642
1694690496.7917807,3,0.006046350114047527
1694690537.961828,4,0.0060457088984549046
1694690570.9493766,5,0.006052620708942413
1694690611.7415493,6,0.006064306013286114
1694690653.452059,7,0.006068661343306303
1694690699.953735,8,0.006073021329939365
1694690743.9088492,9,0.006083050277084112
1694690791.617419,10,0.006088195368647575
