Wall time,Step,Value
1694698444.4225087,0,0.006152064073830843
1694698500.9925573,1,0.006067243404686451
1694698583.0232973,2,0.006073119584470987
1694698631.7993016,3,0.0060701193287968636
1694698688.3908367,4,0.006088279653340578
1694698766.9844902,5,0.006119196768850088
1694698852.2900243,6,0.0061021652072668076
1694698949.0903442,7,0.006119854748249054
1694699010.2163053,8,0.006097848527133465
1694699072.1224418,9,0.006127535831183195
1694699115.040716,10,0.00611639441922307
