Wall time,Step,Value
1694690399.5868447,0,0.006152064073830843
1694690444.8370643,1,0.0060434965416789055
1694690532.2944024,2,0.0060239797458052635
1694690600.0863762,3,0.0060155983082950115
1694690643.4886768,4,0.006021993700414896
1694690680.962822,5,0.006024319212883711
1694690727.5670524,6,0.0060252416878938675
1694690801.617606,7,0.0060368794947862625
1694690866.0712135,8,0.0060466593131423
1694690907.6405776,9,0.006059680134057999
1694690934.3401294,10,0.0060651968233287334
