Wall time,Step,Value
1694689249.733173,0,0.8684050440788269
1694689335.4281347,1,0.8682290315628052
1694689394.8800135,2,0.8683528900146484
1694689468.0501392,3,0.8682590126991272
1694689561.7146308,4,0.8681159615516663
1694689645.1869323,5,0.8680381774902344
1694689708.765405,6,0.8680600523948669
1694689786.8107493,7,0.867897629737854
1694689870.8870778,8,0.867692232131958
1694689937.5450485,9,0.867568850517273
1694689988.176779,10,0.8675219416618347
