Wall time,Step,Value
1694688012.5176315,1,0.00567430118098855
1694688037.9309018,2,0.005398213397711515
1694688064.8377955,3,0.005228714551776648
1694688100.172337,4,0.005140273831784725
1694688146.7885447,5,0.004997135140001774
1694688192.140667,6,0.004918607417494059
1694688240.1051767,7,0.0048249890096485615
1694688285.5863526,8,0.004742946941405535
1694688359.287793,9,0.004684402607381344
1694688434.1153617,10,0.004609317984431982
