Wall time,Step,Value
1694687140.292826,0,0.008473319932818413
1694687191.8242426,1,0.008397218771278858
1694687263.908728,2,0.0083574578166008
1694687326.1300938,3,0.008342744782567024
1694687354.5010295,4,0.008335638791322708
1694687426.0002081,5,0.00833459384739399
1694687469.0564492,6,0.008337069302797318
1694687509.3068967,7,0.008347570896148682
1694687548.5879226,8,0.008352825418114662
1694687614.2365358,9,0.008360563777387142
1694687659.2608778,10,0.008375485427677631
