Wall time,Step,Value
1694687160.6602583,0,34.37095260620117
1694687248.28647,1,34.42589569091797
1694687318.88922,2,34.43473815917969
1694687387.0267015,3,34.42777633666992
1694687449.9171183,4,34.429954528808594
1694687501.2974024,5,34.43075180053711
1694687542.7401447,6,34.432220458984375
1694687614.1257899,7,34.429840087890625
1694687660.6374278,8,34.422237396240234
1694687674.050529,9,34.414939880371094
1694687690.952486,10,34.407508850097656
