Wall time,Step,Value
1694688150.5446208,0,0.006154797039926052
1694688204.474057,1,0.006083750165998936
1694688257.3110192,2,0.006083212792873383
1694688294.1249323,3,0.006088225170969963
1694688333.496997,4,0.006091066636145115
1694688378.4864774,5,0.006090913899242878
1694688420.941318,6,0.0060882773250341415
1694688467.3860216,7,0.006085987668484449
1694688505.1258914,8,0.006089287344366312
1694688536.4846563,9,0.006092969793826342
1694688564.06106,10,0.0060953060165047646
