Wall time,Step,Value
1694689267.7909806,0,34.417415618896484
1694689359.9678335,1,34.39976501464844
1694689436.1863225,2,34.42277526855469
1694689500.201271,3,34.453941345214844
1694689586.3685002,4,34.45539093017578
1694689663.907348,5,34.45688247680664
1694689727.1647375,6,34.447486877441406
1694689808.8509338,7,34.45537185668945
1694689895.1149366,8,34.46918487548828
1694689943.700075,9,34.46004867553711
1694689973.1536407,10,34.44839096069336
