Wall time,Step,Value
1694687140.2929487,0,0.8675985932350159
1694687191.824297,1,0.8675598502159119
1694687263.908783,2,0.8678609132766724
1694687326.1301658,3,0.8680164217948914
1694687354.5010698,4,0.8680564165115356
1694687426.000257,5,0.8680217266082764
1694687469.05651,6,0.8679217100143433
1694687509.3070338,7,0.8678644895553589
1694687548.5879972,8,0.8678386211395264
1694687614.2366297,9,0.8678687810897827
1694687659.2609303,10,0.8678188323974609
