Wall time,Step,Value
1694687971.008564,0,0.006154797039926052
1694687991.2076452,1,0.006104066502302885
1694688016.2505143,2,0.006116480100899935
1694688043.0424037,3,0.006111657712608576
1694688074.2881737,4,0.006108077242970467
1694688121.4283154,5,0.0061028460040688515
1694688171.1373277,6,0.006114156451076269
1694688222.6634376,7,0.006120057310909033
1694688276.6170197,8,0.006126550957560539
1694688314.2808402,9,0.006132310256361961
1694688355.4500299,10,0.0061379591934382915
