Wall time,Step,Value
1694687081.5187528,0,34.37095260620117
1694687114.361914,1,34.42530059814453
1694687160.2685215,2,34.43217468261719
1694687250.0524511,3,34.43191146850586
1694687311.4590735,4,34.42913818359375
1694687356.6487672,5,34.42176818847656
1694687396.7859926,6,34.41366195678711
1694687455.401842,7,34.408424377441406
1694687498.5656016,8,34.40730667114258
1694687541.7973533,9,34.40287780761719
1694687600.249186,10,34.39414978027344
