Wall time,Step,Value
1694689285.4366298,1,0.007325284648686647
1694689365.1666894,2,0.007058099377900362
1694689458.83489,3,0.006863760761916637
1694689550.0953755,4,0.006705597974359989
1694689595.3624973,5,0.006569954100996256
1694689688.1142976,6,0.006444068159908056
1694689752.8743994,7,0.006345289759337902
1694689787.286239,8,0.006232183426618576
1694689865.0611045,9,0.006142635364085436
1694689930.8995197,10,0.006058530416339636
