Wall time,Step,Value
1694687160.6602836,0,0.8675985932350159
1694687248.2864916,1,0.868099570274353
1694687318.889244,2,0.8682544827461243
1694687387.0267344,3,0.8682553768157959
1694687449.9171412,4,0.8681020736694336
1694687501.297423,5,0.8679249882698059
1694687542.74017,6,0.8678652048110962
1694687614.125816,7,0.8678765296936035
1694687660.6374452,8,0.8678604960441589
1694687674.0505574,9,0.8678234219551086
1694687690.9525456,10,0.8677586317062378
