Wall time,Step,Value
1694689271.7994196,0,0.008410893380641937
1694689348.9298375,1,0.008417136035859585
1694689424.3142204,2,0.008393539115786552
1694689496.428371,3,0.00837874785065651
1694689530.840338,4,0.00836914125829935
1694689611.0139492,5,0.008369605988264084
1694689672.9021578,6,0.008374011144042015
1694689720.9329548,7,0.008393659256398678
1694689787.7101052,8,0.008406002074480057
1694689859.0627415,9,0.008417127653956413
1694689924.8243995,10,0.008429943583905697
