Wall time,Step,Value
1694690311.1258423,0,0.844144880771637
1694690333.6405735,1,0.8447409868240356
1694690394.333179,2,0.8445081114768982
1694690443.8596644,3,0.8444952964782715
1694690497.371412,4,0.8446094393730164
1694690537.3022592,5,0.844750702381134
1694690573.2435145,6,0.8448575139045715
1694690617.3498628,7,0.8448467254638672
1694690687.3722284,8,0.8448284268379211
1694690736.0530834,9,0.844732940196991
1694690780.7818232,10,0.844688892364502
