Wall time,Step,Value
1694688116.4625878,0,32.60531234741211
1694688168.227069,1,32.63663101196289
1694688244.497557,2,32.666133880615234
1694688284.7362459,3,32.67426300048828
1694688348.4837787,4,32.66931915283203
1694688419.6387782,5,32.66643524169922
1694688458.6111104,6,32.66400146484375
1694688501.0803113,7,32.66190719604492
1694688559.869463,8,32.65355682373047
1694688584.0445633,9,32.6522216796875
1694688603.515091,10,32.650245666503906
