Wall time,Step,Value
1694689273.0454936,1,0.007850001566112041
1694689364.0282137,2,0.007591115310788155
1694689441.5643277,3,0.0074538481421768665
1694689507.3008685,4,0.007295094896107912
1694689593.270113,5,0.00720745325088501
1694689668.5509849,6,0.00709524704143405
1694689732.0810328,7,0.007012795191258192
1694689815.6135101,8,0.006958902347832918
1694689903.6318226,9,0.0068765077739953995
1694689948.8019912,10,0.006822488270699978
