Wall time,Step,Value
1694687089.370218,1,0.011887697502970695
1694687121.2268832,2,0.011598831042647362
1694687166.7452378,3,0.011383038014173508
1694687256.6323225,4,0.011226620525121689
1694687315.822795,5,0.011079646646976471
1694687361.1212234,6,0.010968365706503391
1694687405.4116614,7,0.010867243632674217
1694687461.086512,8,0.010762172751128674
1694687505.2745543,9,0.010658838786184788
1694687544.976782,10,0.010590837337076664
