Wall time,Step,Value
1694688150.5447412,0,0.8433136343955994
1694688204.4741921,1,0.8442116379737854
1694688257.3110654,2,0.8444052338600159
1694688294.1249766,3,0.84462571144104
1694688333.497059,4,0.844691276550293
1694688378.4865236,5,0.8446906805038452
1694688420.9413624,6,0.8446654677391052
1694688467.3860781,7,0.8447210192680359
1694688505.1259334,8,0.8447651267051697
1694688536.4847083,9,0.8448055386543274
1694688564.0611036,10,0.8448253273963928
