Wall time,Step,Value
1694687017.0090783,0,0.8675985932350159
1694687031.4900987,1,0.8673110008239746
1694687056.4619675,2,0.8676837086677551
1694687089.2709296,3,0.8679144978523254
1694687159.230529,4,0.867764413356781
1694687203.5647519,5,0.8677106499671936
1694687242.11689,6,0.8676819205284119
1694687298.4801219,7,0.8675202131271362
1694687325.6694975,8,0.8674399256706238
1694687372.3187637,9,0.8673533201217651
1694687413.9508157,10,0.8672448396682739
