Wall time,Step,Value
1694690399.5868695,0,32.616310119628906
1694690444.8371072,1,32.694091796875
1694690532.2944438,2,32.708099365234375
1694690600.0864038,3,32.71455383300781
1694690643.4887593,4,32.7093505859375
1694690680.9628649,5,32.707340240478516
1694690727.5670779,6,32.70636749267578
1694690801.6176288,7,32.697479248046875
1694690866.0712352,8,32.69016647338867
1694690907.640624,9,32.680423736572266
1694690934.3401642,10,32.676300048828125
