Wall time,Step,Value
1694689266.3402426,0,0.008410893380641937
1694689304.133412,1,0.00840812735259533
1694689339.3476303,2,0.008401209488511086
1694689399.6687396,3,0.008425641804933548
1694689480.929133,4,0.008424574509263039
1694689572.5287073,5,0.008418502286076546
1694689640.2284458,6,0.008419552817940712
1694689705.6534255,7,0.008435988798737526
1694689787.4965086,8,0.008448991924524307
1694689856.565662,9,0.008461562916636467
1694689913.6874306,10,0.008481154218316078
