Wall time,Step,Value
1694688111.758805,0,0.006154797039926052
1694688156.2815669,1,0.006086438894271851
1694688204.8612177,2,0.006096719764173031
1694688257.181901,3,0.006115037482231855
1694688294.5835679,4,0.006112105678766966
1694688330.9395406,5,0.006102061830461025
1694688373.1719604,6,0.006098370999097824
1694688421.1463308,7,0.00610940670594573
1694688466.7037568,8,0.0061239153146743774
1694688503.2148533,9,0.0061381906270980835
1694688536.2337089,10,0.0061408053152263165
