Wall time,Step,Value
1694690314.607618,1,0.00608253525570035
1694690337.141986,2,0.005800226703286171
1694690401.5314415,3,0.005665816366672516
1694690452.3015742,4,0.005533179733902216
1694690502.9568534,5,0.005414364859461784
1694690543.1171696,6,0.005321824923157692
1694690578.2023466,7,0.005229708272963762
1694690624.2978923,8,0.005160724278539419
1694690695.2539918,9,0.005092470441013575
1694690743.8450432,10,0.005023154430091381
