Wall time,Step,Value
1694687017.0089529,0,0.008473319932818413
1694687031.4900608,1,0.008492650464177132
1694687056.4619298,2,0.008416609838604927
1694687089.270883,3,0.008371029049158096
1694687159.230484,4,0.008373584598302841
1694687203.5647006,5,0.008374806493520737
1694687242.116843,6,0.008375034667551517
1694687298.4800768,7,0.008385883644223213
1694687325.6693835,8,0.00839153304696083
1694687372.318636,9,0.00839934777468443
1694687413.9507718,10,0.008403613232076168
