Wall time,Step,Value
1694687160.6602297,0,0.008473319932818413
1694687248.2864454,1,0.008379597216844559
1694687318.8891923,2,0.008356449194252491
1694687387.026659,3,0.008366435766220093
1694687449.9170926,4,0.008364233188331127
1694687501.297379,5,0.008366218768060207
1694687542.7401145,6,0.00836589653044939
1694687614.125761,7,0.00837068259716034
1694687660.637408,8,0.008383700624108315
1694687674.0504975,9,0.008395916782319546
1694687690.9524207,10,0.008408579975366592
